
==== build-current-bench-binaries rc=0 wall=23.934


==== money-real/moscow-100/dump rc=0 wall=0.003


==== money-real/moscow-100/commiv/fleetmin rc=0 wall=30.034
instance,n_pairs,vehicles,dist_sec,dur_sec,service_sec,wait_sec,usd_total,ms
moscow-100,49,3,56186,85586,29400,0,1117.93,30032


==== money-real/moscow-100/commiv/plain rc=0 wall=30.023
instance,n_pairs,vehicles,dist_sec,dur_sec,service_sec,wait_sec,usd_total,ms
moscow-100,49,3,56158,85558,29400,0,1117.60,30021


==== money-real/moscow-100/vroom rc=0 wall=1.505
moscow-100,49,3,57289,87071,382,1135.18,0,1.5


==== money-real/moscow-100/vroom rc=0 wall=1.473
moscow-100,49,3,57289,87071,382,1135.18,0,1.4


==== money-real/nyc-100/dump rc=0 wall=0.002


==== money-real/nyc-100/commiv/fleetmin rc=0 wall=30.020
instance,n_pairs,vehicles,dist_sec,dur_sec,service_sec,wait_sec,usd_total,ms
nyc-100,49,3,48241,77784,29400,143,1024.09,30018


==== money-real/nyc-100/commiv/plain rc=0 wall=30.033
instance,n_pairs,vehicles,dist_sec,dur_sec,service_sec,wait_sec,usd_total,ms
nyc-100,49,3,48615,78015,29400,0,1027.08,30030


==== money-real/nyc-100/vroom rc=0 wall=1.302
nyc-100,49,3,47729,80697,3568,1053.91,0,1.3


==== money-real/moscow-1000/dump rc=0 wall=0.046


==== money-real/moscow-1000/commiv/fleetmin rc=0 wall=61.210
instance,n_pairs,vehicles,dist_sec,dur_sec,service_sec,wait_sec,usd_total,ms
moscow-1000,499,28,491246,790950,299400,304,10301.84,61188


==== money-real/moscow-1000/commiv/plain rc=0 wall=60.957
instance,n_pairs,vehicles,dist_sec,dur_sec,service_sec,wait_sec,usd_total,ms
moscow-1000,499,28,495429,794829,299400,0,10348.85,60935


==== money-real/moscow-1000/vroom rc=0 wall=75.676
moscow-1000,499,29,472079,833564,62085,10765.54,0,75.6


==== money-real/nyc-1000/dump rc=0 wall=0.046


==== money-real/nyc-1000/commiv/fleetmin rc=0 wall=61.165
instance,n_pairs,vehicles,dist_sec,dur_sec,service_sec,wait_sec,usd_total,ms
nyc-1000,499,24,360077,659582,299400,105,8545.73,61143


==== money-real/nyc-1000/commiv/plain rc=0 wall=61.030
instance,n_pairs,vehicles,dist_sec,dur_sec,service_sec,wait_sec,usd_total,ms
nyc-1000,499,24,379506,679166,299400,260,8780.50,61008


==== money-real/nyc-1000/vroom rc=0 wall=77.259
nyc-1000,499,25,355190,685495,30905,8855.48,0,77.1


==== money-real/moscow-2000/dump rc=0 wall=0.173


==== money-real/moscow-2000/commiv/fleetmin rc=0 wall=124.427
instance,n_pairs,vehicles,dist_sec,dur_sec,service_sec,wait_sec,usd_total,ms
moscow-2000,999,54,948358,1547822,599400,64,20104.67,124350


==== money-real/moscow-2000/commiv/plain rc=0 wall=124.580
instance,n_pairs,vehicles,dist_sec,dur_sec,service_sec,wait_sec,usd_total,ms
moscow-2000,999,56,988865,1588503,599400,238,20682.58,124501


==== money-real/moscow-2000/vroom rc=0 wall=205.953
moscow-2000,999,53,881256,1534177,53521,19815.74,0,205.5


==== money-real/nyc-2000/dump rc=0 wall=0.167


==== money-real/nyc-2000/commiv/fleetmin rc=0 wall=125.225
instance,n_pairs,vehicles,dist_sec,dur_sec,service_sec,wait_sec,usd_total,ms
nyc-2000,999,47,723801,1323280,599400,79,17095.14,125149


==== money-real/nyc-2000/commiv/plain rc=0 wall=124.849
instance,n_pairs,vehicles,dist_sec,dur_sec,service_sec,wait_sec,usd_total,ms
nyc-2000,999,48,739562,1339107,599400,145,17329.97,124773


==== money-real/nyc-2000/vroom rc=0 wall=218.928
nyc-2000,999,48,679314,1331238,52524,17156.97,0,218.5


==== road/moscow-2000/commiv/s1 rc=0 wall=72.357
instance,dim,asym_mag,curl_frac,mean_ratio,native_cost,sym_cost,ignore_dir_penalty_pct,routes,ms
moscow-2000,2000,0.1109,0.7245,1.1137,360837,0,0.00,101,72228


==== road/moscow-2000/commiv/s2 rc=0 wall=71.875
instance,dim,asym_mag,curl_frac,mean_ratio,native_cost,sym_cost,ignore_dir_penalty_pct,routes,ms
moscow-2000,2000,0.1109,0.7245,1.1137,360823,0,0.00,101,71754


==== road/moscow-2000/commiv/s3 rc=0 wall=71.880
instance,dim,asym_mag,curl_frac,mean_ratio,native_cost,sym_cost,ignore_dir_penalty_pct,routes,ms
moscow-2000,2000,0.1109,0.7245,1.1137,361005,0,0.00,101,71758


==== road/moscow-2000/pyvrp wall=74.644
-- /home/grechman/cbench/venv/bin/python3 tools/competitors/pyvrp_road.py /home/grechman/commiv/vendor/road/moscow-2000.road cvrp 72 1
pyvrp,moscow-2000,cvrp,2000,365603,101,73.2,True

-- /home/grechman/cbench/venv/bin/python3 tools/competitors/pyvrp_road.py /home/grechman/commiv/vendor/road/moscow-2000.road cvrp 72 2
pyvrp,moscow-2000,cvrp,2000,365564,101,73.1,True

-- /home/grechman/cbench/venv/bin/python3 tools/competitors/pyvrp_road.py /home/grechman/commiv/vendor/road/moscow-2000.road cvrp 72 3
pyvrp,moscow-2000,cvrp,2000,365846,101,73.0,True


==== road/moscow-5000/commiv/s1 rc=0 wall=341.762
instance,dim,asym_mag,curl_frac,mean_ratio,native_cost,sym_cost,ignore_dir_penalty_pct,routes,ms
moscow-5000,5000,0.1087,0.7184,1.1121,764362,0,0.00,252,340188


==== road/moscow-5000/commiv/s2 rc=0 wall=340.222
instance,dim,asym_mag,curl_frac,mean_ratio,native_cost,sym_cost,ignore_dir_penalty_pct,routes,ms
moscow-5000,5000,0.1087,0.7184,1.1121,764362,0,0.00,252,338733


==== road/moscow-5000/commiv/s3 rc=0 wall=340.039
instance,dim,asym_mag,curl_frac,mean_ratio,native_cost,sym_cost,ignore_dir_penalty_pct,routes,ms
moscow-5000,5000,0.1087,0.7184,1.1121,764362,0,0.00,252,338538


==== road/moscow-5000/pyvrp wall=352.559
-- /home/grechman/cbench/venv/bin/python3 tools/competitors/pyvrp_road.py /home/grechman/commiv/vendor/road/moscow-5000.road cvrp 340 1
pyvrp,moscow-5000,cvrp,5000,771337,253,345.7,True

-- /home/grechman/cbench/venv/bin/python3 tools/competitors/pyvrp_road.py /home/grechman/commiv/vendor/road/moscow-5000.road cvrp 340 2
pyvrp,moscow-5000,cvrp,5000,770596,253,345.8,True

-- /home/grechman/cbench/venv/bin/python3 tools/competitors/pyvrp_road.py /home/grechman/commiv/vendor/road/moscow-5000.road cvrp 340 3
pyvrp,moscow-5000,cvrp,5000,769860,253,345.8,True


==== road/berlin-2000/commiv/s1 rc=0 wall=91.198
instance,dim,asym_mag,curl_frac,mean_ratio,native_cost,sym_cost,ignore_dir_penalty_pct,routes,ms
berlin-2000,2000,0.0591,0.7441,1.0607,163580,0,0.00,11,91080


==== road/berlin-2000/commiv/s2 rc=0 wall=92.795
instance,dim,asym_mag,curl_frac,mean_ratio,native_cost,sym_cost,ignore_dir_penalty_pct,routes,ms
berlin-2000,2000,0.0591,0.7441,1.0607,163527,0,0.00,11,92672


==== road/berlin-2000/commiv/s3 rc=0 wall=92.387
instance,dim,asym_mag,curl_frac,mean_ratio,native_cost,sym_cost,ignore_dir_penalty_pct,routes,ms
berlin-2000,2000,0.0591,0.7441,1.0607,163478,0,0.00,11,92262


==== road/berlin-2000/pyvrp wall=95.870
-- /home/grechman/cbench/venv/bin/python3 tools/competitors/pyvrp_road.py /home/grechman/commiv/vendor/road/berlin-2000.road cvrp 93 1
pyvrp,berlin-2000,cvrp,2000,165076,10,94.6,True

-- /home/grechman/cbench/venv/bin/python3 tools/competitors/pyvrp_road.py /home/grechman/commiv/vendor/road/berlin-2000.road cvrp 93 2
pyvrp,berlin-2000,cvrp,2000,163730,11,94.5,True

-- /home/grechman/cbench/venv/bin/python3 tools/competitors/pyvrp_road.py /home/grechman/commiv/vendor/road/berlin-2000.road cvrp 93 3
pyvrp,berlin-2000,cvrp,2000,163392,11,94.6,True


==== roadtw/moscow-2000/commiv/s1 rc=0 wall=61.663
moscow-2000,407127,102,61586


==== roadtw/moscow-2000/commiv/s2 rc=0 wall=62.218
moscow-2000,407127,102,62144


==== roadtw/moscow-2000/commiv/s3 rc=0 wall=62.790
moscow-2000,407127,102,62716


==== roadtw/moscow-2000/pyvrp wall=65.396
-- /home/grechman/cbench/venv/bin/python3 tools/competitors/pyvrp_road.py /home/grechman/commiv/vendor/road/moscow-2000.road vrptw 63 1
pyvrp,moscow-2000,vrptw,2000,413770,102,64.1,True

-- /home/grechman/cbench/venv/bin/python3 tools/competitors/pyvrp_road.py /home/grechman/commiv/vendor/road/moscow-2000.road vrptw 63 2
pyvrp,moscow-2000,vrptw,2000,415952,102,64.0,True

-- /home/grechman/cbench/venv/bin/python3 tools/competitors/pyvrp_road.py /home/grechman/commiv/vendor/road/moscow-2000.road vrptw 63 3
pyvrp,moscow-2000,vrptw,2000,414941,102,64.0,True


==== roadtw/nyc-2000/commiv/s1 rc=0 wall=208.585
nyc-2000,214934,34,208512


==== roadtw/nyc-2000/commiv/s2 rc=0 wall=205.727
nyc-2000,214934,34,205654


==== roadtw/nyc-2000/commiv/s3 rc=0 wall=205.868
nyc-2000,214934,34,205794


==== roadtw/nyc-2000/pyvrp wall=213.394
-- /home/grechman/cbench/venv/bin/python3 tools/competitors/pyvrp_road.py /home/grechman/commiv/vendor/road/nyc-2000.road vrptw 207 1
pyvrp,nyc-2000,vrptw,2000,215410,30,211.2,True

-- /home/grechman/cbench/venv/bin/python3 tools/competitors/pyvrp_road.py /home/grechman/commiv/vendor/road/nyc-2000.road vrptw 207 2
pyvrp,nyc-2000,vrptw,2000,215068,30,212.0,True

-- /home/grechman/cbench/venv/bin/python3 tools/competitors/pyvrp_road.py /home/grechman/commiv/vendor/road/nyc-2000.road vrptw 207 3
pyvrp,nyc-2000,vrptw,2000,216693,30,211.7,True


==== roadtw/berlin-2000/commiv/s1 rc=0 wall=204.551
berlin-2000,245813,35,204476


==== roadtw/berlin-2000/commiv/s2 rc=0 wall=205.458
berlin-2000,245605,35,205383


==== roadtw/berlin-2000/commiv/s3 rc=0 wall=204.424
berlin-2000,245605,35,204350


==== roadtw/berlin-2000/pyvrp wall=212.233
-- /home/grechman/cbench/venv/bin/python3 tools/competitors/pyvrp_road.py /home/grechman/commiv/vendor/road/berlin-2000.road vrptw 205 1
pyvrp,berlin-2000,vrptw,2000,248772,30,209.8,True

-- /home/grechman/cbench/venv/bin/python3 tools/competitors/pyvrp_road.py /home/grechman/commiv/vendor/road/berlin-2000.road vrptw 205 2
pyvrp,berlin-2000,vrptw,2000,249001,30,209.9,True

-- /home/grechman/cbench/venv/bin/python3 tools/competitors/pyvrp_road.py /home/grechman/commiv/vendor/road/berlin-2000.road vrptw 205 3
pyvrp,berlin-2000,vrptw,2000,248722,30,210.9,True


==== gh/c2_10_1/commiv/s1 rc=0 wall=44.884
instance,n,bks_veh,bks_dist,veh,dist,dist_gap_pct,ms,feasible,veh_match
c2_10_1,1000,30,16879.24,30,16879.27,0.000,44871,true,true
# mean dist gap over 1 vehicle-matched: 0.000%


==== gh/c2_10_1/commiv/s2 rc=0 wall=44.455
instance,n,bks_veh,bks_dist,veh,dist,dist_gap_pct,ms,feasible,veh_match
c2_10_1,1000,30,16879.24,30,16885.14,0.035,44449,true,true
# mean dist gap over 1 vehicle-matched: 0.035%


==== gh/c2_10_1/commiv/s3 rc=0 wall=45.557
instance,n,bks_veh,bks_dist,veh,dist,dist_gap_pct,ms,feasible,veh_match
c2_10_1,1000,30,16879.24,30,16888.05,0.052,45551,true,true
# mean dist gap over 1 vehicle-matched: 0.052%


==== gh/c2_10_1/pyvrp wall=45.620
-- /home/grechman/cbench/venv/bin/python3 /home/grechman/campaign/scripts/pyvrp_solomon.py /home/grechman/commiv-perf/vendor/vrptw/gh/c2_10_1.txt 45 1
pyvrp,c2_10_1,1000,17130.78,31,45.3,True,1

-- /home/grechman/cbench/venv/bin/python3 /home/grechman/campaign/scripts/pyvrp_solomon.py /home/grechman/commiv-perf/vendor/vrptw/gh/c2_10_1.txt 45 2
pyvrp,c2_10_1,1000,17016.91,31,45.3,False,2

-- /home/grechman/cbench/venv/bin/python3 /home/grechman/campaign/scripts/pyvrp_solomon.py /home/grechman/commiv-perf/vendor/vrptw/gh/c2_10_1.txt 45 3
pyvrp,c2_10_1,1000,17016.97,31,45.3,False,3


==== gh/r1_10_1/commiv/s1 rc=0 wall=28.007
instance,n,bks_veh,bks_dist,veh,dist,dist_gap_pct,ms,feasible,veh_match
r1_10_1,1000,100,53380.18,101,55486.68,3.946,28000,true,false


==== gh/r1_10_1/commiv/s2 rc=0 wall=25.368
instance,n,bks_veh,bks_dist,veh,dist,dist_gap_pct,ms,feasible,veh_match
r1_10_1,1000,100,53380.18,100,55171.25,3.355,25362,true,true
# mean dist gap over 1 vehicle-matched: 3.355%


==== gh/r1_10_1/commiv/s3 rc=0 wall=28.208
instance,n,bks_veh,bks_dist,veh,dist,dist_gap_pct,ms,feasible,veh_match
r1_10_1,1000,100,53380.18,101,55116.75,3.253,28201,true,false


==== gh/r1_10_1/pyvrp wall=28.598
-- /home/grechman/cbench/venv/bin/python3 /home/grechman/campaign/scripts/pyvrp_solomon.py /home/grechman/commiv-perf/vendor/vrptw/gh/r1_10_1.txt 28 1
pyvrp,r1_10_1,1000,55963.37,107,28.3,False,1

-- /home/grechman/cbench/venv/bin/python3 /home/grechman/campaign/scripts/pyvrp_solomon.py /home/grechman/commiv-perf/vendor/vrptw/gh/r1_10_1.txt 28 2
pyvrp,r1_10_1,1000,55892.62,107,28.3,False,2

-- /home/grechman/cbench/venv/bin/python3 /home/grechman/campaign/scripts/pyvrp_solomon.py /home/grechman/commiv-perf/vendor/vrptw/gh/r1_10_1.txt 28 3
pyvrp,r1_10_1,1000,55723.29,109,28.3,False,3


==== gh/r2_10_1/commiv/s1 rc=0 wall=137.830
instance,n,bks_veh,bks_dist,veh,dist,dist_gap_pct,ms,feasible,veh_match
r2_10_1,1000,19,42182.57,21,41469.33,-1.691,137824,true,false


==== gh/r2_10_1/commiv/s2 rc=0 wall=156.914
instance,n,bks_veh,bks_dist,veh,dist,dist_gap_pct,ms,feasible,veh_match
r2_10_1,1000,19,42182.57,22,40906.57,-3.025,156908,true,false


==== gh/r2_10_1/commiv/s3 rc=0 wall=150.211
instance,n,bks_veh,bks_dist,veh,dist,dist_gap_pct,ms,feasible,veh_match
r2_10_1,1000,19,42182.57,21,42731.81,1.302,150205,true,false


==== gh/r2_10_1/pyvrp wall=149.665
-- /home/grechman/cbench/venv/bin/python3 /home/grechman/campaign/scripts/pyvrp_solomon.py /home/grechman/commiv-perf/vendor/vrptw/gh/r2_10_1.txt 149 1
pyvrp,r2_10_1,1000,37279.20,32,149.3,True,1

-- /home/grechman/cbench/venv/bin/python3 /home/grechman/campaign/scripts/pyvrp_solomon.py /home/grechman/commiv-perf/vendor/vrptw/gh/r2_10_1.txt 149 2
pyvrp,r2_10_1,1000,37014.54,35,149.3,True,2

-- /home/grechman/cbench/venv/bin/python3 /home/grechman/campaign/scripts/pyvrp_solomon.py /home/grechman/commiv-perf/vendor/vrptw/gh/r2_10_1.txt 149 3
pyvrp,r2_10_1,1000,37076.28,35,149.3,True,3


==== gh/rc1_10_1/commiv/s1 rc=0 wall=21.224
instance,n,bks_veh,bks_dist,veh,dist,dist_gap_pct,ms,feasible,veh_match
rc1_10_1,1000,90,45830.62,92,47440.59,3.513,21218,true,false


==== gh/rc1_10_1/commiv/s2 rc=0 wall=20.562
instance,n,bks_veh,bks_dist,veh,dist,dist_gap_pct,ms,feasible,veh_match
rc1_10_1,1000,90,45830.62,92,46997.13,2.545,20556,true,false


==== gh/rc1_10_1/commiv/s3 rc=0 wall=20.414
instance,n,bks_veh,bks_dist,veh,dist,dist_gap_pct,ms,feasible,veh_match
rc1_10_1,1000,90,45830.62,92,47482.25,3.604,20408,true,false


==== gh/rc1_10_1/pyvrp wall=21.643
-- /home/grechman/cbench/venv/bin/python3 /home/grechman/campaign/scripts/pyvrp_solomon.py /home/grechman/commiv-perf/vendor/vrptw/gh/rc1_10_1.txt 21 1
pyvrp,rc1_10_1,1000,48646.33,95,21.4,False,1

-- /home/grechman/cbench/venv/bin/python3 /home/grechman/campaign/scripts/pyvrp_solomon.py /home/grechman/commiv-perf/vendor/vrptw/gh/rc1_10_1.txt 21 2
pyvrp,rc1_10_1,1000,48819.91,96,21.3,False,2

-- /home/grechman/cbench/venv/bin/python3 /home/grechman/campaign/scripts/pyvrp_solomon.py /home/grechman/commiv-perf/vendor/vrptw/gh/rc1_10_1.txt 21 3
pyvrp,rc1_10_1,1000,48485.99,95,21.3,True,3


==== gh/rc2_10_1/commiv/s1 rc=0 wall=121.932
instance,n,bks_veh,bks_dist,veh,dist,dist_gap_pct,ms,feasible,veh_match
rc2_10_1,1000,20,30276.27,24,29549.80,-2.399,121925,true,false


==== gh/rc2_10_1/commiv/s2 rc=0 wall=121.683
instance,n,bks_veh,bks_dist,veh,dist,dist_gap_pct,ms,feasible,veh_match
rc2_10_1,1000,20,30276.27,24,29400.83,-2.892,121676,true,false


==== gh/rc2_10_1/commiv/s3 rc=0 wall=117.697
instance,n,bks_veh,bks_dist,veh,dist,dist_gap_pct,ms,feasible,veh_match
rc2_10_1,1000,20,30276.27,26,29076.80,-3.962,117691,true,false


==== gh/rc2_10_1/pyvrp wall=121.664
-- /home/grechman/cbench/venv/bin/python3 /home/grechman/campaign/scripts/pyvrp_solomon.py /home/grechman/commiv-perf/vendor/vrptw/gh/rc2_10_1.txt 121 1
pyvrp,rc2_10_1,1000,28309.49,29,121.3,False,1

-- /home/grechman/cbench/venv/bin/python3 /home/grechman/campaign/scripts/pyvrp_solomon.py /home/grechman/commiv-perf/vendor/vrptw/gh/rc2_10_1.txt 121 2
pyvrp,rc2_10_1,1000,28301.80,29,121.3,True,2

-- /home/grechman/cbench/venv/bin/python3 /home/grechman/campaign/scripts/pyvrp_solomon.py /home/grechman/commiv-perf/vendor/vrptw/gh/rc2_10_1.txt 121 3
pyvrp,rc2_10_1,1000,28293.02,30,121.3,False,3


==== money/100/lc101/commiv rc=0 wall=10.011
instance,n_pairs,bks_veh,veh,bks_dist,dist,gap_pct,ms,dur,wait
lc101,53,10,10,828.937,828.937,0.00,10003,9828.937,0.000
summary: 1 instances, mean dist gap 0.00%, vehicles win/tie/loss 0/1/0


==== money/100/lc101/vroom rc=0 wall=0.237
lc101,828937,0,0.2,veh=10,dur=9828937,wait=0


==== money/100/lc102/commiv rc=0 wall=10.007
instance,n_pairs,bks_veh,veh,bks_dist,dist,gap_pct,ms,dur,wait
lc102,53,10,10,828.937,828.937,0.00,10004,9828.937,0.000
summary: 1 instances, mean dist gap 0.00%, vehicles win/tie/loss 0/1/0


==== money/100/lc102/vroom rc=0 wall=0.388
lc102,828937,0,0.4,veh=10,dur=9828937,wait=0


==== money/100/lc103/commiv rc=0 wall=10.009
instance,n_pairs,bks_veh,veh,bks_dist,dist,gap_pct,ms,dur,wait
lc103,52,9,10,1035.350,828.065,-20.02,10006,9871.680,43.615
summary: 1 instances, mean dist gap -20.02%, vehicles win/tie/loss 0/0/1


==== money/100/lc103/vroom rc=0 wall=0.365
lc103,827865,0,0.3,veh=10,dur=10005237,wait=177372


==== money/100/lc104/commiv rc=0 wall=10.008
instance,n_pairs,bks_veh,veh,bks_dist,dist,gap_pct,ms,dur,wait
lc104,53,9,9,860.012,892.300,3.75,10004,9892.300,0.000
summary: 1 instances, mean dist gap 3.75%, vehicles win/tie/loss 0/1/0


==== money/100/lc104/vroom rc=0 wall=0.622
lc104,874304,0,0.6,veh=9,dur=9906508,wait=32204


==== money/100/lc105/commiv rc=0 wall=10.007
instance,n_pairs,bks_veh,veh,bks_dist,dist,gap_pct,ms,dur,wait
lc105,53,10,10,828.937,828.937,0.00,10004,9828.937,0.000
summary: 1 instances, mean dist gap 0.00%, vehicles win/tie/loss 0/1/0


==== money/100/lc105/vroom rc=0 wall=0.239
lc105,828937,0,0.2,veh=10,dur=9828937,wait=0


==== money/100/lc106/commiv rc=0 wall=10.007
instance,n_pairs,bks_veh,veh,bks_dist,dist,gap_pct,ms,dur,wait
lc106,53,10,10,828.937,828.937,0.00,10004,9828.937,0.000
summary: 1 instances, mean dist gap 0.00%, vehicles win/tie/loss 0/1/0


==== money/100/lc106/vroom rc=0 wall=0.299
lc106,828937,0,0.3,veh=10,dur=9828937,wait=0


==== money/100/lc107/commiv rc=0 wall=10.005
instance,n_pairs,bks_veh,veh,bks_dist,dist,gap_pct,ms,dur,wait
lc107,53,10,10,828.937,828.937,0.00,10002,9828.937,0.000
summary: 1 instances, mean dist gap 0.00%, vehicles win/tie/loss 0/1/0


==== money/100/lc107/vroom rc=0 wall=0.295
lc107,828937,0,0.3,veh=10,dur=9828937,wait=0


==== money/100/lc108/commiv rc=0 wall=10.006
instance,n_pairs,bks_veh,veh,bks_dist,dist,gap_pct,ms,dur,wait
lc108,53,10,10,826.440,826.440,0.00,10004,9826.440,0.000
summary: 1 instances, mean dist gap 0.00%, vehicles win/tie/loss 0/1/0


==== money/100/lc108/vroom rc=0 wall=0.369
lc108,826440,0,0.3,veh=10,dur=9826440,wait=0


==== money/100/lc109/commiv rc=0 wall=10.009
instance,n_pairs,bks_veh,veh,bks_dist,dist,gap_pct,ms,dur,wait
lc109,53,9,10,1000.597,827.817,-17.27,10006,9827.817,0.000
summary: 1 instances, mean dist gap -17.27%, vehicles win/tie/loss 0/0/1


==== money/100/lc109/vroom rc=0 wall=0.565
lc109,827817,0,0.5,veh=10,dur=9827817,wait=0


==== money/100/lc201/commiv rc=0 wall=10.010
instance,n_pairs,bks_veh,veh,bks_dist,dist,gap_pct,ms,dur,wait
lc201,51,3,3,591.555,591.555,0.00,10007,9591.555,0.000
summary: 1 instances, mean dist gap 0.00%, vehicles win/tie/loss 0/1/0


==== money/100/lc201/vroom rc=0 wall=0.143
lc201,591555,0,0.1,veh=3,dur=9591555,wait=0


==== money/100/lc202/commiv rc=0 wall=10.013
instance,n_pairs,bks_veh,veh,bks_dist,dist,gap_pct,ms,dur,wait
lc202,51,3,3,591.555,591.555,0.00,10010,9591.555,0.000
summary: 1 instances, mean dist gap 0.00%, vehicles win/tie/loss 0/1/0


==== money/100/lc202/vroom rc=0 wall=0.278
lc202,591555,0,0.2,veh=3,dur=9591555,wait=0


==== money/100/lc203/commiv rc=0 wall=10.016
instance,n_pairs,bks_veh,veh,bks_dist,dist,gap_pct,ms,dur,wait
lc203,51,3,3,591.173,591.173,0.00,10013,9591.173,0.000
summary: 1 instances, mean dist gap 0.00%, vehicles win/tie/loss 0/1/0


==== money/100/lc203/vroom rc=0 wall=0.452
lc203,591173,0,0.4,veh=3,dur=9591173,wait=0


==== money/100/lc204/commiv rc=0 wall=10.018
instance,n_pairs,bks_veh,veh,bks_dist,dist,gap_pct,ms,dur,wait
lc204,51,3,3,590.598,615.755,4.26,10015,9615.755,0.000
summary: 1 instances, mean dist gap 4.26%, vehicles win/tie/loss 0/1/0


==== money/100/lc204/vroom rc=0 wall=0.594
lc204,638181,0,0.6,veh=3,dur=9674811,wait=36630


==== money/100/lc205/commiv rc=0 wall=10.009
instance,n_pairs,bks_veh,veh,bks_dist,dist,gap_pct,ms,dur,wait
lc205,51,3,3,588.875,588.875,0.00,10006,9588.875,0.000
summary: 1 instances, mean dist gap 0.00%, vehicles win/tie/loss 0/1/0


==== money/100/lc205/vroom rc=0 wall=0.246
lc205,588875,0,0.2,veh=3,dur=9588875,wait=0


==== money/100/lc206/commiv rc=0 wall=10.012
instance,n_pairs,bks_veh,veh,bks_dist,dist,gap_pct,ms,dur,wait
lc206,51,3,3,588.493,588.493,0.00,10009,9588.493,0.000
summary: 1 instances, mean dist gap 0.00%, vehicles win/tie/loss 0/1/0


==== money/100/lc206/vroom rc=0 wall=0.305
lc206,588493,0,0.3,veh=3,dur=9588493,wait=0


==== money/100/lc207/commiv rc=0 wall=10.012
instance,n_pairs,bks_veh,veh,bks_dist,dist,gap_pct,ms,dur,wait
lc207,51,3,3,588.287,588.287,0.00,10009,9588.287,0.000
summary: 1 instances, mean dist gap 0.00%, vehicles win/tie/loss 0/1/0


==== money/100/lc207/vroom rc=0 wall=0.290
lc207,588287,0,0.3,veh=3,dur=9588287,wait=0


==== money/100/lc208/commiv rc=0 wall=10.020
instance,n_pairs,bks_veh,veh,bks_dist,dist,gap_pct,ms,dur,wait
lc208,51,3,3,588.324,588.324,0.00,10017,9588.324,0.000
summary: 1 instances, mean dist gap 0.00%, vehicles win/tie/loss 0/1/0


==== money/100/lc208/vroom rc=0 wall=0.293
lc208,588324,0,0.3,veh=3,dur=9588324,wait=0


==== money/100/lr101/commiv rc=0 wall=10.006
instance,n_pairs,bks_veh,veh,bks_dist,dist,gap_pct,ms,dur,wait
lr101,53,19,19,1650.798,1667.677,1.02,10003,3080.442,412.765
summary: 1 instances, mean dist gap 1.02%, vehicles win/tie/loss 0/1/0


==== money/100/lr101/vroom rc=0 wall=0.494
lr101,1650798,0,0.5,veh=19,dur=3150954,wait=500156


==== money/100/lr102/commiv rc=0 wall=10.004
instance,n_pairs,bks_veh,veh,bks_dist,dist,gap_pct,ms,dur,wait
lr102,55,17,17,1487.570,1518.254,2.06,10001,2695.765,177.511
summary: 1 instances, mean dist gap 2.06%, vehicles win/tie/loss 0/1/0


==== money/100/lr102/vroom rc=0 wall=0.670
lr102,1487570,0,0.6,veh=17,dur=2753683,wait=266113


==== money/100/lr103/commiv rc=0 wall=10.007
instance,n_pairs,bks_veh,veh,bks_dist,dist,gap_pct,ms,dur,wait
lr103,52,13,13,1292.672,1326.902,2.65,10004,2382.166,55.264
summary: 1 instances, mean dist gap 2.65%, vehicles win/tie/loss 0/1/0


==== money/100/lr103/vroom rc=0 wall=0.686
lr103,1292672,0,0.7,veh=13,dur=2451412,wait=158740


==== money/100/lr104/commiv rc=0 wall=10.009
instance,n_pairs,bks_veh,veh,bks_dist,dist,gap_pct,ms,dur,wait
lr104,52,9,9,1013.386,1013.386,0.00,10006,2015.085,1.699
summary: 1 instances, mean dist gap 0.00%, vehicles win/tie/loss 0/1/0


==== money/100/lr104/vroom rc=0 wall=0.849
lr104,1052298,0,0.8,veh=10,dur=2053997,wait=1699


==== money/100/lr105/commiv rc=0 wall=10.005
instance,n_pairs,bks_veh,veh,bks_dist,dist,gap_pct,ms,dur,wait
lr105,53,14,14,1377.110,1377.110,0.00,10002,2392.656,15.546
summary: 1 instances, mean dist gap 0.00%, vehicles win/tie/loss 0/1/0


==== money/100/lr105/vroom rc=0 wall=0.675
lr105,1377110,0,0.6,veh=14,dur=2392656,wait=15546


==== money/100/lr106/commiv rc=0 wall=10.007
instance,n_pairs,bks_veh,veh,bks_dist,dist,gap_pct,ms,dur,wait
lr106,52,12,12,1252.612,1252.612,0.00,10004,2302.405,49.793
summary: 1 instances, mean dist gap 0.00%, vehicles win/tie/loss 0/1/0


==== money/100/lr106/vroom rc=0 wall=0.687
lr106,1252612,0,0.7,veh=12,dur=2302405,wait=49793


==== money/100/lr107/commiv rc=0 wall=10.005
instance,n_pairs,bks_veh,veh,bks_dist,dist,gap_pct,ms,dur,wait
lr107,52,10,10,1111.315,1111.315,0.00,10002,2121.232,9.917
summary: 1 instances, mean dist gap 0.00%, vehicles win/tie/loss 0/1/0


==== money/100/lr107/vroom rc=0 wall=0.736
lr107,1135879,0,0.7,veh=11,dur=2145796,wait=9917


==== money/100/lr108/commiv rc=0 wall=10.005
instance,n_pairs,bks_veh,veh,bks_dist,dist,gap_pct,ms,dur,wait
lr108,50,9,9,968.961,968.961,0.00,10002,1968.961,0.000
summary: 1 instances, mean dist gap 0.00%, vehicles win/tie/loss 0/1/0


==== money/100/lr108/vroom rc=0 wall=0.650
lr108,968961,0,0.6,veh=9,dur=1968961,wait=0


==== money/100/lr109/commiv rc=0 wall=10.007
instance,n_pairs,bks_veh,veh,bks_dist,dist,gap_pct,ms,dur,wait
lr109,53,11,11,1208.964,1208.964,0.00,10004,2208.964,0.000
summary: 1 instances, mean dist gap 0.00%, vehicles win/tie/loss 0/1/0


==== money/100/lr109/vroom rc=0 wall=0.729
lr109,1218892,0,0.7,veh=12,dur=2218892,wait=0


==== money/100/lr110/commiv rc=0 wall=10.005
instance,n_pairs,bks_veh,veh,bks_dist,dist,gap_pct,ms,dur,wait
lr110,52,10,10,1159.344,1159.344,0.00,10002,2159.344,0.000
summary: 1 instances, mean dist gap 0.00%, vehicles win/tie/loss 0/1/0


==== money/100/lr110/vroom rc=0 wall=0.680
lr110,1180148,0,0.6,veh=12,dur=2180148,wait=0


==== money/100/lr111/commiv rc=0 wall=10.007
instance,n_pairs,bks_veh,veh,bks_dist,dist,gap_pct,ms,dur,wait
lr111,54,10,10,1108.900,1108.900,0.00,10004,2116.892,7.992
summary: 1 instances, mean dist gap 0.00%, vehicles win/tie/loss 0/1/0


==== money/100/lr111/vroom rc=0 wall=0.796
lr111,1108900,0,0.8,veh=10,dur=2116892,wait=7992


==== money/100/lr112/commiv rc=0 wall=10.010
instance,n_pairs,bks_veh,veh,bks_dist,dist,gap_pct,ms,dur,wait
lr112,53,9,9,1003.766,1003.766,0.00,10007,2003.766,0.000
summary: 1 instances, mean dist gap 0.00%, vehicles win/tie/loss 0/1/0


==== money/100/lr112/vroom rc=0 wall=0.836
lr112,1003766,0,0.8,veh=9,dur=2003766,wait=0


==== money/100/lr201/commiv rc=0 wall=10.008
instance,n_pairs,bks_veh,veh,bks_dist,dist,gap_pct,ms,dur,wait
lr201,51,4,4,1253.237,1411.777,12.65,10005,2776.873,365.096
summary: 1 instances, mean dist gap 12.65%, vehicles win/tie/loss 0/1/0


==== money/100/lr201/vroom rc=0 wall=0.411
lr201,1265173,0,0.4,veh=4,dur=3104154,wait=838981


==== money/100/lr202/commiv rc=0 wall=10.008
instance,n_pairs,bks_veh,veh,bks_dist,dist,gap_pct,ms,dur,wait
lr202,50,3,3,1197.663,1257.075,4.96,10005,2498.741,241.666
summary: 1 instances, mean dist gap 4.96%, vehicles win/tie/loss 0/1/0


==== money/100/lr202/vroom rc=0 wall=0.613
lr202,1250101,0,0.6,veh=4,dur=3297964,wait=1047863


==== money/100/lr203/commiv rc=0 wall=10.027
instance,n_pairs,bks_veh,veh,bks_dist,dist,gap_pct,ms,dur,wait
lr203,51,3,3,949.394,1132.165,19.25,10024,2162.937,30.772
summary: 1 instances, mean dist gap 19.25%, vehicles win/tie/loss 0/1/0


==== money/100/lr203/vroom rc=0 wall=0.752
lr203,949394,0,0.7,veh=3,dur=2564042,wait=614648


==== money/100/lr204/commiv rc=0 wall=10.029
instance,n_pairs,bks_veh,veh,bks_dist,dist,gap_pct,ms,dur,wait
lr204,50,2,2,849.046,849.046,0.00,10026,1849.046,0.000
summary: 1 instances, mean dist gap 0.00%, vehicles win/tie/loss 0/1/0


==== money/100/lr204/vroom rc=0 wall=1.021
lr204,892844,0,1.0,veh=3,dur=2217489,wait=324645


==== money/100/lr205/commiv rc=0 wall=10.013
instance,n_pairs,bks_veh,veh,bks_dist,dist,gap_pct,ms,dur,wait
lr205,51,3,3,1054.015,1100.292,4.39,10010,2233.905,133.613
summary: 1 instances, mean dist gap 4.39%, vehicles win/tie/loss 0/1/0


==== money/100/lr205/vroom rc=0 wall=0.583
lr205,1054141,0,0.6,veh=3,dur=2318504,wait=264363


==== money/100/lr206/commiv rc=0 wall=10.027
instance,n_pairs,bks_veh,veh,bks_dist,dist,gap_pct,ms,dur,wait
lr206,50,3,3,931.628,992.126,6.49,10024,2116.714,124.588
summary: 1 instances, mean dist gap 6.49%, vehicles win/tie/loss 0/1/0


==== money/100/lr206/vroom rc=0 wall=0.790
lr206,931628,0,0.8,veh=3,dur=2229367,wait=297739


==== money/100/lr207/commiv rc=0 wall=10.045
instance,n_pairs,bks_veh,veh,bks_dist,dist,gap_pct,ms,dur,wait
lr207,51,2,2,903.055,905.156,0.23,10042,1913.164,8.008
summary: 1 instances, mean dist gap 0.23%, vehicles win/tie/loss 0/1/0


==== money/100/lr207/vroom rc=0 wall=0.816
lr207,974563,0,0.8,veh=3,dur=2203668,wait=229105


==== money/100/lr208/commiv rc=0 wall=10.057
instance,n_pairs,bks_veh,veh,bks_dist,dist,gap_pct,ms,dur,wait
lr208,50,2,2,734.844,734.844,0.00,10054,1734.844,0.000
summary: 1 instances, mean dist gap 0.00%, vehicles win/tie/loss 0/1/0


==== money/100/lr208/vroom rc=0 wall=1.016
lr208,741780,0,1.0,veh=2,dur=1741780,wait=0


==== money/100/lr209/commiv rc=0 wall=10.027
instance,n_pairs,bks_veh,veh,bks_dist,dist,gap_pct,ms,dur,wait
lr209,51,3,3,930.582,932.715,0.23,10024,1955.141,22.426
summary: 1 instances, mean dist gap 0.23%, vehicles win/tie/loss 0/1/0


==== money/100/lr209/vroom rc=0 wall=0.673
lr209,939957,0,0.6,veh=3,dur=1987638,wait=47681


==== money/100/lr210/commiv rc=0 wall=10.013
instance,n_pairs,bks_veh,veh,bks_dist,dist,gap_pct,ms,dur,wait
lr210,51,3,3,964.222,1086.121,12.64,10010,2093.106,6.985
summary: 1 instances, mean dist gap 12.64%, vehicles win/tie/loss 0/1/0


==== money/100/lr210/vroom rc=0 wall=0.758
lr210,976126,0,0.7,veh=3,dur=2474492,wait=498366


==== money/100/lr211/commiv rc=0 wall=10.043
instance,n_pairs,bks_veh,veh,bks_dist,dist,gap_pct,ms,dur,wait
lr211,50,2,3,911.516,886.984,-2.69,10040,1886.984,0.000
summary: 1 instances, mean dist gap -2.69%, vehicles win/tie/loss 0/0/1


==== money/100/lr211/vroom rc=0 wall=0.767
lr211,919084,0,0.7,veh=3,dur=1919084,wait=0


==== money/100/lrc101/commiv rc=0 wall=10.005
instance,n_pairs,bks_veh,veh,bks_dist,dist,gap_pct,ms,dur,wait
lrc101,53,14,14,1708.795,1708.795,0.00,10002,2767.127,58.332
summary: 1 instances, mean dist gap 0.00%, vehicles win/tie/loss 0/1/0


==== money/100/lrc101/vroom rc=0 wall=0.520
lrc101,1711732,0,0.5,veh=15,dur=2770064,wait=58332


==== money/100/lrc102/commiv rc=0 wall=10.005
instance,n_pairs,bks_veh,veh,bks_dist,dist,gap_pct,ms,dur,wait
lrc102,53,12,12,1558.069,1558.069,0.00,10002,2582.727,24.658
summary: 1 instances, mean dist gap 0.00%, vehicles win/tie/loss 0/1/0


==== money/100/lrc102/vroom rc=0 wall=0.593
lrc102,1563550,0,0.6,veh=13,dur=2590225,wait=26675


==== money/100/lrc103/commiv rc=0 wall=10.006
instance,n_pairs,bks_veh,veh,bks_dist,dist,gap_pct,ms,dur,wait
lrc103,53,11,11,1258.736,1276.914,1.44,10003,2289.087,12.173
summary: 1 instances, mean dist gap 1.44%, vehicles win/tie/loss 0/1/0


==== money/100/lrc103/vroom rc=0 wall=0.792
lrc103,1258736,0,0.8,veh=11,dur=2312955,wait=54219


==== money/100/lrc104/commiv rc=0 wall=10.008
instance,n_pairs,bks_veh,veh,bks_dist,dist,gap_pct,ms,dur,wait
lrc104,54,10,10,1128.402,1129.916,0.13,10005,2133.916,4.000
summary: 1 instances, mean dist gap 0.13%, vehicles win/tie/loss 0/1/0


==== money/100/lrc104/vroom rc=0 wall=0.693
lrc104,1128495,0,0.7,veh=10,dur=2139466,wait=10971


==== money/100/lrc105/commiv rc=0 wall=10.006
instance,n_pairs,bks_veh,veh,bks_dist,dist,gap_pct,ms,dur,wait
lrc105,54,13,13,1637.626,1645.421,0.48,10003,2674.564,29.143
summary: 1 instances, mean dist gap 0.48%, vehicles win/tie/loss 0/1/0


==== money/100/lrc105/vroom rc=0 wall=0.632
lrc105,1645499,0,0.6,veh=14,dur=2691257,wait=45758


==== money/100/lrc106/commiv rc=0 wall=10.008
instance,n_pairs,bks_veh,veh,bks_dist,dist,gap_pct,ms,dur,wait
lrc106,53,11,11,1424.735,1424.735,0.00,10005,2424.735,0.000
summary: 1 instances, mean dist gap 0.00%, vehicles win/tie/loss 0/1/0


==== money/100/lrc106/vroom rc=0 wall=0.599
lrc106,1474088,0,0.6,veh=12,dur=2474088,wait=0


==== money/100/lrc107/commiv rc=0 wall=10.006
instance,n_pairs,bks_veh,veh,bks_dist,dist,gap_pct,ms,dur,wait
lrc107,53,11,11,1230.145,1230.145,0.00,10003,2230.145,0.000
summary: 1 instances, mean dist gap 0.00%, vehicles win/tie/loss 0/1/0


==== money/100/lrc107/vroom rc=0 wall=0.735
lrc107,1306326,0,0.7,veh=11,dur=2306326,wait=0


==== money/100/lrc108/commiv rc=0 wall=10.005
instance,n_pairs,bks_veh,veh,bks_dist,dist,gap_pct,ms,dur,wait
lrc108,52,10,10,1147.427,1147.427,0.00,10002,2147.427,0.000
summary: 1 instances, mean dist gap 0.00%, vehicles win/tie/loss 0/1/0


==== money/100/lrc108/vroom rc=0 wall=0.653
lrc108,1147427,0,0.6,veh=10,dur=2147427,wait=0


==== money/100/lrc201/commiv rc=0 wall=10.009
instance,n_pairs,bks_veh,veh,bks_dist,dist,gap_pct,ms,dur,wait
lrc201,51,4,4,1406.937,1421.342,1.02,10006,3045.775,624.433
summary: 1 instances, mean dist gap 1.02%, vehicles win/tie/loss 0/1/0


==== money/100/lrc201/vroom rc=0 wall=0.367
lrc201,1455534,0,0.3,veh=4,dur=3127196,wait=671662


==== money/100/lrc202/commiv rc=0 wall=10.018
instance,n_pairs,bks_veh,veh,bks_dist,dist,gap_pct,ms,dur,wait
lrc202,51,3,3,1374.267,1392.074,1.30,10015,2487.281,95.207
summary: 1 instances, mean dist gap 1.30%, vehicles win/tie/loss 0/1/0


==== money/100/lrc202/vroom rc=0 wall=0.543
lrc202,1411312,0,0.5,veh=4,dur=2829804,wait=418492


==== money/100/lrc203/commiv rc=0 wall=10.024
instance,n_pairs,bks_veh,veh,bks_dist,dist,gap_pct,ms,dur,wait
lrc203,51,3,3,1089.068,1257.307,15.45,10021,2283.504,26.197
summary: 1 instances, mean dist gap 15.45%, vehicles win/tie/loss 0/1/0


==== money/100/lrc203/vroom rc=0 wall=0.721
lrc203,1114477,0,0.7,veh=3,dur=2533095,wait=418618


==== money/100/lrc204/commiv rc=0 wall=10.031
instance,n_pairs,bks_veh,veh,bks_dist,dist,gap_pct,ms,dur,wait
lrc204,51,3,3,818.661,890.474,8.77,10028,2039.035,148.561
summary: 1 instances, mean dist gap 8.77%, vehicles win/tie/loss 0/1/0


==== money/100/lrc204/vroom rc=0 wall=0.797
lrc204,818661,0,0.8,veh=3,dur=2184515,wait=365854


==== money/100/lrc205/commiv rc=0 wall=10.017
instance,n_pairs,bks_veh,veh,bks_dist,dist,gap_pct,ms,dur,wait
lrc205,51,4,4,1302.199,1587.374,21.90,10014,2710.512,123.138
summary: 1 instances, mean dist gap 21.90%, vehicles win/tie/loss 0/1/0


==== money/100/lrc205/vroom rc=0 wall=0.576
lrc205,1302199,0,0.5,veh=4,dur=3085524,wait=783325


==== money/100/lrc206/commiv rc=0 wall=10.024
instance,n_pairs,bks_veh,veh,bks_dist,dist,gap_pct,ms,dur,wait
lrc206,51,3,3,1159.033,1160.015,0.08,10021,2252.765,92.750
summary: 1 instances, mean dist gap 0.08%, vehicles win/tie/loss 0/1/0


==== money/100/lrc206/vroom rc=0 wall=0.559
lrc206,1183129,0,0.5,veh=4,dur=2500125,wait=316996


==== money/100/lrc207/commiv rc=0 wall=10.012
instance,n_pairs,bks_veh,veh,bks_dist,dist,gap_pct,ms,dur,wait
lrc207,51,3,3,1062.047,1062.047,0.00,10009,2065.722,3.675
summary: 1 instances, mean dist gap 0.00%, vehicles win/tie/loss 0/1/0


==== money/100/lrc207/vroom rc=0 wall=0.663
lrc207,1123376,0,0.6,veh=3,dur=2127051,wait=3675


==== money/100/lrc208/commiv rc=0 wall=10.047
instance,n_pairs,bks_veh,veh,bks_dist,dist,gap_pct,ms,dur,wait
lrc208,51,3,3,852.758,852.758,0.00,10044,1852.758,0.000
summary: 1 instances, mean dist gap 0.00%, vehicles win/tie/loss 0/1/0


==== money/100/lrc208/vroom rc=0 wall=0.744
lrc208,862236,0,0.7,veh=3,dur=1862236,wait=0


==== money/200/lc1_2_1/commiv rc=0 wall=15.014
instance,n_pairs,bks_veh,veh,bks_dist,dist,gap_pct,ms,dur,wait
lc1_2_1,106,20,20,2704.559,2705.928,0.05,15010,20763.322,57.394
summary: 1 instances, mean dist gap 0.05%, vehicles win/tie/loss 0/1/0


==== money/200/lc1_2_1/vroom rc=0 wall=1.029
lc1_2_1,2704559,0,1.0,veh=20,dur=20761953,wait=57394


==== money/200/lc1_2_10/commiv rc=0 wall=15.015
instance,n_pairs,bks_veh,veh,bks_dist,dist,gap_pct,ms,dur,wait
lc1_2_10,104,17,18,2942.125,2780.951,-5.48,15012,20780.951,0.000
summary: 1 instances, mean dist gap -5.48%, vehicles win/tie/loss 0/0/1


==== money/200/lc1_2_10/vroom rc=0 wall=3.442
lc1_2_10,2741554,0,3.4,veh=18,dur=20741554,wait=0


==== money/200/lc1_2_2/commiv rc=0 wall=15.014
instance,n_pairs,bks_veh,veh,bks_dist,dist,gap_pct,ms,dur,wait
lc1_2_2,105,19,19,2764.545,2804.426,1.44,15011,20871.498,67.072
summary: 1 instances, mean dist gap 1.44%, vehicles win/tie/loss 0/1/0


==== money/200/lc1_2_2/vroom rc=0 wall=2.348
lc1_2_2,2764545,0,2.3,veh=19,dur=20875113,wait=110568


==== money/200/lc1_2_3/commiv rc=0 wall=15.016
instance,n_pairs,bks_veh,veh,bks_dist,dist,gap_pct,ms,dur,wait
lc1_2_3,103,17,18,3127.778,2819.195,-9.87,15013,20993.859,174.664
summary: 1 instances, mean dist gap -9.87%, vehicles win/tie/loss 0/0/1


==== money/200/lc1_2_3/vroom rc=0 wall=3.097
lc1_2_3,2772173,0,3.1,veh=18,dur=21001950,wait=229777


==== money/200/lc1_2_4/commiv rc=0 wall=15.017
instance,n_pairs,bks_veh,veh,bks_dist,dist,gap_pct,ms,dur,wait
lc1_2_4,105,17,17,2693.401,3029.497,12.48,15013,21029.497,0.000
summary: 1 instances, mean dist gap 12.48%, vehicles win/tie/loss 0/1/0


==== money/200/lc1_2_4/vroom rc=0 wall=3.247
lc1_2_4,2715656,0,3.2,veh=17,dur=20811219,wait=95563


==== money/200/lc1_2_5/commiv rc=0 wall=15.013
instance,n_pairs,bks_veh,veh,bks_dist,dist,gap_pct,ms,dur,wait
lc1_2_5,107,20,20,2702.041,2702.041,0.00,15010,20702.041,0.000
summary: 1 instances, mean dist gap 0.00%, vehicles win/tie/loss 0/1/0


==== money/200/lc1_2_5/vroom rc=0 wall=1.528
lc1_2_5,2702041,0,1.5,veh=20,dur=20702041,wait=0


==== money/200/lc1_2_6/commiv rc=0 wall=15.012
instance,n_pairs,bks_veh,veh,bks_dist,dist,gap_pct,ms,dur,wait
lc1_2_6,107,20,20,2701.028,2702.197,0.04,15009,20737.425,35.228
summary: 1 instances, mean dist gap 0.04%, vehicles win/tie/loss 0/1/0


==== money/200/lc1_2_6/vroom rc=0 wall=1.670
lc1_2_6,2701028,0,1.6,veh=20,dur=20768924,wait=67896


==== money/200/lc1_2_7/commiv rc=0 wall=15.013
instance,n_pairs,bks_veh,veh,bks_dist,dist,gap_pct,ms,dur,wait
lc1_2_7,107,20,20,2701.028,2701.028,0.00,15010,20701.028,0.000
summary: 1 instances, mean dist gap 0.00%, vehicles win/tie/loss 0/1/0


==== money/200/lc1_2_7/vroom rc=0 wall=1.537
lc1_2_7,2701028,0,1.5,veh=20,dur=20701028,wait=0


==== money/200/lc1_2_8/commiv rc=0 wall=15.012
instance,n_pairs,bks_veh,veh,bks_dist,dist,gap_pct,ms,dur,wait
lc1_2_8,105,19,20,3354.271,2693.713,-19.69,15009,20693.713,0.000
summary: 1 instances, mean dist gap -19.69%, vehicles win/tie/loss 0/0/1


==== money/200/lc1_2_8/vroom rc=0 wall=1.986
lc1_2_8,2689826,0,1.9,veh=20,dur=20689826,wait=0


==== money/200/lc1_2_9/commiv rc=0 wall=15.013
instance,n_pairs,bks_veh,veh,bks_dist,dist,gap_pct,ms,dur,wait
lc1_2_9,105,18,18,2724.228,2724.228,0.00,15010,20724.228,0.000
summary: 1 instances, mean dist gap 0.00%, vehicles win/tie/loss 0/1/0


==== money/200/lc1_2_9/vroom rc=0 wall=3.142
lc1_2_9,2724228,0,3.1,veh=18,dur=20724228,wait=0


==== money/200/lc2_2_1/commiv rc=0 wall=15.025
instance,n_pairs,bks_veh,veh,bks_dist,dist,gap_pct,ms,dur,wait
lc2_2_1,102,6,6,1931.436,1931.436,0.00,15022,19931.436,0.000
summary: 1 instances, mean dist gap 0.00%, vehicles win/tie/loss 0/1/0


==== money/200/lc2_2_1/vroom rc=0 wall=0.640
lc2_2_1,1931436,0,0.6,veh=6,dur=19931436,wait=0


==== money/200/lc2_2_10/commiv rc=0 wall=15.045
instance,n_pairs,bks_veh,veh,bks_dist,dist,gap_pct,ms,dur,wait
lc2_2_10,101,6,6,1817.453,1818.676,0.07,15041,19818.676,0.000
summary: 1 instances, mean dist gap 0.07%, vehicles win/tie/loss 0/1/0


==== money/200/lc2_2_10/vroom rc=0 wall=1.960
lc2_2_10,1817453,0,1.9,veh=6,dur=19835144,wait=17691


==== money/200/lc2_2_2/commiv rc=0 wall=15.042
instance,n_pairs,bks_veh,veh,bks_dist,dist,gap_pct,ms,dur,wait
lc2_2_2,102,6,6,1881.398,2000.633,6.34,15039,20031.604,30.971
summary: 1 instances, mean dist gap 6.34%, vehicles win/tie/loss 0/1/0


==== money/200/lc2_2_2/vroom rc=0 wall=1.664
lc2_2_2,1881398,0,1.6,veh=6,dur=20307267,wait=425869


==== money/200/lc2_2_3/commiv rc=0 wall=15.046
instance,n_pairs,bks_veh,veh,bks_dist,dist,gap_pct,ms,dur,wait
lc2_2_3,101,6,6,1844.324,1956.788,6.10,15043,19956.788,0.000
summary: 1 instances, mean dist gap 6.10%, vehicles win/tie/loss 0/1/0


==== money/200/lc2_2_3/vroom rc=0 wall=2.395
lc2_2_3,1852985,0,2.4,veh=6,dur=20087053,wait=234068


==== money/200/lc2_2_4/commiv rc=0 wall=15.066
instance,n_pairs,bks_veh,veh,bks_dist,dist,gap_pct,ms,dur,wait
lc2_2_4,102,6,6,1767.118,2257.955,27.78,15063,20257.955,0.000
summary: 1 instances, mean dist gap 27.78%, vehicles win/tie/loss 0/1/0


==== money/200/lc2_2_4/vroom rc=0 wall=3.243
lc2_2_4,1808986,0,3.2,veh=6,dur=20666444,wait=857458


==== money/200/lc2_2_5/commiv rc=0 wall=15.028
instance,n_pairs,bks_veh,veh,bks_dist,dist,gap_pct,ms,dur,wait
lc2_2_5,101,6,6,1891.206,1891.206,0.00,15025,19891.206,0.000
summary: 1 instances, mean dist gap 0.00%, vehicles win/tie/loss 0/1/0


==== money/200/lc2_2_5/vroom rc=0 wall=1.298
lc2_2_5,1891206,0,1.3,veh=6,dur=19891206,wait=0


==== money/200/lc2_2_6/commiv rc=0 wall=15.025
instance,n_pairs,bks_veh,veh,bks_dist,dist,gap_pct,ms,dur,wait
lc2_2_6,101,6,6,1857.772,1858.522,0.04,15022,19858.765,0.243
summary: 1 instances, mean dist gap 0.04%, vehicles win/tie/loss 0/1/0


==== money/200/lc2_2_6/vroom rc=0 wall=1.649
lc2_2_6,1857772,0,1.6,veh=6,dur=19858015,wait=243


==== money/200/lc2_2_7/commiv rc=0 wall=15.028
instance,n_pairs,bks_veh,veh,bks_dist,dist,gap_pct,ms,dur,wait
lc2_2_7,101,6,6,1850.133,1862.838,0.69,15025,19876.520,13.682
summary: 1 instances, mean dist gap 0.69%, vehicles win/tie/loss 0/1/0


==== money/200/lc2_2_7/vroom rc=0 wall=1.622
lc2_2_7,1850133,0,1.6,veh=6,dur=19896225,wait=46092


==== money/200/lc2_2_8/commiv rc=0 wall=15.035
instance,n_pairs,bks_veh,veh,bks_dist,dist,gap_pct,ms,dur,wait
lc2_2_8,102,6,6,1824.332,1824.623,0.02,15032,19824.623,0.000
summary: 1 instances, mean dist gap 0.02%, vehicles win/tie/loss 0/1/0


==== money/200/lc2_2_8/vroom rc=0 wall=1.823
lc2_2_8,1872445,0,1.8,veh=6,dur=19872445,wait=0


==== money/200/lc2_2_9/commiv rc=0 wall=15.038
instance,n_pairs,bks_veh,veh,bks_dist,dist,gap_pct,ms,dur,wait
lc2_2_9,101,6,6,1854.207,1873.656,1.05,15035,19883.331,9.675
summary: 1 instances, mean dist gap 1.05%, vehicles win/tie/loss 0/1/0


==== money/200/lc2_2_9/vroom rc=0 wall=1.871
lc2_2_9,1854207,0,1.8,veh=6,dur=19951728,wait=97521


==== money/200/lr1_2_1/commiv rc=0 wall=15.011
instance,n_pairs,bks_veh,veh,bks_dist,dist,gap_pct,ms,dur,wait
lr1_2_1,105,20,20,4819.129,4820.798,0.03,15008,10644.239,3823.441
summary: 1 instances, mean dist gap 0.03%, vehicles win/tie/loss 0/1/0


==== money/200/lr1_2_1/vroom rc=0 wall=2.152
lr1_2_1,4819129,0,2.1,veh=20,dur=10642570,wait=3823441


==== money/200/lr1_2_10/commiv rc=0 wall=15.018
instance,n_pairs,bks_veh,veh,bks_dist,dist,gap_pct,ms,dur,wait
lr1_2_10,104,11,12,3664.077,3644.219,-0.54,15015,5764.268,120.049
summary: 1 instances, mean dist gap -0.54%, vehicles win/tie/loss 0/0/1


==== money/200/lr1_2_10/vroom rc=0 wall=2.294
lr1_2_10,3521181,0,2.2,veh=13,dur=6045145,wait=523964


==== money/200/lr1_2_2/commiv rc=0 wall=15.013
instance,n_pairs,bks_veh,veh,bks_dist,dist,gap_pct,ms,dur,wait
lr1_2_2,105,17,18,4621.209,4459.894,-3.49,15010,9020.156,2560.262
summary: 1 instances, mean dist gap -3.49%, vehicles win/tie/loss 0/0/1


==== money/200/lr1_2_2/vroom rc=0 wall=2.333
lr1_2_2,4098033,0,2.3,veh=19,dur=9703420,wait=3605387


==== money/200/lr1_2_3/commiv rc=0 wall=15.015
instance,n_pairs,bks_veh,veh,bks_dist,dist,gap_pct,ms,dur,wait
lr1_2_3,104,14,15,4402.387,4102.028,-6.82,15012,7067.694,965.666
summary: 1 instances, mean dist gap -6.82%, vehicles win/tie/loss 0/0/1


==== money/200/lr1_2_3/vroom rc=0 wall=3.088
lr1_2_3,3822959,0,3.0,veh=15,dur=7967661,wait=2144702


==== money/200/lr1_2_4/commiv rc=0 wall=15.035
instance,n_pairs,bks_veh,veh,bks_dist,dist,gap_pct,ms,dur,wait
lr1_2_4,105,10,10,3027.056,3126.610,3.29,15032,5510.211,383.601
summary: 1 instances, mean dist gap 3.29%, vehicles win/tie/loss 0/1/0


==== money/200/lr1_2_4/vroom rc=0 wall=3.474
lr1_2_4,2909527,0,3.4,veh=12,dur=6552457,wait=1642930


==== money/200/lr1_2_5/commiv rc=0 wall=15.016
instance,n_pairs,bks_veh,veh,bks_dist,dist,gap_pct,ms,dur,wait
lr1_2_5,106,16,17,4760.183,4430.860,-6.92,15012,8577.482,2146.622
summary: 1 instances, mean dist gap -6.92%, vehicles win/tie/loss 0/0/1


==== money/200/lr1_2_5/vroom rc=0 wall=2.185
lr1_2_5,4456350,0,2.1,veh=17,dur=8928568,wait=2472218


==== money/200/lr1_2_6/commiv rc=0 wall=15.016
instance,n_pairs,bks_veh,veh,bks_dist,dist,gap_pct,ms,dur,wait
lr1_2_6,107,13,14,4800.939,4303.000,-10.37,15012,7190.809,887.809
summary: 1 instances, mean dist gap -10.37%, vehicles win/tie/loss 0/0/1


==== money/200/lr1_2_6/vroom rc=0 wall=2.545
lr1_2_6,4197964,0,2.5,veh=15,dur=7878517,wait=1680553


==== money/200/lr1_2_7/commiv rc=0 wall=15.015
instance,n_pairs,bks_veh,veh,bks_dist,dist,gap_pct,ms,dur,wait
lr1_2_7,103,12,13,3543.363,3468.651,-2.11,15012,6143.665,675.014
summary: 1 instances, mean dist gap -2.11%, vehicles win/tie/loss 0/0/1


==== money/200/lr1_2_7/vroom rc=0 wall=2.830
lr1_2_7,3457645,0,2.8,veh=13,dur=6764461,wait=1306816


==== money/200/lr1_2_8/commiv rc=0 wall=15.027
instance,n_pairs,bks_veh,veh,bks_dist,dist,gap_pct,ms,dur,wait
lr1_2_8,103,9,9,2759.309,2914.001,5.61,15024,5059.377,145.376
summary: 1 instances, mean dist gap 5.61%, vehicles win/tie/loss 0/1/0


==== money/200/lr1_2_8/vroom rc=0 wall=3.365
lr1_2_8,2786737,0,3.3,veh=10,dur=5550919,wait=764182


==== money/200/lr1_2_9/commiv rc=0 wall=15.017
instance,n_pairs,bks_veh,veh,bks_dist,dist,gap_pct,ms,dur,wait
lr1_2_9,105,13,14,5050.751,4490.560,-11.09,15014,7124.751,634.191
summary: 1 instances, mean dist gap -11.09%, vehicles win/tie/loss 0/0/1


==== money/200/lr1_2_9/vroom rc=0 wall=2.163
lr1_2_9,4097990,0,2.1,veh=16,dur=7953220,wait=1855230


==== money/200/lr2_2_1/commiv rc=0 wall=15.046
instance,n_pairs,bks_veh,veh,bks_dist,dist,gap_pct,ms,dur,wait
lr2_2_1,101,5,5,4073.094,4487.827,10.18,15043,9546.095,3058.268
summary: 1 instances, mean dist gap 10.18%, vehicles win/tie/loss 0/1/0


==== money/200/lr2_2_1/vroom rc=0 wall=1.423
lr2_2_1,4182181,0,1.4,veh=5,dur=10163786,wait=3981605


==== money/200/lr2_2_10/commiv rc=0 wall=15.100
instance,n_pairs,bks_veh,veh,bks_dist,dist,gap_pct,ms,dur,wait
lr2_2_10,101,3,3,3254.827,3396.154,4.34,15097,5555.768,159.614
summary: 1 instances, mean dist gap 4.34%, vehicles win/tie/loss 0/1/0


==== money/200/lr2_2_10/vroom rc=0 wall=2.389
lr2_2_10,2889344,0,2.3,veh=4,dur=7046142,wait=2156798


==== money/200/lr2_2_2/commiv rc=0 wall=15.051
instance,n_pairs,bks_veh,veh,bks_dist,dist,gap_pct,ms,dur,wait
lr2_2_2,101,4,4,3795.987,3905.662,2.89,15048,7718.520,1812.858
summary: 1 instances, mean dist gap 2.89%, vehicles win/tie/loss 0/1/0


==== money/200/lr2_2_2/vroom rc=0 wall=2.281
lr2_2_2,3957593,0,2.2,veh=5,dur=9357741,wait=3400148


==== money/200/lr2_2_3/commiv rc=0 wall=15.093
instance,n_pairs,bks_veh,veh,bks_dist,dist,gap_pct,ms,dur,wait
lr2_2_3,101,4,4,3098.352,3580.006,15.55,15090,7431.750,1851.744
summary: 1 instances, mean dist gap 15.55%, vehicles win/tie/loss 0/1/0


==== money/200/lr2_2_3/vroom rc=0 wall=3.525
lr2_2_3,3132947,0,3.5,veh=4,dur=7924984,wait=2792037


==== money/200/lr2_2_4/commiv rc=0 wall=15.104
instance,n_pairs,bks_veh,veh,bks_dist,dist,gap_pct,ms,dur,wait
lr2_2_4,101,3,3,2485.998,3134.689,26.09,15101,5228.645,93.956
summary: 1 instances, mean dist gap 26.09%, vehicles win/tie/loss 0/1/0


==== money/200/lr2_2_4/vroom rc=0 wall=4.904
lr2_2_4,2106863,0,4.9,veh=4,dur=7380264,wait=3273401


==== money/200/lr2_2_5/commiv rc=0 wall=15.057
instance,n_pairs,bks_veh,veh,bks_dist,dist,gap_pct,ms,dur,wait
lr2_2_5,102,4,4,3438.391,3750.314,9.07,15054,7413.094,1662.780
summary: 1 instances, mean dist gap 9.07%, vehicles win/tie/loss 0/1/0


==== money/200/lr2_2_5/vroom rc=0 wall=1.856
lr2_2_5,3454324,0,1.8,veh=4,dur=7924498,wait=2470174


==== money/200/lr2_2_6/commiv rc=0 wall=15.049
instance,n_pairs,bks_veh,veh,bks_dist,dist,gap_pct,ms,dur,wait
lr2_2_6,100,3,4,4457.949,3261.096,-26.85,15046,7359.373,2098.277
summary: 1 instances, mean dist gap -26.85%, vehicles win/tie/loss 0/0/1


==== money/200/lr2_2_6/vroom rc=0 wall=2.636
lr2_2_6,3213070,0,2.6,veh=4,dur=7674270,wait=2461200


==== money/200/lr2_2_7/commiv rc=0 wall=15.120
instance,n_pairs,bks_veh,veh,bks_dist,dist,gap_pct,ms,dur,wait
lr2_2_7,101,3,3,3098.349,3630.529,17.18,15117,5817.493,186.964
summary: 1 instances, mean dist gap 17.18%, vehicles win/tie/loss 0/1/0


==== money/200/lr2_2_7/vroom rc=0 wall=3.379
lr2_2_7,2662783,0,3.3,veh=4,dur=7512817,wait=2850034


==== money/200/lr2_2_8/commiv rc=0 wall=15.151
instance,n_pairs,bks_veh,veh,bks_dist,dist,gap_pct,ms,dur,wait
lr2_2_8,100,2,3,2449.360,2423.208,-1.07,15147,4425.083,1.875
summary: 1 instances, mean dist gap -1.07%, vehicles win/tie/loss 0/0/1


==== money/200/lr2_2_8/vroom rc=0 wall=4.631
lr2_2_8,1907470,0,4.6,veh=4,dur=6743541,wait=2836071


==== money/200/lr2_2_9/commiv rc=0 wall=15.072
instance,n_pairs,bks_veh,veh,bks_dist,dist,gap_pct,ms,dur,wait
lr2_2_9,100,3,4,3922.106,4017.913,2.44,15068,6440.992,423.079
summary: 1 instances, mean dist gap 2.44%, vehicles win/tie/loss 0/0/1


==== money/200/lr2_2_9/vroom rc=0 wall=2.103
lr2_2_9,3215022,0,2.1,veh=4,dur=8146553,wait=2931531


==== money/200/lrc1_2_1/commiv rc=0 wall=15.014
instance,n_pairs,bks_veh,veh,bks_dist,dist,gap_pct,ms,dur,wait
lrc1_2_1,106,19,19,3606.064,3770.328,4.56,15011,7715.688,1945.360
summary: 1 instances, mean dist gap 4.56%, vehicles win/tie/loss 0/1/0


==== money/200/lrc1_2_1/vroom rc=0 wall=2.371
lrc1_2_1,3606064,0,2.3,veh=19,dur=8526390,wait=2920326


==== money/200/lrc1_2_10/commiv rc=0 wall=15.016
instance,n_pairs,bks_veh,veh,bks_dist,dist,gap_pct,ms,dur,wait
lrc1_2_10,105,12,13,2928.905,2956.852,0.95,15013,5285.514,328.662
summary: 1 instances, mean dist gap 0.95%, vehicles win/tie/loss 0/0/1


==== money/200/lrc1_2_10/vroom rc=0 wall=2.670
lrc1_2_10,2910673,0,2.6,veh=13,dur=5548320,wait=637647


==== money/200/lrc1_2_2/commiv rc=0 wall=15.013
instance,n_pairs,bks_veh,veh,bks_dist,dist,gap_pct,ms,dur,wait
lrc1_2_2,103,15,15,3671.023,3839.768,4.60,15010,6548.534,708.766
summary: 1 instances, mean dist gap 4.60%, vehicles win/tie/loss 0/1/0


==== money/200/lrc1_2_2/vroom rc=0 wall=2.456
lrc1_2_2,3595464,0,2.4,veh=17,dur=8016477,wait=2421013


==== money/200/lrc1_2_3/commiv rc=0 wall=15.020
instance,n_pairs,bks_veh,veh,bks_dist,dist,gap_pct,ms,dur,wait
lrc1_2_3,105,13,13,3154.917,3448.956,9.32,15016,5573.909,124.953
summary: 1 instances, mean dist gap 9.32%, vehicles win/tie/loss 0/1/0


==== money/200/lrc1_2_3/vroom rc=0 wall=2.942
lrc1_2_3,3294779,0,2.9,veh=14,dur=6612429,wait=1317650


==== money/200/lrc1_2_4/commiv rc=0 wall=15.040
instance,n_pairs,bks_veh,veh,bks_dist,dist,gap_pct,ms,dur,wait
lrc1_2_4,106,10,11,2631.813,2749.854,4.49,15037,4815.981,66.127
summary: 1 instances, mean dist gap 4.49%, vehicles win/tie/loss 0/0/1


==== money/200/lrc1_2_4/vroom rc=0 wall=3.381
lrc1_2_4,2648674,0,3.3,veh=11,dur=5704202,wait=1055528


==== money/200/lrc1_2_5/commiv rc=0 wall=15.014
instance,n_pairs,bks_veh,veh,bks_dist,dist,gap_pct,ms,dur,wait
lrc1_2_5,107,16,16,3715.806,3937.862,5.98,15011,7046.695,1108.833
summary: 1 instances, mean dist gap 5.98%, vehicles win/tie/loss 0/1/0


==== money/200/lrc1_2_5/vroom rc=0 wall=2.449
lrc1_2_5,3838722,0,2.4,veh=18,dur=7919922,wait=2081200


==== money/200/lrc1_2_6/commiv rc=0 wall=15.012
instance,n_pairs,bks_veh,veh,bks_dist,dist,gap_pct,ms,dur,wait
lrc1_2_6,105,16,17,3572.155,3705.839,3.74,15008,6577.280,871.441
summary: 1 instances, mean dist gap 3.74%, vehicles win/tie/loss 0/0/1


==== money/200/lrc1_2_6/vroom rc=0 wall=2.559
lrc1_2_6,3606336,0,2.5,veh=17,dur=7660263,wait=2053927


==== money/200/lrc1_2_7/commiv rc=0 wall=15.015
instance,n_pairs,bks_veh,veh,bks_dist,dist,gap_pct,ms,dur,wait
lrc1_2_7,106,14,15,3666.338,3635.187,-0.85,15012,6087.350,452.163
summary: 1 instances, mean dist gap -0.85%, vehicles win/tie/loss 0/0/1


==== money/200/lrc1_2_7/vroom rc=0 wall=2.527
lrc1_2_7,3492315,0,2.5,veh=16,dur=6819398,wait=1327083


==== money/200/lrc1_2_8/commiv rc=0 wall=15.019
instance,n_pairs,bks_veh,veh,bks_dist,dist,gap_pct,ms,dur,wait
lrc1_2_8,104,13,14,3145.741,3196.488,1.61,15016,5639.811,443.323
summary: 1 instances, mean dist gap 1.61%, vehicles win/tie/loss 0/0/1


==== money/200/lrc1_2_8/vroom rc=0 wall=2.610
lrc1_2_8,3164238,0,2.6,veh=15,dur=6254782,wait=1090544


==== money/200/lrc1_2_9/commiv rc=0 wall=15.015
instance,n_pairs,bks_veh,veh,bks_dist,dist,gap_pct,ms,dur,wait
lrc1_2_9,104,13,13,3157.338,3247.523,2.86,15012,5647.470,399.947
summary: 1 instances, mean dist gap 2.86%, vehicles win/tie/loss 0/1/0


==== money/200/lrc1_2_9/vroom rc=0 wall=2.391
lrc1_2_9,3130310,0,2.3,veh=16,dur=6398362,wait=1268052


==== money/200/lrc2_2_1/commiv rc=0 wall=15.023
instance,n_pairs,bks_veh,veh,bks_dist,dist,gap_pct,ms,dur,wait
lrc2_2_1,101,6,7,3595.174,3735.010,3.89,15020,9896.134,4161.124
summary: 1 instances, mean dist gap 3.89%, vehicles win/tie/loss 0/0/1


==== money/200/lrc2_2_1/vroom rc=0 wall=1.725
lrc2_2_1,2997054,0,1.7,veh=7,dur=12750469,wait=7753415


==== money/200/lrc2_2_10/commiv rc=0 wall=15.066
instance,n_pairs,bks_veh,veh,bks_dist,dist,gap_pct,ms,dur,wait
lrc2_2_10,101,3,4,2437.876,2800.108,14.86,15062,4959.915,159.807
summary: 1 instances, mean dist gap 14.86%, vehicles win/tie/loss 0/0/1


==== money/200/lrc2_2_10/vroom rc=0 wall=3.241
lrc2_2_10,2120077,0,3.2,veh=4,dur=6507202,wait=2387125


==== money/200/lrc2_2_2/commiv rc=0 wall=15.030
instance,n_pairs,bks_veh,veh,bks_dist,dist,gap_pct,ms,dur,wait
lrc2_2_2,102,5,6,3158.253,3908.047,23.74,15027,7268.841,1360.794
summary: 1 instances, mean dist gap 23.74%, vehicles win/tie/loss 0/0/1


==== money/200/lrc2_2_2/vroom rc=0 wall=2.317
lrc2_2_2,2695777,0,2.3,veh=6,dur=10499666,wait=5803889


==== money/200/lrc2_2_3/commiv rc=0 wall=15.046
instance,n_pairs,bks_veh,veh,bks_dist,dist,gap_pct,ms,dur,wait
lrc2_2_3,101,4,5,2881.990,3014.881,4.61,15043,6283.285,1268.404
summary: 1 instances, mean dist gap 4.61%, vehicles win/tie/loss 0/0/1


==== money/200/lrc2_2_3/vroom rc=0 wall=3.428
lrc2_2_3,2709373,0,3.4,veh=5,dur=7709498,wait=3000125


==== money/200/lrc2_2_4/commiv rc=0 wall=15.108
instance,n_pairs,bks_veh,veh,bks_dist,dist,gap_pct,ms,dur,wait
lrc2_2_4,101,3,4,2835.407,2765.393,-2.47,15105,4879.199,113.806
summary: 1 instances, mean dist gap -2.47%, vehicles win/tie/loss 0/0/1


==== money/200/lrc2_2_4/vroom rc=0 wall=4.599
lrc2_2_4,2254240,0,4.6,veh=5,dur=6578827,wait=2324587


==== money/200/lrc2_2_5/commiv rc=0 wall=15.041
instance,n_pairs,bks_veh,veh,bks_dist,dist,gap_pct,ms,dur,wait
lrc2_2_5,101,5,5,2776.924,3413.928,22.94,15038,6820.495,1406.567
summary: 1 instances, mean dist gap 22.94%, vehicles win/tie/loss 0/1/0


==== money/200/lrc2_2_5/vroom rc=0 wall=2.228
lrc2_2_5,2985201,0,2.2,veh=5,dur=9330222,wait=4345021


==== money/200/lrc2_2_6/commiv rc=0 wall=15.026
instance,n_pairs,bks_veh,veh,bks_dist,dist,gap_pct,ms,dur,wait
lrc2_2_6,101,5,5,2707.956,3459.662,27.76,15023,7093.023,1633.361
summary: 1 instances, mean dist gap 27.76%, vehicles win/tie/loss 0/1/0


==== money/200/lrc2_2_6/vroom rc=0 wall=2.232
lrc2_2_6,2729945,0,2.2,veh=5,dur=9123259,wait=4393314


==== money/200/lrc2_2_7/commiv rc=0 wall=15.044
instance,n_pairs,bks_veh,veh,bks_dist,dist,gap_pct,ms,dur,wait
lrc2_2_7,101,4,5,3010.668,3245.398,7.80,15041,6372.221,1126.823
summary: 1 instances, mean dist gap 7.80%, vehicles win/tie/loss 0/0/1


==== money/200/lrc2_2_7/vroom rc=0 wall=2.410
lrc2_2_7,2561993,0,2.4,veh=5,dur=9011224,wait=4449231


==== money/200/lrc2_2_8/commiv rc=0 wall=15.065
instance,n_pairs,bks_veh,veh,bks_dist,dist,gap_pct,ms,dur,wait
lrc2_2_8,101,4,4,2399.889,2970.473,23.78,15062,5984.009,1013.536
summary: 1 instances, mean dist gap 23.78%, vehicles win/tie/loss 0/1/0


==== money/200/lrc2_2_8/vroom rc=0 wall=2.666
lrc2_2_8,2402883,0,2.6,veh=4,dur=7349184,wait=2946301


==== money/200/lrc2_2_9/commiv rc=0 wall=15.048
instance,n_pairs,bks_veh,veh,bks_dist,dist,gap_pct,ms,dur,wait
lrc2_2_9,101,4,4,2208.488,2899.782,31.30,15045,5518.200,618.418
summary: 1 instances, mean dist gap 31.30%, vehicles win/tie/loss 0/1/0


==== money/200/lrc2_2_9/vroom rc=0 wall=2.743
lrc2_2_9,2475730,0,2.7,veh=4,dur=7161064,wait=2685334


==== money/400/lc1_4_1/commiv rc=0 wall=30.042
instance,n_pairs,bks_veh,veh,bks_dist,dist,gap_pct,ms,dur,wait
lc1_4_1,211,40,40,7152.040,7157.609,0.08,30038,43505.908,348.299
summary: 1 instances, mean dist gap 0.08%, vehicles win/tie/loss 0/1/0


==== money/400/lc1_4_1/vroom rc=0 wall=4.484
lc1_4_1,7152040,0,4.4,veh=40,dur=43584690,wait=432650


==== money/400/lc1_4_10/commiv rc=0 wall=30.041
instance,n_pairs,bks_veh,veh,bks_dist,dist,gap_pct,ms,dur,wait
lc1_4_10,208,34,36,7850.212,7515.778,-4.26,30037,43515.778,0.000
summary: 1 instances, mean dist gap -4.26%, vehicles win/tie/loss 0/0/1


==== money/400/lc1_4_10/vroom rc=0 wall=15.441
lc1_4_10,7408542,0,15.4,veh=36,dur=43408542,wait=0


==== money/400/lc1_4_2/commiv rc=0 wall=30.043
instance,n_pairs,bks_veh,veh,bks_dist,dist,gap_pct,ms,dur,wait
lc1_4_2,211,38,40,8007.772,7314.500,-8.66,30039,43549.545,235.045
summary: 1 instances, mean dist gap -8.66%, vehicles win/tie/loss 0/0/1


==== money/400/lc1_4_2/vroom rc=0 wall=11.595
lc1_4_2,7151247,0,11.5,veh=40,dur=43843357,wait=692110


==== money/400/lc1_4_3/commiv rc=0 wall=30.049
instance,n_pairs,bks_veh,veh,bks_dist,dist,gap_pct,ms,dur,wait
lc1_4_3,210,32,38,8678.220,7844.213,-9.61,30045,44132.219,288.006
summary: 1 instances, mean dist gap -9.61%, vehicles win/tie/loss 0/0/1


==== money/400/lc1_4_3/vroom rc=0 wall=14.353
lc1_4_3,7333800,0,14.3,veh=38,dur=44810182,wait=1476382


==== money/400/lc1_4_5/commiv rc=0 wall=30.036
instance,n_pairs,bks_veh,veh,bks_dist,dist,gap_pct,ms,dur,wait
lc1_4_5,211,40,40,7149.979,7153.367,0.05,30032,43244.770,91.403
summary: 1 instances, mean dist gap 0.05%, vehicles win/tie/loss 0/1/0


==== money/400/lc1_4_5/vroom rc=0 wall=5.604
lc1_4_5,7149979,0,5.5,veh=40,dur=43263202,wait=113223


==== money/400/lc1_4_6/commiv rc=0 wall=30.037
instance,n_pairs,bks_veh,veh,bks_dist,dist,gap_pct,ms,dur,wait
lc1_4_6,211,40,40,7153.999,7189.051,0.49,30032,43250.361,61.310
summary: 1 instances, mean dist gap 0.49%, vehicles win/tie/loss 0/1/0


==== money/400/lc1_4_6/vroom rc=0 wall=9.124
lc1_4_6,7153999,0,9.0,veh=40,dur=43439050,wait=285051


==== money/400/lc1_4_7/commiv rc=0 wall=30.040
instance,n_pairs,bks_veh,veh,bks_dist,dist,gap_pct,ms,dur,wait
lc1_4_7,211,40,40,7149.418,7151.750,0.03,30036,43156.880,5.130
summary: 1 instances, mean dist gap 0.03%, vehicles win/tie/loss 0/1/0


==== money/400/lc1_4_7/vroom rc=0 wall=8.240
lc1_4_7,7149418,0,8.2,veh=40,dur=43158429,wait=9011


==== money/400/lc1_4_8/commiv rc=0 wall=30.038
instance,n_pairs,bks_veh,veh,bks_dist,dist,gap_pct,ms,dur,wait
lc1_4_8,208,38,39,8305.406,7112.152,-14.37,30034,43112.152,0.000
summary: 1 instances, mean dist gap -14.37%, vehicles win/tie/loss 0/0/1


==== money/400/lc1_4_8/vroom rc=0 wall=12.302
lc1_4_8,7111136,0,12.2,veh=39,dur=43111136,wait=0


==== money/400/lc1_4_9/commiv rc=0 wall=30.040
instance,n_pairs,bks_veh,veh,bks_dist,dist,gap_pct,ms,dur,wait
lc1_4_9,209,36,36,7451.179,7543.445,1.24,30036,43543.445,0.000
summary: 1 instances, mean dist gap 1.24%, vehicles win/tie/loss 0/1/0


==== money/400/lc1_4_9/vroom rc=0 wall=14.611
lc1_4_9,7562794,0,14.5,veh=37,dur=43567794,wait=5000


==== money/400/lc2_4_1/commiv rc=0 wall=30.092
instance,n_pairs,bks_veh,veh,bks_dist,dist,gap_pct,ms,dur,wait
lc2_4_1,203,12,12,4116.317,4125.525,0.22,30088,40125.525,0.000
summary: 1 instances, mean dist gap 0.22%, vehicles win/tie/loss 0/1/0


==== money/400/lc2_4_1/vroom rc=0 wall=4.474
lc2_4_1,4116317,0,4.4,veh=12,dur=40183962,wait=67645


==== money/400/lc2_4_10/commiv rc=0 wall=30.099
instance,n_pairs,bks_veh,veh,bks_dist,dist,gap_pct,ms,dur,wait
lc2_4_10,202,12,12,3828.427,3999.396,4.47,30095,39999.396,0.000
summary: 1 instances, mean dist gap 4.47%, vehicles win/tie/loss 0/1/0


==== money/400/lc2_4_10/vroom rc=0 wall=11.943
lc2_4_10,3881979,0,11.9,veh=12,dur=40053730,wait=171751


==== money/400/lc2_4_2/commiv rc=0 wall=30.109
instance,n_pairs,bks_veh,veh,bks_dist,dist,gap_pct,ms,dur,wait
lc2_4_2,202,12,12,4144.275,4283.308,3.35,30105,40283.308,0.000
summary: 1 instances, mean dist gap 3.35%, vehicles win/tie/loss 0/1/0


==== money/400/lc2_4_2/vroom rc=0 wall=8.701
lc2_4_2,4172103,0,8.6,veh=12,dur=40507902,wait=335799


==== money/400/lc2_4_3/commiv rc=0 wall=30.138
instance,n_pairs,bks_veh,veh,bks_dist,dist,gap_pct,ms,dur,wait
lc2_4_3,203,12,13,4401.067,5282.782,20.03,30134,41367.858,85.076
summary: 1 instances, mean dist gap 20.03%, vehicles win/tie/loss 0/0/1


==== money/400/lc2_4_3/vroom rc=0 wall=12.658
lc2_4_3,4141599,0,12.6,veh=13,dur=43397166,wait=3255567


==== money/400/lc2_4_5/commiv rc=0 wall=30.099
instance,n_pairs,bks_veh,veh,bks_dist,dist,gap_pct,ms,dur,wait
lc2_4_5,203,12,12,4030.625,4044.893,0.35,30094,40064.983,20.090
summary: 1 instances, mean dist gap 0.35%, vehicles win/tie/loss 0/1/0


==== money/400/lc2_4_5/vroom rc=0 wall=7.602
lc2_4_5,4139228,0,7.5,veh=13,dur=42230487,wait=2091259


==== money/400/lc2_4_6/commiv rc=0 wall=30.095
instance,n_pairs,bks_veh,veh,bks_dist,dist,gap_pct,ms,dur,wait
lc2_4_6,203,12,12,3900.274,3973.245,1.87,30091,39973.245,0.000
summary: 1 instances, mean dist gap 1.87%, vehicles win/tie/loss 0/1/0


==== money/400/lc2_4_6/vroom rc=0 wall=8.323
lc2_4_6,3901721,0,8.2,veh=12,dur=39978630,wait=76909


==== money/400/lc2_4_7/commiv rc=0 wall=30.098
instance,n_pairs,bks_veh,veh,bks_dist,dist,gap_pct,ms,dur,wait
lc2_4_7,204,12,12,3962.495,4086.050,3.12,30094,40086.050,0.000
summary: 1 instances, mean dist gap 3.12%, vehicles win/tie/loss 0/1/0


==== money/400/lc2_4_7/vroom rc=0 wall=9.287
lc2_4_7,4089877,0,9.2,veh=12,dur=40454875,wait=364998


==== money/400/lc2_4_8/commiv rc=0 wall=30.119
instance,n_pairs,bks_veh,veh,bks_dist,dist,gap_pct,ms,dur,wait
lc2_4_8,203,12,12,3844.443,3910.342,1.71,30115,39910.342,0.000
summary: 1 instances, mean dist gap 1.71%, vehicles win/tie/loss 0/1/0


==== money/400/lc2_4_8/vroom rc=0 wall=9.433
lc2_4_8,3866637,0,9.3,veh=12,dur=39866637,wait=0


==== money/400/lc2_4_9/commiv rc=0 wall=30.108
instance,n_pairs,bks_veh,veh,bks_dist,dist,gap_pct,ms,dur,wait
lc2_4_9,205,12,12,4188.920,4541.081,8.41,30104,40541.081,0.000
summary: 1 instances, mean dist gap 8.41%, vehicles win/tie/loss 0/1/0


==== money/400/lc2_4_9/vroom rc=0 wall=10.310
lc2_4_9,4318880,0,10.2,veh=13,dur=42188397,wait=1869517


==== money/400/lr1_4_1/commiv rc=0 wall=30.047
instance,n_pairs,bks_veh,veh,bks_dist,dist,gap_pct,ms,dur,wait
lr1_4_1,208,40,40,10639.748,11278.922,6.01,30043,24185.625,8906.703
summary: 1 instances, mean dist gap 6.01%, vehicles win/tie/loss 0/1/0


==== money/400/lr1_4_1/vroom rc=0 wall=11.465
lr1_4_1,10950992,0,11.4,veh=40,dur=26385629,wait=11434637


==== money/400/lr1_4_10/commiv rc=0 wall=30.063
instance,n_pairs,bks_veh,veh,bks_dist,dist,gap_pct,ms,dur,wait
lr1_4_10,209,20,21,8192.662,8286.030,1.14,30059,13101.499,815.469
summary: 1 instances, mean dist gap 1.14%, vehicles win/tie/loss 0/0/1


==== money/400/lr1_4_10/vroom rc=0 wall=10.131
lr1_4_10,8142343,0,10.0,veh=23,dur=14296770,wait=2154427


==== money/400/lr1_4_2/commiv rc=0 wall=30.047
instance,n_pairs,bks_veh,veh,bks_dist,dist,gap_pct,ms,dur,wait
lr1_4_2,209,30,31,11009.504,10420.276,-5.35,30043,19497.226,5076.950
summary: 1 instances, mean dist gap -5.35%, vehicles win/tie/loss 0/0/1


==== money/400/lr1_4_2/vroom rc=0 wall=12.617
lr1_4_2,9541061,0,12.5,veh=35,dur=23395019,wait=9853958


==== money/400/lr1_4_3/commiv rc=0 wall=30.060
instance,n_pairs,bks_veh,veh,bks_dist,dist,gap_pct,ms,dur,wait
lr1_4_3,208,22,25,9245.477,8990.866,-2.75,30056,15570.600,2579.734
summary: 1 instances, mean dist gap -2.75%, vehicles win/tie/loss 0/0/1


==== money/400/lr1_4_3/vroom rc=0 wall=13.506
lr1_4_3,8521927,0,13.4,veh=26,dur=17364628,wait=4842701


==== money/400/lr1_4_4/commiv rc=0 wall=30.112
instance,n_pairs,bks_veh,veh,bks_dist,dist,gap_pct,ms,dur,wait
lr1_4_4,210,15,18,7007.893,6883.732,-1.77,30108,11370.275,486.543
summary: 1 instances, mean dist gap -1.77%, vehicles win/tie/loss 0/0/1


==== money/400/lr1_4_4/vroom rc=0 wall=16.495
lr1_4_4,6703367,0,16.4,veh=19,dur=12721769,wait=2018402


==== money/400/lr1_4_5/commiv rc=0 wall=30.052
instance,n_pairs,bks_veh,veh,bks_dist,dist,gap_pct,ms,dur,wait
lr1_4_5,206,28,30,11374.063,10397.922,-8.58,30047,19458.466,5060.544
summary: 1 instances, mean dist gap -8.58%, vehicles win/tie/loss 0/0/1


==== money/400/lr1_4_5/vroom rc=0 wall=9.023
lr1_4_5,10041190,0,8.9,veh=32,dur=21109143,wait=7067953


==== money/400/lr1_4_6/commiv rc=0 wall=30.058
instance,n_pairs,bks_veh,veh,bks_dist,dist,gap_pct,ms,dur,wait
lr1_4_6,211,23,26,11334.108,9750.922,-13.97,30054,16342.497,2591.575
summary: 1 instances, mean dist gap -13.97%, vehicles win/tie/loss 0/0/1


==== money/400/lr1_4_6/vroom rc=0 wall=10.851
lr1_4_6,9388446,0,10.8,veh=29,dur=18679852,wait=5291406


==== money/400/lr1_4_7/commiv rc=0 wall=30.075
instance,n_pairs,bks_veh,veh,bks_dist,dist,gap_pct,ms,dur,wait
lr1_4_7,208,18,21,8675.357,8072.201,-6.95,30071,13602.797,1530.596
summary: 1 instances, mean dist gap -6.95%, vehicles win/tie/loss 0/0/1


==== money/400/lr1_4_7/vroom rc=0 wall=13.262
lr1_4_7,7890880,0,13.2,veh=23,dur=15021172,wait=3130292


==== money/400/lr1_4_8/commiv rc=0 wall=30.129
instance,n_pairs,bks_veh,veh,bks_dist,dist,gap_pct,ms,dur,wait
lr1_4_8,211,13,15,6164.821,5966.664,-3.21,30125,10134.345,167.681
summary: 1 instances, mean dist gap -3.21%, vehicles win/tie/loss 0/0/1


==== money/400/lr1_4_8/vroom rc=0 wall=16.025
lr1_4_8,6178973,0,15.9,veh=16,dur=11391608,wait=1212635


==== money/400/lr1_4_9/commiv rc=0 wall=30.056
instance,n_pairs,bks_veh,veh,bks_dist,dist,gap_pct,ms,dur,wait
lr1_4_9,209,24,25,9859.472,10083.596,2.27,30052,15728.589,1644.993
summary: 1 instances, mean dist gap 2.27%, vehicles win/tie/loss 0/0/1


==== money/400/lr1_4_9/vroom rc=0 wall=9.199
lr1_4_9,9658986,0,9.1,veh=28,dur=18029381,wait=4370395


==== money/400/lr2_4_1/commiv rc=0 wall=30.138
instance,n_pairs,bks_veh,veh,bks_dist,dist,gap_pct,ms,dur,wait
lr2_4_1,201,8,8,9726.890,10131.893,4.16,30134,20296.324,6164.431
summary: 1 instances, mean dist gap 4.16%, vehicles win/tie/loss 0/1/0


==== money/400/lr2_4_1/vroom rc=0 wall=6.953
lr2_4_1,9713393,0,6.9,veh=9,dur=23108769,wait=9395376


==== money/400/lr2_4_10/commiv rc=0 wall=30.266
instance,n_pairs,bks_veh,veh,bks_dist,dist,gap_pct,ms,dur,wait
lr2_4_10,202,5,6,7596.621,7973.792,4.96,30262,13114.205,1140.413
summary: 1 instances, mean dist gap 4.96%, vehicles win/tie/loss 0/0/1


==== money/400/lr2_4_10/vroom rc=0 wall=11.372
lr2_4_10,7426735,0,11.3,veh=7,dur=16155757,wait=4729022


==== money/400/lr2_4_2/commiv rc=0 wall=30.233
instance,n_pairs,bks_veh,veh,bks_dist,dist,gap_pct,ms,dur,wait
lr2_4_2,201,7,8,9405.401,8730.976,-7.17,30229,19274.908,6543.932
summary: 1 instances, mean dist gap -7.17%, vehicles win/tie/loss 0/0/1


==== money/400/lr2_4_2/vroom rc=0 wall=10.452
lr2_4_2,8152226,0,10.4,veh=10,dur=25049108,wait=12896882


==== money/400/lr2_4_3/commiv rc=0 wall=30.338
instance,n_pairs,bks_veh,veh,bks_dist,dist,gap_pct,ms,dur,wait
lr2_4_3,202,5,7,10176.936,8192.673,-19.50,30334,15972.391,3779.718
summary: 1 instances, mean dist gap -19.50%, vehicles win/tie/loss 0/0/1


==== money/400/lr2_4_3/vroom rc=0 wall=15.196
lr2_4_3,6809818,0,15.1,veh=8,dur=20054135,wait=9244317


==== money/400/lr2_4_4/commiv rc=0 wall=30.598
instance,n_pairs,bks_veh,veh,bks_dist,dist,gap_pct,ms,dur,wait
lr2_4_4,202,4,5,6201.837,6461.620,4.19,30594,11231.402,769.782
summary: 1 instances, mean dist gap 4.19%, vehicles win/tie/loss 0/0/1


==== money/400/lr2_4_4/vroom rc=0 wall=21.156
lr2_4_4,5612512,0,21.1,veh=6,dur=15122509,wait=5509997


==== money/400/lr2_4_5/commiv rc=0 wall=30.199
instance,n_pairs,bks_veh,veh,bks_dist,dist,gap_pct,ms,dur,wait
lr2_4_5,202,6,7,9894.464,9299.345,-6.01,30195,16678.374,3379.029
summary: 1 instances, mean dist gap -6.01%, vehicles win/tie/loss 0/0/1


==== money/400/lr2_4_5/vroom rc=0 wall=8.791
lr2_4_5,7841030,0,8.7,veh=8,dur=19999495,wait=8158465


==== money/400/lr2_4_6/commiv rc=0 wall=30.292
instance,n_pairs,bks_veh,veh,bks_dist,dist,gap_pct,ms,dur,wait
lr2_4_6,201,5,6,8946.910,9053.255,1.19,30287,14614.818,1561.563
summary: 1 instances, mean dist gap 1.19%, vehicles win/tie/loss 0/0/1


==== money/400/lr2_4_6/vroom rc=0 wall=11.558
lr2_4_6,6914110,0,11.5,veh=8,dur=19381855,wait=8467745


==== money/400/lr2_4_7/commiv rc=0 wall=30.409
instance,n_pairs,bks_veh,veh,bks_dist,dist,gap_pct,ms,dur,wait
lr2_4_7,203,4,5,7993.151,7643.601,-4.37,30405,12378.020,734.419
summary: 1 instances, mean dist gap -4.37%, vehicles win/tie/loss 0/0/1


==== money/400/lr2_4_7/vroom rc=0 wall=16.762
lr2_4_7,6166487,0,16.7,veh=7,dur=17637580,wait=7471093


==== money/400/lr2_4_8/commiv rc=0 wall=30.772
instance,n_pairs,bks_veh,veh,bks_dist,dist,gap_pct,ms,dur,wait
lr2_4_8,202,4,4,5260.408,6133.371,16.59,30768,10272.799,139.428
summary: 1 instances, mean dist gap 16.59%, vehicles win/tie/loss 0/1/0


==== money/400/lr2_4_8/vroom rc=0 wall=21.868
lr2_4_8,5280647,0,21.8,veh=6,dur=14700415,wait=5419768


==== money/400/lr2_4_9/commiv rc=0 wall=30.190
instance,n_pairs,bks_veh,veh,bks_dist,dist,gap_pct,ms,dur,wait
lr2_4_9,202,6,6,7926.076,8592.657,8.41,30186,14759.840,2167.183
summary: 1 instances, mean dist gap 8.41%, vehicles win/tie/loss 0/1/0


==== money/400/lr2_4_9/vroom rc=0 wall=10.614
lr2_4_9,7509242,0,10.5,veh=8,dur=18617223,wait=7107981


==== money/400/lrc1_4_1/commiv rc=0 wall=30.044
instance,n_pairs,bks_veh,veh,bks_dist,dist,gap_pct,ms,dur,wait
lrc1_4_1,208,36,37,9124.504,9626.828,5.51,30040,17351.015,3724.187
summary: 1 instances, mean dist gap 5.51%, vehicles win/tie/loss 0/0/1


==== money/400/lrc1_4_1/vroom rc=0 wall=10.321
lrc1_4_1,9080100,0,10.2,veh=37,dur=20861417,wait=7781317


==== money/400/lrc1_4_10/commiv rc=0 wall=30.054
instance,n_pairs,bks_veh,veh,bks_dist,dist,gap_pct,ms,dur,wait
lrc1_4_10,209,23,25,7064.350,7479.790,5.88,30050,12003.988,524.198
summary: 1 instances, mean dist gap 5.88%, vehicles win/tie/loss 0/0/1


==== money/400/lrc1_4_10/vroom rc=0 wall=10.756
lrc1_4_10,7522682,0,10.7,veh=27,dur=14845877,wait=3323195


==== money/400/lrc1_4_2/commiv rc=0 wall=30.049
instance,n_pairs,bks_veh,veh,bks_dist,dist,gap_pct,ms,dur,wait
lrc1_4_2,209,31,33,8346.056,8942.337,7.14,30045,14499.454,1557.117
summary: 1 instances, mean dist gap 7.14%, vehicles win/tie/loss 0/0/1


==== money/400/lrc1_4_2/vroom rc=0 wall=11.941
lrc1_4_2,8138539,0,11.9,veh=34,dur=18275500,wait=6136961


==== money/400/lrc1_4_3/commiv rc=0 wall=30.065
instance,n_pairs,bks_veh,veh,bks_dist,dist,gap_pct,ms,dur,wait
lrc1_4_3,206,24,26,7805.154,7692.078,-1.45,30061,12567.751,875.673
summary: 1 instances, mean dist gap -1.45%, vehicles win/tie/loss 0/0/1


==== money/400/lrc1_4_3/vroom rc=0 wall=12.548
lrc1_4_3,7510863,0,12.5,veh=28,dur=15015280,wait=3504417


==== money/400/lrc1_4_4/commiv rc=0 wall=30.104
instance,n_pairs,bks_veh,veh,bks_dist,dist,gap_pct,ms,dur,wait
lrc1_4_4,207,19,19,5803.310,6137.047,5.75,30100,10229.148,92.101
summary: 1 instances, mean dist gap 5.75%, vehicles win/tie/loss 0/1/0


==== money/400/lrc1_4_4/vroom rc=0 wall=15.207
lrc1_4_4,6058535,0,15.1,veh=20,dur=11344047,wait=1285512


==== money/400/lrc1_4_5/commiv rc=0 wall=30.040
instance,n_pairs,bks_veh,veh,bks_dist,dist,gap_pct,ms,dur,wait
lrc1_4_5,207,32,34,8847.404,9581.975,8.30,30036,15623.922,2041.947
summary: 1 instances, mean dist gap 8.30%, vehicles win/tie/loss 0/0/1


==== money/400/lrc1_4_5/vroom rc=0 wall=10.509
lrc1_4_5,9032701,0,10.4,veh=36,dur=19268648,wait=6235947


==== money/400/lrc1_4_6/commiv rc=0 wall=30.043
instance,n_pairs,bks_veh,veh,bks_dist,dist,gap_pct,ms,dur,wait
lrc1_4_6,208,30,32,8394.458,8849.783,5.42,30040,14466.120,1616.337
summary: 1 instances, mean dist gap 5.42%, vehicles win/tie/loss 0/0/1


==== money/400/lrc1_4_6/vroom rc=0 wall=10.168
lrc1_4_6,8304655,0,10.1,veh=33,dur=17914997,wait=5610342


==== money/400/lrc1_4_7/commiv rc=0 wall=30.048
instance,n_pairs,bks_veh,veh,bks_dist,dist,gap_pct,ms,dur,wait
lrc1_4_7,211,28,30,8037.860,8644.671,7.55,30044,14494.832,1850.161
summary: 1 instances, mean dist gap 7.55%, vehicles win/tie/loss 0/0/1


==== money/400/lrc1_4_7/vroom rc=0 wall=11.022
lrc1_4_7,8191829,0,10.9,veh=32,dur=17053805,wait=4861976


==== money/400/lrc1_4_8/commiv rc=0 wall=30.047
instance,n_pairs,bks_veh,veh,bks_dist,dist,gap_pct,ms,dur,wait
lrc1_4_8,208,26,28,7930.144,7943.025,0.16,30043,12903.069,960.044
summary: 1 instances, mean dist gap 0.16%, vehicles win/tie/loss 0/0/1


==== money/400/lrc1_4_8/vroom rc=0 wall=11.418
lrc1_4_8,8099169,0,11.3,veh=31,dur=15933309,wait=3834140


==== money/400/lrc1_4_9/commiv rc=0 wall=30.051
instance,n_pairs,bks_veh,veh,bks_dist,dist,gap_pct,ms,dur,wait
lrc1_4_9,209,25,27,8004.232,8410.645,5.08,30047,12914.851,504.206
summary: 1 instances, mean dist gap 5.08%, vehicles win/tie/loss 0/0/1


==== money/400/lrc1_4_9/vroom rc=0 wall=10.863
lrc1_4_9,8270012,0,10.8,veh=29,dur=15832223,wait=3562211


==== money/400/lrc2_4_1/commiv rc=0 wall=30.105
instance,n_pairs,bks_veh,veh,bks_dist,dist,gap_pct,ms,dur,wait
lrc2_4_1,203,11,13,9738.947,10207.108,4.81,30101,20487.574,6280.466
summary: 1 instances, mean dist gap 4.81%, vehicles win/tie/loss 0/0/1


==== money/400/lrc2_4_1/vroom rc=0 wall=8.620
lrc2_4_1,6814168,0,8.5,veh=13,dur=29972201,wait=19158033


==== money/400/lrc2_4_10/commiv rc=0 wall=30.208
instance,n_pairs,bks_veh,veh,bks_dist,dist,gap_pct,ms,dur,wait
lrc2_4_10,203,6,7,5395.692,6346.940,17.63,30204,11106.984,760.044
summary: 1 instances, mean dist gap 17.63%, vehicles win/tie/loss 0/0/1


==== money/400/lrc2_4_10/vroom rc=0 wall=13.509
lrc2_4_10,4871997,0,13.4,veh=8,dur=16822755,wait=7950758


==== money/400/lrc2_4_2/commiv rc=0 wall=30.124
instance,n_pairs,bks_veh,veh,bks_dist,dist,gap_pct,ms,dur,wait
lrc2_4_2,203,10,11,7159.945,9004.332,25.76,30120,16031.379,3027.047
summary: 1 instances, mean dist gap 25.76%, vehicles win/tie/loss 0/0/1


==== money/400/lrc2_4_2/vroom rc=0 wall=11.343
lrc2_4_2,6949823,0,11.3,veh=12,dur=24694297,wait=13744474


==== money/400/lrc2_4_3/commiv rc=0 wall=30.178
instance,n_pairs,bks_veh,veh,bks_dist,dist,gap_pct,ms,dur,wait
lrc2_4_3,201,8,9,6426.460,7365.366,14.61,30174,13332.561,1967.195
summary: 1 instances, mean dist gap 14.61%, vehicles win/tie/loss 0/0/1


==== money/400/lrc2_4_3/vroom rc=0 wall=16.491
lrc2_4_3,6051912,0,16.4,veh=10,dur=20391115,wait=10339203


==== money/400/lrc2_4_4/commiv rc=0 wall=30.392
instance,n_pairs,bks_veh,veh,bks_dist,dist,gap_pct,ms,dur,wait
lrc2_4_4,203,5,7,5238.766,6004.515,14.62,30388,10299.248,294.733
summary: 1 instances, mean dist gap 14.62%, vehicles win/tie/loss 0/0/1


==== money/400/lrc2_4_4/vroom rc=0 wall=21.792
lrc2_4_4,3992642,0,21.7,veh=8,dur=17097638,wait=9104996


==== money/400/lrc2_4_5/commiv rc=0 wall=30.112
instance,n_pairs,bks_veh,veh,bks_dist,dist,gap_pct,ms,dur,wait
lrc2_4_5,203,10,11,7309.537,8499.343,16.28,30108,17470.023,4970.680
summary: 1 instances, mean dist gap 16.28%, vehicles win/tie/loss 0/0/1


==== money/400/lrc2_4_5/vroom rc=0 wall=10.769
lrc2_4_5,6452012,0,10.7,veh=12,dur=26442845,wait=15990833


==== money/400/lrc2_4_6/commiv rc=0 wall=30.119
instance,n_pairs,bks_veh,veh,bks_dist,dist,gap_pct,ms,dur,wait
lrc2_4_6,203,9,10,6337.076,7786.849,22.88,30115,15800.534,4013.685
summary: 1 instances, mean dist gap 22.88%, vehicles win/tie/loss 0/0/1


==== money/400/lrc2_4_6/vroom rc=0 wall=9.933
lrc2_4_6,6301117,0,9.9,veh=11,dur=23346851,wait=13045734


==== money/400/lrc2_4_7/commiv rc=0 wall=30.133
instance,n_pairs,bks_veh,veh,bks_dist,dist,gap_pct,ms,dur,wait
lrc2_4_7,202,8,9,6292.227,7398.128,17.58,30129,14909.763,3511.635
summary: 1 instances, mean dist gap 17.58%, vehicles win/tie/loss 0/0/1


==== money/400/lrc2_4_7/vroom rc=0 wall=10.973
lrc2_4_7,5887372,0,10.9,veh=10,dur=21442426,wait=11555054


==== money/400/lrc2_4_8/commiv rc=0 wall=30.159
instance,n_pairs,bks_veh,veh,bks_dist,dist,gap_pct,ms,dur,wait
lrc2_4_8,201,7,8,5767.709,6733.560,16.75,30155,12932.885,2199.325
summary: 1 instances, mean dist gap 16.75%, vehicles win/tie/loss 0/0/1


==== money/400/lrc2_4_8/vroom rc=0 wall=12.358
lrc2_4_8,5237338,0,12.3,veh=8,dur=17870125,wait=8632787


==== money/400/lrc2_4_9/commiv rc=0 wall=30.145
instance,n_pairs,bks_veh,veh,bks_dist,dist,gap_pct,ms,dur,wait
lrc2_4_9,203,6,8,6272.915,6755.064,7.69,30141,12533.552,1778.488
summary: 1 instances, mean dist gap 7.69%, vehicles win/tie/loss 0/0/1


==== money/400/lrc2_4_9/vroom rc=0 wall=12.632
lrc2_4_9,4913843,0,12.5,veh=8,dur=17409217,wait=8495374


==== money/600/lc1_6_1/commiv rc=0 wall=45.089
instance,n_pairs,bks_veh,veh,bks_dist,dist,gap_pct,ms,dur,wait
lc1_6_1,315,60,60,14095.610,14120.362,0.18,45084,68269.069,148.707
summary: 1 instances, mean dist gap 0.18%, vehicles win/tie/loss 0/1/0


==== money/600/lc1_6_1/vroom rc=0 wall=15.101
lc1_6_1,14095610,0,14.9,veh=60,dur=68392680,wait=297070


==== money/600/lc1_6_10/commiv rc=0 wall=45.091
instance,n_pairs,bks_veh,veh,bks_dist,dist,gap_pct,ms,dur,wait
lc1_6_10,319,51,55,15432.533,15255.803,-1.15,45085,69255.803,0.000
summary: 1 instances, mean dist gap -1.15%, vehicles win/tie/loss 0/0/1


==== money/600/lc1_6_10/vroom rc=0 wall=41.631
lc1_6_10,15255598,0,41.5,veh=57,dur=69312997,wait=57399


==== money/600/lc1_6_2/commiv rc=0 wall=45.093
instance,n_pairs,bks_veh,veh,bks_dist,dist,gap_pct,ms,dur,wait
lc1_6_2,314,57,59,15048.134,14301.393,-4.96,45088,68694.524,393.131
summary: 1 instances, mean dist gap -4.96%, vehicles win/tie/loss 0/0/1


==== money/600/lc1_6_2/vroom rc=0 wall=34.187
lc1_6_2,14244026,0,34.0,veh=59,dur=69088300,wait=844274


==== money/600/lc1_6_3/commiv rc=0 wall=45.106
instance,n_pairs,bks_veh,veh,bks_dist,dist,gap_pct,ms,dur,wait
lc1_6_3,314,49,53,14874.650,15031.487,1.05,45100,69091.769,60.282
summary: 1 instances, mean dist gap 1.05%, vehicles win/tie/loss 0/0/1


==== money/600/lc1_6_3/vroom rc=0 wall=40.681
lc1_6_3,14153929,0,40.5,veh=55,dur=69887597,wait=1733668


==== money/600/lc1_6_4/commiv rc=0 wall=45.112
instance,n_pairs,bks_veh,veh,bks_dist,dist,gap_pct,ms,dur,wait
lc1_6_4,314,47,50,13300.527,14669.425,10.29,45107,68724.572,55.147
summary: 1 instances, mean dist gap 10.29%, vehicles win/tie/loss 0/0/1


==== money/600/lc1_6_4/vroom rc=0 wall=45.247
lc1_6_4,13741442,0,45.1,veh=49,dur=68162841,wait=421399


==== money/600/lc1_6_5/commiv rc=0 wall=45.080
instance,n_pairs,bks_veh,veh,bks_dist,dist,gap_pct,ms,dur,wait
lc1_6_5,314,60,60,14086.265,14094.839,0.06,45074,68094.839,0.000
summary: 1 instances, mean dist gap 0.06%, vehicles win/tie/loss 0/1/0


==== money/600/lc1_6_5/vroom rc=0 wall=19.765
lc1_6_5,14086265,0,19.6,veh=60,dur=68208819,wait=122554


==== money/600/lc1_6_6/commiv rc=0 wall=45.078
instance,n_pairs,bks_veh,veh,bks_dist,dist,gap_pct,ms,dur,wait
lc1_6_6,314,60,60,14090.756,14093.644,0.02,45072,68286.922,193.278
summary: 1 instances, mean dist gap 0.02%, vehicles win/tie/loss 0/1/0


==== money/600/lc1_6_6/vroom rc=0 wall=25.367
lc1_6_6,14090756,0,25.2,veh=60,dur=68307953,wait=217197


==== money/600/lc1_6_7/commiv rc=0 wall=45.084
instance,n_pairs,bks_veh,veh,bks_dist,dist,gap_pct,ms,dur,wait
lc1_6_7,314,60,60,14083.722,14086.452,0.02,45079,68086.452,0.000
summary: 1 instances, mean dist gap 0.02%, vehicles win/tie/loss 0/1/0


==== money/600/lc1_6_7/vroom rc=0 wall=22.465
lc1_6_7,14083722,0,22.3,veh=60,dur=68085722,wait=2000


==== money/600/lc1_6_8/commiv rc=0 wall=45.082
instance,n_pairs,bks_veh,veh,bks_dist,dist,gap_pct,ms,dur,wait
lc1_6_8,317,58,59,14880.666,14796.696,-0.56,45077,68808.080,11.384
summary: 1 instances, mean dist gap -0.56%, vehicles win/tie/loss 0/0/1


==== money/600/lc1_6_8/vroom rc=0 wall=36.107
lc1_6_8,14648395,0,35.9,veh=60,dur=68796420,wait=148025


==== money/600/lc1_6_9/commiv rc=0 wall=45.085
instance,n_pairs,bks_veh,veh,bks_dist,dist,gap_pct,ms,dur,wait
lc1_6_9,316,53,56,15207.560,14897.641,-2.04,45080,68922.558,24.917
summary: 1 instances, mean dist gap -2.04%, vehicles win/tie/loss 0/0/1


==== money/600/lc1_6_9/vroom rc=0 wall=40.333
lc1_6_9,14952989,0,40.2,veh=58,dur=69052291,wait=99302


==== money/600/lc2_6_1/commiv rc=0 wall=45.234
instance,n_pairs,bks_veh,veh,bks_dist,dist,gap_pct,ms,dur,wait
lc2_6_1,304,19,19,7977.960,8580.507,7.55,45230,63068.104,487.597
summary: 1 instances, mean dist gap 7.55%, vehicles win/tie/loss 0/1/0


==== money/600/lc2_6_1/vroom rc=0 wall=12.839
lc2_6_1,7977960,0,12.7,veh=19,dur=64199722,wait=2221762


==== money/600/lc2_6_10/commiv rc=0 wall=45.220
instance,n_pairs,bks_veh,veh,bks_dist,dist,gap_pct,ms,dur,wait
lc2_6_10,304,17,18,7946.600,7994.760,0.61,45215,62008.287,13.527
summary: 1 instances, mean dist gap 0.61%, vehicles win/tie/loss 0/0/1


==== money/600/lc2_6_10/vroom rc=0 wall=28.434
lc2_6_10,7953625,0,28.3,veh=18,dur=62142092,wait=188467


==== money/600/lc2_6_2/commiv rc=0 wall=45.236
instance,n_pairs,bks_veh,veh,bks_dist,dist,gap_pct,ms,dur,wait
lc2_6_2,302,18,19,9900.468,8977.030,-9.33,45231,64004.451,1027.421
summary: 1 instances, mean dist gap -9.33%, vehicles win/tie/loss 0/0/1


==== money/600/lc2_6_2/vroom rc=0 wall=22.572
lc2_6_2,8410784,0,22.4,veh=19,dur=65632582,wait=3221798


==== money/600/lc2_6_3/commiv rc=0 wall=45.296
instance,n_pairs,bks_veh,veh,bks_dist,dist,gap_pct,ms,dur,wait
lc2_6_3,304,17,18,8512.926,8923.433,4.82,45292,63045.662,122.229
summary: 1 instances, mean dist gap 4.82%, vehicles win/tie/loss 0/0/1


==== money/600/lc2_6_3/vroom rc=0 wall=32.749
lc2_6_3,7517241,0,32.6,veh=18,dur=63935527,wait=2418286


==== money/600/lc2_6_4/commiv rc=0 wall=45.366
instance,n_pairs,bks_veh,veh,bks_dist,dist,gap_pct,ms,dur,wait
lc2_6_4,306,17,18,7860.382,10768.265,36.99,45361,64864.828,96.563
summary: 1 instances, mean dist gap 36.99%, vehicles win/tie/loss 0/0/1


==== money/600/lc2_6_4/vroom rc=0 wall=42.725
lc2_6_4,8270145,0,42.6,veh=18,dur=64266930,wait=1996785


==== money/600/lc2_6_5/commiv rc=0 wall=45.205
instance,n_pairs,bks_veh,veh,bks_dist,dist,gap_pct,ms,dur,wait
lc2_6_5,304,18,19,9051.514,8372.265,-7.50,45199,62514.189,141.924
summary: 1 instances, mean dist gap -7.50%, vehicles win/tie/loss 0/0/1


==== money/600/lc2_6_5/vroom rc=0 wall=19.702
lc2_6_5,8397794,0,19.5,veh=20,dur=65741051,wait=3343257


==== money/600/lc2_6_6/commiv rc=0 wall=45.195
instance,n_pairs,bks_veh,veh,bks_dist,dist,gap_pct,ms,dur,wait
lc2_6_6,305,18,19,8775.535,8595.243,-2.05,45190,62630.709,35.466
summary: 1 instances, mean dist gap -2.05%, vehicles win/tie/loss 0/0/1


==== money/600/lc2_6_6/vroom rc=0 wall=22.944
lc2_6_6,8243762,0,22.8,veh=20,dur=64015391,wait=1771629


==== money/600/lc2_6_7/commiv rc=0 wall=45.190
instance,n_pairs,bks_veh,veh,bks_dist,dist,gap_pct,ms,dur,wait
lc2_6_7,304,18,19,9376.567,8679.112,-7.44,45185,62978.542,299.430
summary: 1 instances, mean dist gap -7.44%, vehicles win/tie/loss 0/0/1


==== money/600/lc2_6_7/vroom rc=0 wall=23.951
lc2_6_7,8345532,0,23.8,veh=19,dur=64054474,wait=1708942


==== money/600/lc2_6_8/commiv rc=0 wall=45.225
instance,n_pairs,bks_veh,veh,bks_dist,dist,gap_pct,ms,dur,wait
lc2_6_8,306,18,18,7579.919,7827.134,3.26,45220,61827.134,0.000
summary: 1 instances, mean dist gap 3.26%, vehicles win/tie/loss 0/1/0


==== money/600/lc2_6_8/vroom rc=0 wall=22.861
lc2_6_8,8112038,0,22.7,veh=19,dur=63636920,wait=1524882


==== money/600/lc2_6_9/commiv rc=0 wall=45.209
instance,n_pairs,bks_veh,veh,bks_dist,dist,gap_pct,ms,dur,wait
lc2_6_9,307,18,20,8714.215,9516.010,9.20,45204,63709.848,193.838
summary: 1 instances, mean dist gap 9.20%, vehicles win/tie/loss 0/0/1


==== money/600/lc2_6_9/vroom rc=0 wall=29.231
lc2_6_9,8321195,0,29.1,veh=19,dur=64272728,wait=1951533


==== money/600/lr1_6_1/commiv rc=0 wall=45.098
instance,n_pairs,bks_veh,veh,bks_dist,dist,gap_pct,ms,dur,wait
lr1_6_1,317,59,60,22821.662,25451.977,11.53,45093,51127.932,19675.955
summary: 1 instances, mean dist gap 11.53%, vehicles win/tie/loss 0/0/1


==== money/600/lr1_6_1/vroom rc=0 wall=30.929
lr1_6_1,23590141,0,30.8,veh=60,dur=58788376,wait=29198235


==== money/600/lr1_6_10/commiv rc=0 wall=45.157
instance,n_pairs,bks_veh,veh,bks_dist,dist,gap_pct,ms,dur,wait
lr1_6_10,314,25,28,19298.256,18821.300,-2.47,45150,26868.499,2047.199
summary: 1 instances, mean dist gap -2.47%, vehicles win/tie/loss 0/0/1


==== money/600/lr1_6_10/vroom rc=0 wall=25.125
lr1_6_10,18332639,0,25.0,veh=31,dur=31071578,wait=6738939


==== money/600/lr1_6_2/commiv rc=0 wall=45.124
instance,n_pairs,bks_veh,veh,bks_dist,dist,gap_pct,ms,dur,wait
lr1_6_2,315,45,45,20137.220,23029.857,14.36,45118,41325.102,12295.245
summary: 1 instances, mean dist gap 14.36%, vehicles win/tie/loss 0/1/0


==== money/600/lr1_6_2/vroom rc=0 wall=34.535
lr1_6_2,20271638,0,34.4,veh=51,dur=51385715,wait=25114077


==== money/600/lr1_6_3/commiv rc=0 wall=45.156
instance,n_pairs,bks_veh,veh,bks_dist,dist,gap_pct,ms,dur,wait
lr1_6_3,317,37,38,17846.169,20671.205,15.83,45151,33158.533,6487.328
summary: 1 instances, mean dist gap 15.83%, vehicles win/tie/loss 0/0/1


==== money/600/lr1_6_3/vroom rc=0 wall=38.676
lr1_6_3,19244148,0,38.5,veh=38,dur=40166887,wait=14922739


==== money/600/lr1_6_4/commiv rc=0 wall=45.251
instance,n_pairs,bks_veh,veh,bks_dist,dist,gap_pct,ms,dur,wait
lr1_6_4,313,28,28,13127.560,15075.571,14.84,45246,22855.060,1779.489
summary: 1 instances, mean dist gap 14.84%, vehicles win/tie/loss 0/1/0


==== money/600/lr1_6_4/vroom rc=0 wall=45.044
lr1_6_4,13865049,0,44.9,veh=29,dur=29183294,wait=9318245


==== money/600/lr1_6_5/commiv rc=0 wall=45.115
instance,n_pairs,bks_veh,veh,bks_dist,dist,gap_pct,ms,dur,wait
lr1_6_5,313,37,39,23623.522,22564.268,-4.48,45110,39320.205,10755.937
summary: 1 instances, mean dist gap -4.48%, vehicles win/tie/loss 0/0/1


==== money/600/lr1_6_5/vroom rc=0 wall=25.677
lr1_6_5,21509825,0,25.5,veh=45,dur=45766266,wait=18256441


==== money/600/lr1_6_6/commiv rc=0 wall=45.147
instance,n_pairs,bks_veh,veh,bks_dist,dist,gap_pct,ms,dur,wait
lr1_6_6,315,30,33,23084.508,20571.062,-10.89,45142,33211.401,6640.339
summary: 1 instances, mean dist gap -10.89%, vehicles win/tie/loss 0/0/1


==== money/600/lr1_6_6/vroom rc=0 wall=31.338
lr1_6_6,19690149,0,31.2,veh=40,dur=40386110,wait=14695961


==== money/600/lr1_6_7/commiv rc=0 wall=45.191
instance,n_pairs,bks_veh,veh,bks_dist,dist,gap_pct,ms,dur,wait
lr1_6_7,312,24,27,16963.367,16964.397,0.01,45185,26608.176,3643.779
summary: 1 instances, mean dist gap 0.01%, vehicles win/tie/loss 0/0/1


==== money/600/lr1_6_7/vroom rc=0 wall=33.682
lr1_6_7,16154240,0,33.5,veh=32,dur=33012885,wait=10858645


==== money/600/lr1_6_8/commiv rc=0 wall=45.330
instance,n_pairs,bks_veh,veh,bks_dist,dist,gap_pct,ms,dur,wait
lr1_6_8,314,18,19,11917.700,12884.976,8.12,45325,19835.219,950.243
summary: 1 instances, mean dist gap 8.12%, vehicles win/tie/loss 0/0/1


==== money/600/lr1_6_8/vroom rc=0 wall=43.167
lr1_6_8,12331725,0,43.0,veh=22,dur=23526604,wait=5194879


==== money/600/lr1_6_9/commiv rc=0 wall=45.132
instance,n_pairs,bks_veh,veh,bks_dist,dist,gap_pct,ms,dur,wait
lr1_6_9,312,31,33,21835.879,21557.225,-1.28,45127,32478.768,4921.543
summary: 1 instances, mean dist gap -1.28%, vehicles win/tie/loss 0/0/1


==== money/600/lr1_6_9/vroom rc=0 wall=22.738
lr1_6_9,20267234,0,22.6,veh=38,dur=38544310,wait=12277076


==== money/600/lr2_6_1/commiv rc=0 wall=45.370
instance,n_pairs,bks_veh,veh,bks_dist,dist,gap_pct,ms,dur,wait
lr2_6_1,304,11,12,21759.332,21817.025,0.27,45365,43331.947,15514.922
summary: 1 instances, mean dist gap 0.27%, vehicles win/tie/loss 0/0/1


==== money/600/lr2_6_1/vroom rc=0 wall=19.646
lr2_6_1,19267880,0,19.5,veh=13,dur=51898226,wait=26630346


==== money/600/lr2_6_10/commiv rc=0 wall=45.553
instance,n_pairs,bks_veh,veh,bks_dist,dist,gap_pct,ms,dur,wait
lr2_6_10,302,7,8,16390.646,16529.050,0.84,45548,28079.419,5550.369
summary: 1 instances, mean dist gap 0.84%, vehicles win/tie/loss 0/0/1


==== money/600/lr2_6_10/vroom rc=0 wall=25.006
lr2_6_10,16277327,0,24.9,veh=11,dur=39534096,wait=17256769


==== money/600/lr2_6_2/commiv rc=0 wall=45.581
instance,n_pairs,bks_veh,veh,bks_dist,dist,gap_pct,ms,dur,wait
lr2_6_2,304,9,11,21289.702,20264.599,-4.82,45576,38518.774,12254.175
summary: 1 instances, mean dist gap -4.82%, vehicles win/tie/loss 0/0/1


==== money/600/lr2_6_2/vroom rc=0 wall=30.540
lr2_6_2,16969205,0,30.4,veh=13,dur=50491987,wait=27522782


==== money/600/lr2_6_3/commiv rc=0 wall=46.035
instance,n_pairs,bks_veh,veh,bks_dist,dist,gap_pct,ms,dur,wait
lr2_6_3,301,7,10,17480.062,17142.351,-1.93,46030,30602.726,7460.375
summary: 1 instances, mean dist gap -1.93%, vehicles win/tie/loss 0/0/1


==== money/600/lr2_6_3/vroom rc=0 wall=37.362
lr2_6_3,15418577,0,37.2,veh=11,dur=42617121,wait=21198544


==== money/600/lr2_6_4/commiv rc=0 wall=46.320
instance,n_pairs,bks_veh,veh,bks_dist,dist,gap_pct,ms,dur,wait
lr2_6_4,301,6,7,10639.081,13263.118,24.66,46314,21844.926,2581.808
summary: 1 instances, mean dist gap 24.66%, vehicles win/tie/loss 0/0/1


==== money/600/lr2_6_4/vroom rc=0 wall=56.200
lr2_6_4,11636076,0,56.0,veh=9,dur=34197458,wait=16561382


==== money/600/lr2_6_5/commiv rc=0 wall=45.496
instance,n_pairs,bks_veh,veh,bks_dist,dist,gap_pct,ms,dur,wait
lr2_6_5,303,8,9,22625.895,20940.514,-7.45,45491,33896.614,6956.100
summary: 1 instances, mean dist gap -7.45%, vehicles win/tie/loss 0/0/1


==== money/600/lr2_6_5/vroom rc=0 wall=21.453
lr2_6_5,17034737,0,21.3,veh=12,dur=44654276,wait=21619539


==== money/600/lr2_6_6/commiv rc=0 wall=45.695
instance,n_pairs,bks_veh,veh,bks_dist,dist,gap_pct,ms,dur,wait
lr2_6_6,302,7,8,19099.479,18648.534,-2.36,45689,29596.160,4947.626
summary: 1 instances, mean dist gap -2.36%, vehicles win/tie/loss 0/0/1


==== money/600/lr2_6_6/vroom rc=0 wall=30.165
lr2_6_6,16297691,0,30.0,veh=11,dur=41850855,wait=19553164


==== money/600/lr2_6_7/commiv rc=0 wall=46.024
instance,n_pairs,bks_veh,veh,bks_dist,dist,gap_pct,ms,dur,wait
lr2_6_7,303,6,8,14645.319,15495.268,5.80,46019,25454.079,3958.811
summary: 1 instances, mean dist gap 5.80%, vehicles win/tie/loss 0/0/1


==== money/600/lr2_6_7/vroom rc=0 wall=42.909
lr2_6_7,14167994,0,42.8,veh=10,dur=38670346,wait=18502352


==== money/600/lr2_6_8/commiv rc=0 wall=46.931
instance,n_pairs,bks_veh,veh,bks_dist,dist,gap_pct,ms,dur,wait
lr2_6_8,303,4,5,12341.888,12006.896,-2.71,46926,18760.038,753.142
summary: 1 instances, mean dist gap -2.71%, vehicles win/tie/loss 0/0/1


==== money/600/lr2_6_8/vroom rc=0 wall=59.364
lr2_6_8,11509327,0,59.2,veh=7,dur=26075245,wait=8565918


==== money/600/lr2_6_9/commiv rc=0 wall=45.657
instance,n_pairs,bks_veh,veh,bks_dist,dist,gap_pct,ms,dur,wait
lr2_6_9,302,8,8,18259.205,20106.953,10.12,45652,30476.806,4369.853
summary: 1 instances, mean dist gap 10.12%, vehicles win/tie/loss 0/1/0


==== money/600/lr2_6_9/vroom rc=0 wall=24.309
lr2_6_9,15676403,0,24.2,veh=12,dur=44917293,wait=23240890


==== money/600/lrc1_6_1/commiv rc=0 wall=45.096
instance,n_pairs,bks_veh,veh,bks_dist,dist,gap_pct,ms,dur,wait
lrc1_6_1,313,52,54,18288.886,20379.081,11.43,45091,37175.595,10796.514
summary: 1 instances, mean dist gap 11.43%, vehicles win/tie/loss 0/0/1


==== money/600/lrc1_6_1/vroom rc=0 wall=26.827
lrc1_6_1,18125808,0,26.7,veh=55,dur=45660136,wait=21534328


==== money/600/lrc1_6_10/commiv rc=0 wall=45.128
instance,n_pairs,bks_veh,veh,bks_dist,dist,gap_pct,ms,dur,wait
lrc1_6_10,314,29,31,13963.655,15018.651,7.56,45123,24118.505,3099.854
summary: 1 instances, mean dist gap 7.56%, vehicles win/tie/loss 0/0/1


==== money/600/lrc1_6_10/vroom rc=0 wall=25.883
lrc1_6_10,14420482,0,25.7,veh=35,dur=30611842,wait=10191360


==== money/600/lrc1_6_2/commiv rc=0 wall=45.117
instance,n_pairs,bks_veh,veh,bks_dist,dist,gap_pct,ms,dur,wait
lrc1_6_2,315,43,45,16515.398,18440.511,11.66,45111,31638.188,7197.677
summary: 1 instances, mean dist gap 11.66%, vehicles win/tie/loss 0/0/1


==== money/600/lrc1_6_2/vroom rc=0 wall=30.472
lrc1_6_2,16492084,0,30.3,veh=50,dur=43471591,wait=20979507


==== money/600/lrc1_6_3/commiv rc=0 wall=45.155
instance,n_pairs,bks_veh,veh,bks_dist,dist,gap_pct,ms,dur,wait
lrc1_6_3,314,36,36,13975.975,15569.703,11.40,45150,25091.303,3521.600
summary: 1 instances, mean dist gap 11.40%, vehicles win/tie/loss 0/1/0


==== money/600/lrc1_6_3/vroom rc=0 wall=38.984
lrc1_6_3,15184936,0,38.8,veh=38,dur=31351523,wait=10166587


==== money/600/lrc1_6_4/commiv rc=0 wall=45.260
instance,n_pairs,bks_veh,veh,bks_dist,dist,gap_pct,ms,dur,wait
lrc1_6_4,317,25,25,10800.439,11972.523,10.85,45255,18718.695,746.172
summary: 1 instances, mean dist gap 10.85%, vehicles win/tie/loss 0/1/0


==== money/600/lrc1_6_4/vroom rc=0 wall=43.546
lrc1_6_4,11944472,0,43.4,veh=26,dur=24592277,wait=6647805


==== money/600/lrc1_6_5/commiv rc=0 wall=45.104
instance,n_pairs,bks_veh,veh,bks_dist,dist,gap_pct,ms,dur,wait
lrc1_6_5,315,45,48,17463.923,18938.060,8.44,45099,32411.549,7473.489
summary: 1 instances, mean dist gap 8.44%, vehicles win/tie/loss 0/0/1


==== money/600/lrc1_6_5/vroom rc=0 wall=28.966
lrc1_6_5,17388136,0,28.8,veh=50,dur=42021017,wait=18632881


==== money/600/lrc1_6_6/commiv rc=0 wall=45.103
instance,n_pairs,bks_veh,veh,bks_dist,dist,gap_pct,ms,dur,wait
lrc1_6_6,315,41,44,19025.358,18820.594,-1.08,45098,32377.556,7556.962
summary: 1 instances, mean dist gap -1.08%, vehicles win/tie/loss 0/0/1


==== money/600/lrc1_6_6/vroom rc=0 wall=25.584
lrc1_6_6,18068837,0,25.4,veh=49,dur=42794266,wait=18725429


==== money/600/lrc1_6_7/commiv rc=0 wall=45.107
instance,n_pairs,bks_veh,veh,bks_dist,dist,gap_pct,ms,dur,wait
lrc1_6_7,315,37,39,15914.850,17043.286,7.09,45102,29513.332,6470.046
summary: 1 instances, mean dist gap 7.09%, vehicles win/tie/loss 0/0/1


==== money/600/lrc1_6_7/vroom rc=0 wall=27.263
lrc1_6_7,16183616,0,27.1,veh=45,dur=38613596,wait=16429980


==== money/600/lrc1_6_8/commiv rc=0 wall=45.111
instance,n_pairs,bks_veh,veh,bks_dist,dist,gap_pct,ms,dur,wait
lrc1_6_8,311,33,36,15317.622,16778.625,9.54,45107,26601.951,3823.326
summary: 1 instances, mean dist gap 9.54%, vehicles win/tie/loss 0/0/1


==== money/600/lrc1_6_8/vroom rc=0 wall=26.839
lrc1_6_8,15737507,0,26.7,veh=41,dur=35557604,wait=13820097


==== money/600/lrc1_6_9/commiv rc=0 wall=45.116
instance,n_pairs,bks_veh,veh,bks_dist,dist,gap_pct,ms,dur,wait
lrc1_6_9,314,33,36,15344.630,16802.628,9.50,45111,25840.154,3037.526
summary: 1 instances, mean dist gap 9.50%, vehicles win/tie/loss 0/0/1


==== money/600/lrc1_6_9/vroom rc=0 wall=27.631
lrc1_6_9,15471817,0,27.5,veh=40,dur=34804144,wait=13332327


==== money/600/lrc2_6_1/commiv rc=0 wall=45.179
instance,n_pairs,bks_veh,veh,bks_dist,dist,gap_pct,ms,dur,wait
lrc2_6_1,303,16,17,14578.926,20503.744,40.64,45174,42978.228,16474.484
summary: 1 instances, mean dist gap 40.64%, vehicles win/tie/loss 0/0/1


==== money/600/lrc2_6_1/vroom rc=0 wall=21.685
lrc2_6_1,13484794,0,21.5,veh=18,dur=62374301,wait=42889507


==== money/600/lrc2_6_10/commiv rc=0 wall=45.385
instance,n_pairs,bks_veh,veh,bks_dist,dist,gap_pct,ms,dur,wait
lrc2_6_10,303,7,9,13054.479,14292.772,9.49,45380,22822.225,2529.453
summary: 1 instances, mean dist gap 9.49%, vehicles win/tie/loss 0/0/1


==== money/600/lrc2_6_10/vroom rc=0 wall=30.281
lrc2_6_10,12219463,0,30.1,veh=11,dur=38708857,wait=20489394


==== money/600/lrc2_6_2/commiv rc=0 wall=45.285
instance,n_pairs,bks_veh,veh,bks_dist,dist,gap_pct,ms,dur,wait
lrc2_6_2,303,13,15,13850.213,17320.334,25.05,45280,35684.672,12364.338
summary: 1 instances, mean dist gap 25.05%, vehicles win/tie/loss 0/0/1


==== money/600/lrc2_6_2/vroom rc=0 wall=34.518
lrc2_6_2,12360505,0,34.4,veh=16,dur=56359629,wait=37999124


==== money/600/lrc2_6_3/commiv rc=0 wall=45.431
instance,n_pairs,bks_veh,veh,bks_dist,dist,gap_pct,ms,dur,wait
lrc2_6_3,303,10,13,12432.901,15188.340,22.16,45426,28613.930,7425.590
summary: 1 instances, mean dist gap 22.16%, vehicles win/tie/loss 0/0/1


==== money/600/lrc2_6_3/vroom rc=0 wall=47.653
lrc2_6_3,11734283,0,47.5,veh=13,dur=47899192,wait=30164909


==== money/600/lrc2_6_4/commiv rc=0 wall=46.117
instance,n_pairs,bks_veh,veh,bks_dist,dist,gap_pct,ms,dur,wait
lrc2_6_4,302,7,8,9833.900,12414.578,26.24,46112,20944.926,2530.348
summary: 1 instances, mean dist gap 26.24%, vehicles win/tie/loss 0/0/1


==== money/600/lrc2_6_4/vroom rc=0 wall=62.161
lrc2_6_4,10057609,0,62.0,veh=11,dur=38938485,wait=22880876


==== money/600/lrc2_6_5/commiv rc=0 wall=45.255
instance,n_pairs,bks_veh,veh,bks_dist,dist,gap_pct,ms,dur,wait
lrc2_6_5,303,13,15,14380.364,18257.345,26.96,45250,33349.428,9092.083
summary: 1 instances, mean dist gap 26.96%, vehicles win/tie/loss 0/0/1


==== money/600/lrc2_6_5/vroom rc=0 wall=26.863
lrc2_6_5,12516768,0,26.7,veh=16,dur=55657106,wait=37140338


==== money/600/lrc2_6_6/commiv rc=0 wall=45.257
instance,n_pairs,bks_veh,veh,bks_dist,dist,gap_pct,ms,dur,wait
lrc2_6_6,303,12,13,14962.082,18165.467,21.41,45252,32144.624,7979.157
summary: 1 instances, mean dist gap 21.41%, vehicles win/tie/loss 0/0/1


==== money/600/lrc2_6_6/vroom rc=0 wall=25.990
lrc2_6_6,13351540,0,25.8,veh=15,dur=50763309,wait=31411769


==== money/600/lrc2_6_7/commiv rc=0 wall=45.299
instance,n_pairs,bks_veh,veh,bks_dist,dist,gap_pct,ms,dur,wait
lrc2_6_7,305,10,12,14094.258,14433.366,2.41,45294,31936.894,11503.528
summary: 1 instances, mean dist gap 2.41%, vehicles win/tie/loss 0/0/1


==== money/600/lrc2_6_7/vroom rc=0 wall=26.346
lrc2_6_7,12578767,0,26.2,veh=13,dur=44376075,wait=25797308


==== money/600/lrc2_6_8/commiv rc=0 wall=45.320
instance,n_pairs,bks_veh,veh,bks_dist,dist,gap_pct,ms,dur,wait
lrc2_6_8,304,9,11,13179.566,15585.131,18.25,45315,27103.005,5517.874
summary: 1 instances, mean dist gap 18.25%, vehicles win/tie/loss 0/0/1


==== money/600/lrc2_6_8/vroom rc=0 wall=30.175
lrc2_6_8,11373947,0,30.0,veh=13,dur=45106330,wait=27732383


==== money/600/lrc2_6_9/commiv rc=0 wall=45.287
instance,n_pairs,bks_veh,veh,bks_dist,dist,gap_pct,ms,dur,wait
lrc2_6_9,302,8,11,16309.770,15662.706,-3.97,45282,26334.947,4672.241
summary: 1 instances, mean dist gap -3.97%, vehicles win/tie/loss 0/0/1


==== money/600/lrc2_6_9/vroom rc=0 wall=29.263
lrc2_6_9,12287314,0,29.1,veh=12,dur=41926118,wait=23638804


==== money/800/lc1_8_1/commiv rc=0 wall=60.157
instance,n_pairs,bks_veh,veh,bks_dist,dist,gap_pct,ms,dur,wait
lc1_8_1,420,80,80,25184.336,25203.338,0.08,60152,97492.039,288.701
summary: 1 instances, mean dist gap 0.08%, vehicles win/tie/loss 0/1/0


==== money/800/lc1_8_1/vroom rc=0 wall=35.825
lc1_8_1,25184336,0,35.5,veh=80,dur=97619384,wait=435048


==== money/800/lc1_8_10/commiv rc=0 wall=60.159
instance,n_pairs,bks_veh,veh,bks_dist,dist,gap_pct,ms,dur,wait
lc1_8_10,419,68,73,27099.561,26570.468,-1.95,60153,98570.468,0.000
summary: 1 instances, mean dist gap -1.95%, vehicles win/tie/loss 0/0/1


==== money/800/lc1_8_10/vroom rc=0 wall=66.352
lc1_8_10,26810343,0,66.1,veh=76,dur=98840608,wait=30265


==== money/800/lc1_8_2/commiv rc=0 wall=60.167
instance,n_pairs,bks_veh,veh,bks_dist,dist,gap_pct,ms,dur,wait
lc1_8_2,423,76,80,29735.819,25812.862,-13.19,60160,98793.163,980.301
summary: 1 instances, mean dist gap -13.19%, vehicles win/tie/loss 0/0/1


==== money/800/lc1_8_2/vroom rc=0 wall=65.413
lc1_8_2,25497598,0,65.1,veh=80,dur=99826697,wait=2329099


==== money/800/lc1_8_3/commiv rc=0 wall=60.184
instance,n_pairs,bks_veh,veh,bks_dist,dist,gap_pct,ms,dur,wait
lc1_8_3,417,62,69,27287.769,26527.280,-2.79,60178,99128.378,601.098
summary: 1 instances, mean dist gap -2.79%, vehicles win/tie/loss 0/0/1


==== money/800/lc1_8_3/vroom rc=0 wall=66.471
lc1_8_3,26702581,0,66.2,veh=73,dur=102297147,wait=3594566


==== money/800/lc1_8_4/commiv rc=0 wall=60.205
instance,n_pairs,bks_veh,veh,bks_dist,dist,gap_pct,ms,dur,wait
lc1_8_4,416,59,62,22686.055,25369.032,11.83,60198,97547.720,178.688
summary: 1 instances, mean dist gap 11.83%, vehicles win/tie/loss 0/0/1


==== money/800/lc1_8_4/vroom rc=0 wall=67.322
lc1_8_4,23901642,0,67.0,veh=62,dur=97550658,wait=1649016


==== money/800/lc1_8_5/commiv rc=0 wall=60.147
instance,n_pairs,bks_veh,veh,bks_dist,dist,gap_pct,ms,dur,wait
lc1_8_5,421,80,80,25211.177,25235.933,0.10,60141,97244.697,8.764
summary: 1 instances, mean dist gap 0.10%, vehicles win/tie/loss 0/1/0


==== money/800/lc1_8_5/vroom rc=0 wall=44.102
lc1_8_5,25211177,0,43.8,veh=80,dur=97385098,wait=173921


==== money/800/lc1_8_6/commiv rc=0 wall=60.143
instance,n_pairs,bks_veh,veh,bks_dist,dist,gap_pct,ms,dur,wait
lc1_8_6,421,80,80,25164.208,25177.299,0.05,60136,97232.683,55.384
summary: 1 instances, mean dist gap 0.05%, vehicles win/tie/loss 0/1/0


==== money/800/lc1_8_6/vroom rc=0 wall=57.353
lc1_8_6,25165704,0,57.1,veh=80,dur=97351097,wait=185393


==== money/800/lc1_8_7/commiv rc=0 wall=60.148
instance,n_pairs,bks_veh,veh,bks_dist,dist,gap_pct,ms,dur,wait
lc1_8_7,420,80,80,25158.333,25205.067,0.19,60142,97321.475,116.408
summary: 1 instances, mean dist gap 0.19%, vehicles win/tie/loss 0/1/0


==== money/800/lc1_8_7/vroom rc=0 wall=45.615
lc1_8_7,25158333,0,45.3,veh=80,dur=97506705,wait=348372


==== money/800/lc1_8_8/commiv rc=0 wall=60.141
instance,n_pairs,bks_veh,veh,bks_dist,dist,gap_pct,ms,dur,wait
lc1_8_8,419,77,79,26688.139,25410.774,-4.79,60135,97410.774,0.000
summary: 1 instances, mean dist gap -4.79%, vehicles win/tie/loss 0/0/1


==== money/800/lc1_8_8/vroom rc=0 wall=64.457
lc1_8_8,25554040,0,64.2,veh=79,dur=97628670,wait=74630


==== money/800/lc1_8_9/commiv rc=0 wall=60.146
instance,n_pairs,bks_veh,veh,bks_dist,dist,gap_pct,ms,dur,wait
lc1_8_9,418,71,74,26975.578,25869.994,-4.10,60139,97888.092,18.098
summary: 1 instances, mean dist gap -4.10%, vehicles win/tie/loss 0/0/1


==== money/800/lc1_8_9/vroom rc=0 wall=66.121
lc1_8_9,27064608,0,65.9,veh=78,dur=99094594,wait=29986


==== money/800/lc2_8_1/commiv rc=0 wall=60.422
instance,n_pairs,bks_veh,veh,bks_dist,dist,gap_pct,ms,dur,wait
lc2_8_1,405,24,24,11687.039,11694.903,0.07,60415,83762.022,67.119
summary: 1 instances, mean dist gap 0.07%, vehicles win/tie/loss 0/1/0


==== money/800/lc2_8_1/vroom rc=0 wall=26.117
lc2_8_1,11687039,0,25.9,veh=24,dur=83946470,wait=259431


==== money/800/lc2_8_10/commiv rc=0 wall=60.376
instance,n_pairs,bks_veh,veh,bks_dist,dist,gap_pct,ms,dur,wait
lc2_8_10,406,23,24,12226.411,11866.362,-2.94,60370,83866.362,0.000
summary: 1 instances, mean dist gap -2.94%, vehicles win/tie/loss 0/0/1


==== money/800/lc2_8_10/vroom rc=0 wall=59.377
lc2_8_10,12423850,0,59.1,veh=26,dur=86773292,wait=2349442


==== money/800/lc2_8_2/commiv rc=0 wall=60.439
instance,n_pairs,bks_veh,veh,bks_dist,dist,gap_pct,ms,dur,wait
lc2_8_2,408,24,25,13713.114,13405.458,-2.24,60434,86543.817,1138.359
summary: 1 instances, mean dist gap -2.24%, vehicles win/tie/loss 0/0/1


==== money/800/lc2_8_2/vroom rc=0 wall=53.383
lc2_8_2,13151195,0,53.1,veh=25,dur=88059950,wait=2908755


==== money/800/lc2_8_3/commiv rc=0 wall=60.613
instance,n_pairs,bks_veh,veh,bks_dist,dist,gap_pct,ms,dur,wait
lc2_8_3,407,24,25,12981.354,14399.403,10.92,60606,86642.755,243.352
summary: 1 instances, mean dist gap 10.92%, vehicles win/tie/loss 0/0/1


==== money/800/lc2_8_3/vroom rc=0 wall=68.456
lc2_8_3,13224569,0,68.2,veh=26,dur=91876978,wait=6652409


==== money/800/lc2_8_4/commiv rc=0 wall=60.581
instance,n_pairs,bks_veh,veh,bks_dist,dist,gap_pct,ms,dur,wait
lc2_8_4,407,23,25,12917.343,16591.332,28.44,60575,88637.463,46.131
summary: 1 instances, mean dist gap 28.44%, vehicles win/tie/loss 0/0/1


==== money/800/lc2_8_4/vroom rc=0 wall=70.543
lc2_8_4,13900305,0,70.3,veh=27,dur=95070582,wait=9170277


==== money/800/lc2_8_5/commiv rc=0 wall=60.355
instance,n_pairs,bks_veh,veh,bks_dist,dist,gap_pct,ms,dur,wait
lc2_8_5,405,25,25,12298.316,12561.089,2.14,60350,85162.947,601.858
summary: 1 instances, mean dist gap 2.14%, vehicles win/tie/loss 0/1/0


==== money/800/lc2_8_5/vroom rc=0 wall=39.630
lc2_8_5,12856984,0,39.4,veh=26,dur=88512670,wait=3655686


==== money/800/lc2_8_6/commiv rc=0 wall=60.317
instance,n_pairs,bks_veh,veh,bks_dist,dist,gap_pct,ms,dur,wait
lc2_8_6,406,24,25,12645.697,12486.406,-1.26,60310,84486.406,0.000
summary: 1 instances, mean dist gap -1.26%, vehicles win/tie/loss 0/0/1


==== money/800/lc2_8_6/vroom rc=0 wall=50.854
lc2_8_6,12532918,0,50.6,veh=26,dur=87307304,wait=2774386


==== money/800/lc2_8_7/commiv rc=0 wall=60.347
instance,n_pairs,bks_veh,veh,bks_dist,dist,gap_pct,ms,dur,wait
lc2_8_7,408,24,25,14041.471,12325.075,-12.22,60341,84454.321,129.246
summary: 1 instances, mean dist gap -12.22%, vehicles win/tie/loss 0/0/1


==== money/800/lc2_8_7/vroom rc=0 wall=52.409
lc2_8_7,12212908,0,52.2,veh=26,dur=87013600,wait=2800692


==== money/800/lc2_8_8/commiv rc=0 wall=60.359
instance,n_pairs,bks_veh,veh,bks_dist,dist,gap_pct,ms,dur,wait
lc2_8_8,406,23,24,12924.089,11709.883,-9.39,60353,83719.192,9.309
summary: 1 instances, mean dist gap -9.39%, vehicles win/tie/loss 0/0/1


==== money/800/lc2_8_8/vroom rc=0 wall=49.214
lc2_8_8,12216880,0,49.0,veh=26,dur=86973296,wait=2756416


==== money/800/lc2_8_9/commiv rc=0 wall=60.320
instance,n_pairs,bks_veh,veh,bks_dist,dist,gap_pct,ms,dur,wait
lc2_8_9,404,24,24,11629.402,12024.923,3.40,60315,84195.347,170.424
summary: 1 instances, mean dist gap 3.40%, vehicles win/tie/loss 0/1/0


==== money/800/lc2_8_9/vroom rc=0 wall=58.315
lc2_8_9,12277143,0,58.1,veh=26,dur=87616283,wait=3339140


==== money/800/lr1_8_1/commiv rc=0 wall=60.169
instance,n_pairs,bks_veh,veh,bks_dist,dist,gap_pct,ms,dur,wait
lr1_8_1,421,80,80,39291.319,45870.081,16.74,60162,90983.772,37113.691
summary: 1 instances, mean dist gap 16.74%, vehicles win/tie/loss 0/1/0


==== money/800/lr1_8_1/vroom rc=0 wall=66.174
lr1_8_1,41745355,0,65.9,veh=80,dur=104480408,wait=54735053


==== money/800/lr1_8_10/commiv rc=0 wall=60.304
instance,n_pairs,bks_veh,veh,bks_dist,dist,gap_pct,ms,dur,wait
lr1_8_10,420,30,33,31091.085,30256.675,-2.68,60298,42579.915,4323.240
summary: 1 instances, mean dist gap -2.68%, vehicles win/tie/loss 0/0/1


==== money/800/lr1_8_10/vroom rc=0 wall=49.159
lr1_8_10,29697738,0,48.9,veh=39,dur=51244268,wait=13546530


==== money/800/lr1_8_2/commiv rc=0 wall=60.213
instance,n_pairs,bks_veh,veh,bks_dist,dist,gap_pct,ms,dur,wait
lr1_8_2,417,59,61,34071.201,39263.814,15.24,60207,70502.837,23239.023
summary: 1 instances, mean dist gap 15.24%, vehicles win/tie/loss 0/0/1


==== money/800/lr1_8_2/vroom rc=0 wall=65.723
lr1_8_2,35530847,0,65.4,veh=63,dur=82850339,wait=39319492


==== money/800/lr1_8_3/commiv rc=0 wall=60.289
instance,n_pairs,bks_veh,veh,bks_dist,dist,gap_pct,ms,dur,wait
lr1_8_3,418,44,46,29223.114,32893.620,12.56,60283,54445.714,13552.094
summary: 1 instances, mean dist gap 12.56%, vehicles win/tie/loss 0/0/1


==== money/800/lr1_8_3/vroom rc=0 wall=68.940
lr1_8_3,30677831,0,68.7,veh=50,dur=68275268,wait=29597437


==== money/800/lr1_8_4/commiv rc=0 wall=60.648
instance,n_pairs,bks_veh,veh,bks_dist,dist,gap_pct,ms,dur,wait
lr1_8_4,417,25,28,20675.683,22905.330,10.78,60642,34293.988,3388.658
summary: 1 instances, mean dist gap 10.78%, vehicles win/tie/loss 0/0/1


==== money/800/lr1_8_4/vroom rc=0 wall=72.426
lr1_8_4,22122779,0,72.2,veh=31,dur=43132571,wait=13009792


==== money/800/lr1_8_5/commiv rc=0 wall=60.208
instance,n_pairs,bks_veh,veh,bks_dist,dist,gap_pct,ms,dur,wait
lr1_8_5,419,48,52,39809.691,39587.878,-0.56,60201,67547.310,19959.432
summary: 1 instances, mean dist gap -0.56%, vehicles win/tie/loss 0/0/1


==== money/800/lr1_8_5/vroom rc=0 wall=52.094
lr1_8_5,36298625,0,51.8,veh=60,dur=80518109,wait=36219484


==== money/800/lr1_8_6/commiv rc=0 wall=60.262
instance,n_pairs,bks_veh,veh,bks_dist,dist,gap_pct,ms,dur,wait
lr1_8_6,420,38,43,36244.900,35233.979,-2.79,60255,55513.528,12279.549
summary: 1 instances, mean dist gap -2.79%, vehicles win/tie/loss 0/0/1


==== money/800/lr1_8_6/vroom rc=0 wall=61.569
lr1_8_6,33137332,0,61.3,veh=53,dur=70114262,wait=28976930


==== money/800/lr1_8_7/commiv rc=0 wall=60.372
instance,n_pairs,bks_veh,veh,bks_dist,dist,gap_pct,ms,dur,wait
lr1_8_7,416,30,34,27078.111,28030.344,3.52,60366,43167.384,7137.040
summary: 1 instances, mean dist gap 3.52%, vehicles win/tie/loss 0/0/1


==== money/800/lr1_8_7/vroom rc=0 wall=68.491
lr1_8_7,26894597,0,68.2,veh=39,dur=52689269,wait=17794672


==== money/800/lr1_8_8/commiv rc=0 wall=60.690
instance,n_pairs,bks_veh,veh,bks_dist,dist,gap_pct,ms,dur,wait
lr1_8_8,419,19,24,20705.455,20049.751,-3.17,60684,29978.570,1928.819
summary: 1 instances, mean dist gap -3.17%, vehicles win/tie/loss 0/0/1


==== money/800/lr1_8_8/vroom rc=0 wall=73.431
lr1_8_8,20156867,0,73.2,veh=26,dur=36751305,wait=8594438


==== money/800/lr1_8_9/commiv rc=0 wall=60.237
instance,n_pairs,bks_veh,veh,bks_dist,dist,gap_pct,ms,dur,wait
lr1_8_9,417,39,43,38499.005,36637.589,-4.83,60232,55930.155,11292.566
summary: 1 instances, mean dist gap -4.83%, vehicles win/tie/loss 0/0/1


==== money/800/lr1_8_9/vroom rc=0 wall=46.921
lr1_8_9,35494561,0,46.7,veh=49,dur=65367629,wait=21873068


==== money/800/lr2_8_1/commiv rc=0 wall=60.718
instance,n_pairs,bks_veh,veh,bks_dist,dist,gap_pct,ms,dur,wait
lr2_8_1,405,14,16,41873.132,33698.573,-19.52,60712,78722.109,37023.536
summary: 1 instances, mean dist gap -19.52%, vehicles win/tie/loss 0/0/1


==== money/800/lr2_8_1/vroom rc=0 wall=43.257
lr2_8_1,31344758,0,43.0,veh=17,dur=91862355,wait=52517597


==== money/800/lr2_8_10/commiv rc=0 wall=61.072
instance,n_pairs,bks_veh,veh,bks_dist,dist,gap_pct,ms,dur,wait
lr2_8_10,405,8,10,30136.870,30335.083,0.66,61066,46023.322,7688.239
summary: 1 instances, mean dist gap 0.66%, vehicles win/tie/loss 0/0/1


==== money/800/lr2_8_10/vroom rc=0 wall=51.754
lr2_8_10,28052959,0,51.5,veh=13,dur=67180617,wait=31127658


==== money/800/lr2_8_2/commiv rc=0 wall=61.160
instance,n_pairs,bks_veh,veh,bks_dist,dist,gap_pct,ms,dur,wait
lr2_8_2,404,11,14,36549.710,33320.113,-8.84,61154,65547.675,24227.562
summary: 1 instances, mean dist gap -8.84%, vehicles win/tie/loss 0/0/1


==== money/800/lr2_8_2/vroom rc=0 wall=62.437
lr2_8_2,30432208,0,62.2,veh=17,dur=89325109,wait=50892901


==== money/800/lr2_8_3/commiv rc=0 wall=61.860
instance,n_pairs,bks_veh,veh,bks_dist,dist,gap_pct,ms,dur,wait
lr2_8_3,404,9,11,26391.086,30816.176,16.77,61854,52798.616,13982.440
summary: 1 instances, mean dist gap 16.77%, vehicles win/tie/loss 0/0/1


==== money/800/lr2_8_3/vroom rc=0 wall=87.736
lr2_8_3,24025814,0,87.5,veh=14,dur=73431283,wait=41405469


==== money/800/lr2_8_4/commiv rc=0 wall=63.334
instance,n_pairs,bks_veh,veh,bks_dist,dist,gap_pct,ms,dur,wait
lr2_8_4,405,6,10,20618.037,22396.425,8.63,63328,36333.188,5936.763
summary: 1 instances, mean dist gap 8.63%, vehicles win/tie/loss 0/0/1


==== money/800/lr2_8_4/vroom rc=0 wall=103.389
lr2_8_4,20704423,0,103.1,veh=10,dur=53352341,wait=24647918


==== money/800/lr2_8_5/commiv rc=0 wall=61.019
instance,n_pairs,bks_veh,veh,bks_dist,dist,gap_pct,ms,dur,wait
lr2_8_5,403,11,12,34816.501,36051.900,3.55,61013,59913.557,15861.657
summary: 1 instances, mean dist gap 3.55%, vehicles win/tie/loss 0/0/1


==== money/800/lr2_8_5/vroom rc=0 wall=43.840
lr2_8_5,31460958,0,43.6,veh=17,dur=89018340,wait=49557382


==== money/800/lr2_8_6/commiv rc=0 wall=61.333
instance,n_pairs,bks_veh,veh,bks_dist,dist,gap_pct,ms,dur,wait
lr2_8_6,403,9,11,28814.667,30256.651,5.00,61326,51233.228,12976.577
summary: 1 instances, mean dist gap 5.00%, vehicles win/tie/loss 0/0/1


==== money/800/lr2_8_6/vroom rc=0 wall=73.221
lr2_8_6,27942904,0,73.0,veh=13,dur=69493133,wait=33550229


==== money/800/lr2_8_7/commiv rc=0 wall=61.749
instance,n_pairs,bks_veh,veh,bks_dist,dist,gap_pct,ms,dur,wait
lr2_8_7,404,7,10,25502.413,29465.140,15.54,61742,43735.093,6269.953
summary: 1 instances, mean dist gap 15.54%, vehicles win/tie/loss 0/0/1


==== money/800/lr2_8_7/vroom rc=0 wall=91.503
lr2_8_7,26457833,0,91.2,veh=11,dur=58873991,wait=24416158


==== money/800/lr2_8_8/commiv rc=0 wall=63.890
instance,n_pairs,bks_veh,veh,bks_dist,dist,gap_pct,ms,dur,wait
lr2_8_8,403,5,7,18327.230,19772.308,7.88,63883,30961.142,3188.834
summary: 1 instances, mean dist gap 7.88%, vehicles win/tie/loss 0/0/1


==== money/800/lr2_8_8/vroom rc=0 wall=104.399
lr2_8_8,20214797,0,104.1,veh=9,dur=47290654,wait=19075857


==== money/800/lr2_8_9/commiv rc=0 wall=61.123
instance,n_pairs,bks_veh,veh,bks_dist,dist,gap_pct,ms,dur,wait
lr2_8_9,403,10,11,30515.494,32654.447,7.01,61116,52933.701,12279.254
summary: 1 instances, mean dist gap 7.01%, vehicles win/tie/loss 0/0/1


==== money/800/lr2_8_9/vroom rc=0 wall=53.070
lr2_8_9,27752494,0,52.8,veh=14,dur=72729396,wait=36976902


==== money/800/lrc1_8_1/commiv rc=0 wall=60.183
instance,n_pairs,bks_veh,veh,bks_dist,dist,gap_pct,ms,dur,wait
lrc1_8_1,411,66,67,32252.263,36182.889,12.19,60177,64904.945,20722.056
summary: 1 instances, mean dist gap 12.19%, vehicles win/tie/loss 0/0/1


==== money/800/lrc1_8_1/vroom rc=0 wall=56.570
lrc1_8_1,33314264,0,56.3,veh=72,dur=82866567,wait=41552303


==== money/800/lrc1_8_10/commiv rc=0 wall=60.212
instance,n_pairs,bks_veh,veh,bks_dist,dist,gap_pct,ms,dur,wait
lrc1_8_10,420,39,43,24622.576,26976.097,9.56,60205,40911.356,5935.259
summary: 1 instances, mean dist gap 9.56%, vehicles win/tie/loss 0/0/1


==== money/800/lrc1_8_10/vroom rc=0 wall=53.844
lrc1_8_10,26028151,0,53.6,veh=48,dur=57101937,wait=23073786


==== money/800/lrc1_8_2/commiv rc=0 wall=60.205
instance,n_pairs,bks_veh,veh,bks_dist,dist,gap_pct,ms,dur,wait
lrc1_8_2,415,56,58,27878.865,31724.483,13.79,60199,53759.751,14035.268
summary: 1 instances, mean dist gap 13.79%, vehicles win/tie/loss 0/0/1


==== money/800/lrc1_8_2/vroom rc=0 wall=63.976
lrc1_8_2,29566836,0,63.7,veh=64,dur=74203415,wait=36636579


==== money/800/lrc1_8_3/commiv rc=0 wall=60.288
instance,n_pairs,bks_veh,veh,bks_dist,dist,gap_pct,ms,dur,wait
lrc1_8_3,421,48,49,24371.942,27842.687,14.24,60283,41645.434,5802.747
summary: 1 instances, mean dist gap 14.24%, vehicles win/tie/loss 0/0/1


==== money/800/lrc1_8_3/vroom rc=0 wall=70.055
lrc1_8_3,25896260,0,69.8,veh=54,dur=58512284,wait=24616024


==== money/800/lrc1_8_4/commiv rc=0 wall=60.473
instance,n_pairs,bks_veh,veh,bks_dist,dist,gap_pct,ms,dur,wait
lrc1_8_4,418,34,35,18208.499,20373.367,11.89,60467,30760.240,2386.873
summary: 1 instances, mean dist gap 11.89%, vehicles win/tie/loss 0/0/1


==== money/800/lrc1_8_4/vroom rc=0 wall=73.701
lrc1_8_4,20116627,0,73.4,veh=38,dur=45346777,wait=17230150


==== money/800/lrc1_8_5/commiv rc=0 wall=60.187
instance,n_pairs,bks_veh,veh,bks_dist,dist,gap_pct,ms,dur,wait
lrc1_8_5,418,58,61,31169.145,34839.488,11.78,60180,57901.607,15062.119
summary: 1 instances, mean dist gap 11.78%, vehicles win/tie/loss 0/0/1


==== money/800/lrc1_8_5/vroom rc=0 wall=58.819
lrc1_8_5,32839797,0,58.5,veh=68,dur=79080944,wait=38241147


==== money/800/lrc1_8_6/commiv rc=0 wall=60.196
instance,n_pairs,bks_veh,veh,bks_dist,dist,gap_pct,ms,dur,wait
lrc1_8_6,422,54,57,28961.637,32211.673,11.22,60190,55120.025,14908.352
summary: 1 instances, mean dist gap 11.22%, vehicles win/tie/loss 0/0/1


==== money/800/lrc1_8_6/vroom rc=0 wall=56.850
lrc1_8_6,29779789,0,56.6,veh=64,dur=76027190,wait=38247401


==== money/800/lrc1_8_7/commiv rc=0 wall=60.191
instance,n_pairs,bks_veh,veh,bks_dist,dist,gap_pct,ms,dur,wait
lrc1_8_7,415,50,53,28768.382,30821.563,7.14,60184,49998.493,11176.930
summary: 1 instances, mean dist gap 7.14%, vehicles win/tie/loss 0/0/1


==== money/800/lrc1_8_7/vroom rc=0 wall=53.942
lrc1_8_7,29594276,0,53.7,veh=61,dur=70288608,wait=32694332


==== money/800/lrc1_8_8/commiv rc=0 wall=60.203
instance,n_pairs,bks_veh,veh,bks_dist,dist,gap_pct,ms,dur,wait
lrc1_8_8,422,44,49,26902.913,29268.350,8.79,60197,45966.463,8698.113
summary: 1 instances, mean dist gap 8.79%, vehicles win/tie/loss 0/0/1


==== money/800/lrc1_8_8/vroom rc=0 wall=53.660
lrc1_8_8,27585775,0,53.4,veh=54,dur=61931969,wait=26346194


==== money/800/lrc1_8_9/commiv rc=0 wall=60.210
instance,n_pairs,bks_veh,veh,bks_dist,dist,gap_pct,ms,dur,wait
lrc1_8_9,418,44,49,24854.955,28119.817,13.14,60204,44498.124,8378.307
summary: 1 instances, mean dist gap 13.14%, vehicles win/tie/loss 0/0/1


==== money/800/lrc1_8_9/vroom rc=0 wall=52.468
lrc1_8_9,26831106,0,52.2,veh=53,dur=61450643,wait=26619537


==== money/800/lrc2_8_1/commiv rc=0 wall=60.409
instance,n_pairs,bks_veh,veh,bks_dist,dist,gap_pct,ms,dur,wait
lrc2_8_1,406,20,24,23074.195,32240.182,39.72,60402,70739.153,30498.971
summary: 1 instances, mean dist gap 39.72%, vehicles win/tie/loss 0/0/1


==== money/800/lrc2_8_1/vroom rc=0 wall=52.404
lrc2_8_1,21998010,0,52.1,veh=24,dur=108867003,wait=78868993


==== money/800/lrc2_8_10/commiv rc=0 wall=60.517
instance,n_pairs,bks_veh,veh,bks_dist,dist,gap_pct,ms,dur,wait
lrc2_8_10,404,9,11,19604.107,22056.074,12.51,60510,39276.212,9220.138
summary: 1 instances, mean dist gap 12.51%, vehicles win/tie/loss 0/0/1


==== money/800/lrc2_8_10/vroom rc=0 wall=63.769
lrc2_8_10,18062205,0,63.5,veh=14,dur=62622596,wait=36560391


==== money/800/lrc2_8_2/commiv rc=0 wall=60.594
instance,n_pairs,bks_veh,veh,bks_dist,dist,gap_pct,ms,dur,wait
lrc2_8_2,405,17,20,22220.933,28738.636,29.33,60588,58629.635,21890.999
summary: 1 instances, mean dist gap 29.33%, vehicles win/tie/loss 0/0/1


==== money/800/lrc2_8_2/vroom rc=0 wall=72.981
lrc2_8_2,20905303,0,72.7,veh=23,dur=105766150,wait=76860847


==== money/800/lrc2_8_3/commiv rc=0 wall=60.916
instance,n_pairs,bks_veh,veh,bks_dist,dist,gap_pct,ms,dur,wait
lrc2_8_3,404,14,18,20379.253,23844.066,17.00,60910,46096.281,14252.215
summary: 1 instances, mean dist gap 17.00%, vehicles win/tie/loss 0/0/1


==== money/800/lrc2_8_3/vroom rc=0 wall=87.112
lrc2_8_3,18753312,0,86.9,veh=19,dur=84450268,wait=57696956


==== money/800/lrc2_8_4/commiv rc=0 wall=62.088
instance,n_pairs,bks_veh,veh,bks_dist,dist,gap_pct,ms,dur,wait
lrc2_8_4,404,11,13,14711.787,18068.430,22.82,62082,31936.700,5868.270
summary: 1 instances, mean dist gap 22.82%, vehicles win/tie/loss 0/0/1


==== money/800/lrc2_8_4/vroom rc=0 wall=104.910
lrc2_8_4,16846544,0,104.7,veh=16,dur=60160249,wait=35313705


==== money/800/lrc2_8_5/commiv rc=0 wall=60.496
instance,n_pairs,bks_veh,veh,bks_dist,dist,gap_pct,ms,dur,wait
lrc2_8_5,405,16,18,23602.426,30132.987,27.67,60490,59207.057,21074.070
summary: 1 instances, mean dist gap 27.67%, vehicles win/tie/loss 0/0/1


==== money/800/lrc2_8_5/vroom rc=0 wall=58.734
lrc2_8_5,21177321,0,58.5,veh=20,dur=94626419,wait=65449098


==== money/800/lrc2_8_6/commiv rc=0 wall=60.435
instance,n_pairs,bks_veh,veh,bks_dist,dist,gap_pct,ms,dur,wait
lrc2_8_6,402,15,18,22591.244,29126.839,28.93,60428,56546.684,19419.845
summary: 1 instances, mean dist gap 28.93%, vehicles win/tie/loss 0/0/1


==== money/800/lrc2_8_6/vroom rc=0 wall=57.044
lrc2_8_6,20607425,0,56.8,veh=20,dur=96298243,wait=67690818


==== money/800/lrc2_8_7/commiv rc=0 wall=60.532
instance,n_pairs,bks_veh,veh,bks_dist,dist,gap_pct,ms,dur,wait
lrc2_8_7,401,13,15,25436.778,27180.448,6.85,60526,51402.815,16222.367
summary: 1 instances, mean dist gap 6.85%, vehicles win/tie/loss 0/0/1


==== money/800/lrc2_8_7/vroom rc=0 wall=59.456
lrc2_8_7,19939101,0,59.2,veh=17,dur=79355646,wait=51416545


==== money/800/lrc2_8_8/commiv rc=0 wall=60.522
instance,n_pairs,bks_veh,veh,bks_dist,dist,gap_pct,ms,dur,wait
lrc2_8_8,403,11,13,22604.345,24874.977,10.05,60516,43651.565,10776.588
summary: 1 instances, mean dist gap 10.05%, vehicles win/tie/loss 0/0/1


==== money/800/lrc2_8_8/vroom rc=0 wall=59.682
lrc2_8_8,19283556,0,59.4,veh=17,dur=76920306,wait=49636750


==== money/800/lrc2_8_9/commiv rc=0 wall=60.515
instance,n_pairs,bks_veh,veh,bks_dist,dist,gap_pct,ms,dur,wait
lrc2_8_9,403,10,12,22594.673,23505.262,4.03,60508,45366.370,13861.108
summary: 1 instances, mean dist gap 4.03%, vehicles win/tie/loss 0/0/1


==== money/800/lrc2_8_9/vroom rc=0 wall=58.957
lrc2_8_9,16985720,0,58.7,veh=15,dur=70621561,wait=45635841


==== money/1000/lc1_10_1/commiv rc=0 wall=90.248
instance,n_pairs,bks_veh,veh,bks_dist,dist,gap_pct,ms,dur,wait
lc1_10_1,527,100,100,42488.614,42495.410,0.02,90241,133402.111,906.701
summary: 1 instances, mean dist gap 0.02%, vehicles win/tie/loss 0/1/0


==== money/1000/lc1_10_1/vroom rc=0 wall=61.778
lc1_10_1,42488614,0,61.4,veh=100,dur=133704431,wait=1215817


==== money/1000/lc1_10_10/commiv rc=0 wall=90.231
instance,n_pairs,bks_veh,veh,bks_dist,dist,gap_pct,ms,dur,wait
lc1_10_10,523,86,92,42929.114,43211.056,0.66,90223,133211.056,0.000
summary: 1 instances, mean dist gap 0.66%, vehicles win/tie/loss 0/0/1


==== money/1000/lc1_10_10/vroom rc=0 wall=103.654
lc1_10_10,44189621,0,103.2,veh=95,dur=134195538,wait=5917


==== money/1000/lc1_10_2/commiv rc=0 wall=90.250
instance,n_pairs,bks_veh,veh,bks_dist,dist,gap_pct,ms,dur,wait
lc1_10_2,523,94,97,44548.486,43350.728,-2.69,90242,135216.117,1865.389
summary: 1 instances, mean dist gap -2.69%, vehicles win/tie/loss 0/0/1


==== money/1000/lc1_10_2/vroom rc=0 wall=101.870
lc1_10_2,44170273,0,101.5,veh=98,dur=138787535,wait=4617262


==== money/1000/lc1_10_3/commiv rc=0 wall=90.290
instance,n_pairs,bks_veh,veh,bks_dist,dist,gap_pct,ms,dur,wait
lc1_10_3,524,78,89,45906.285,43491.207,-5.26,90282,134343.729,852.522
summary: 1 instances, mean dist gap -5.26%, vehicles win/tie/loss 0/0/1


==== money/1000/lc1_10_3/vroom rc=0 wall=101.084
lc1_10_3,42730318,0,100.7,veh=90,dur=137064518,wait=4334200


==== money/1000/lc1_10_4/commiv rc=0 wall=90.308
instance,n_pairs,bks_veh,veh,bks_dist,dist,gap_pct,ms,dur,wait
lc1_10_4,519,72,79,37782.147,40943.521,8.37,90301,131341.373,397.852
summary: 1 instances, mean dist gap 8.37%, vehicles win/tie/loss 0/0/1


==== money/1000/lc1_10_4/vroom rc=0 wall=101.331
lc1_10_4,39787610,0,100.9,veh=81,dur=132788612,wait=3001002


==== money/1000/lc1_10_5/commiv rc=0 wall=90.232
instance,n_pairs,bks_veh,veh,bks_dist,dist,gap_pct,ms,dur,wait
lc1_10_5,529,100,100,42477.373,42592.904,0.27,90225,132855.567,262.663
summary: 1 instances, mean dist gap 0.27%, vehicles win/tie/loss 0/1/0


==== money/1000/lc1_10_5/vroom rc=0 wall=84.555
lc1_10_5,42477373,0,84.1,veh=100,dur=133077604,wait=600231


==== money/1000/lc1_10_6/commiv rc=0 wall=90.220
instance,n_pairs,bks_veh,veh,bks_dist,dist,gap_pct,ms,dur,wait
lc1_10_6,527,101,101,42838.350,42898.600,0.14,90213,133312.287,413.687
summary: 1 instances, mean dist gap 0.14%, vehicles win/tie/loss 0/1/0


==== money/1000/lc1_10_6/vroom rc=0 wall=100.038
lc1_10_6,43214666,0,99.6,veh=102,dur=134147490,wait=932824


==== money/1000/lc1_10_7/commiv rc=0 wall=90.241
instance,n_pairs,bks_veh,veh,bks_dist,dist,gap_pct,ms,dur,wait
lc1_10_7,526,100,100,42854.943,42915.640,0.14,90233,132916.390,0.750
summary: 1 instances, mean dist gap 0.14%, vehicles win/tie/loss 0/1/0


==== money/1000/lc1_10_7/vroom rc=0 wall=102.088
lc1_10_7,42854943,0,101.7,veh=100,dur=133297246,wait=442303


==== money/1000/lc1_10_8/commiv rc=0 wall=90.226
instance,n_pairs,bks_veh,veh,bks_dist,dist,gap_pct,ms,dur,wait
lc1_10_8,526,98,99,42949.526,42896.768,-0.12,90218,132925.713,28.945
summary: 1 instances, mean dist gap -0.12%, vehicles win/tie/loss 0/0/1


==== money/1000/lc1_10_8/vroom rc=0 wall=101.931
lc1_10_8,43199217,0,101.5,veh=100,dur=133426000,wait=226783


==== money/1000/lc1_10_9/commiv rc=0 wall=90.234
instance,n_pairs,bks_veh,veh,bks_dist,dist,gap_pct,ms,dur,wait
lc1_10_9,523,90,93,43563.972,42793.503,-1.77,90226,132799.609,6.106
summary: 1 instances, mean dist gap -1.77%, vehicles win/tie/loss 0/0/1


==== money/1000/lc1_10_9/vroom rc=0 wall=102.109
lc1_10_9,45118362,0,101.7,veh=97,dur=135177279,wait=58917


==== money/1000/lc2_10_1/commiv rc=0 wall=90.656
instance,n_pairs,bks_veh,veh,bks_dist,dist,gap_pct,ms,dur,wait
lc2_10_1,507,30,30,16879.220,16879.220,0.00,90648,106879.220,0.000
summary: 1 instances, mean dist gap 0.00%, vehicles win/tie/loss 0/1/0


==== money/1000/lc2_10_1/vroom rc=0 wall=50.446
lc2_10_1,16879220,0,50.1,veh=30,dur=106879220,wait=0


==== money/1000/lc2_10_10/commiv rc=0 wall=90.507
instance,n_pairs,bks_veh,veh,bks_dist,dist,gap_pct,ms,dur,wait
lc2_10_10,504,29,30,17043.624,16931.678,-0.66,90500,106931.678,0.000
summary: 1 instances, mean dist gap -0.66%, vehicles win/tie/loss 0/0/1


==== money/1000/lc2_10_10/vroom rc=0 wall=97.191
lc2_10_10,18430671,0,96.8,veh=32,dur=110416510,wait=1985839


==== money/1000/lc2_10_2/commiv rc=0 wall=90.686
instance,n_pairs,bks_veh,veh,bks_dist,dist,gap_pct,ms,dur,wait
lc2_10_2,508,30,32,20764.082,18430.870,-11.24,90677,110509.690,2078.820
summary: 1 instances, mean dist gap -11.24%, vehicles win/tie/loss 0/0/1


==== money/1000/lc2_10_2/vroom rc=0 wall=96.598
lc2_10_2,18332563,0,96.2,veh=33,dur=114414984,wait=6082421


==== money/1000/lc2_10_3/commiv rc=0 wall=90.754
instance,n_pairs,bks_veh,veh,bks_dist,dist,gap_pct,ms,dur,wait
lc2_10_3,508,29,31,19299.458,19441.932,0.74,90746,110248.524,806.592
summary: 1 instances, mean dist gap 0.74%, vehicles win/tie/loss 0/0/1


==== money/1000/lc2_10_3/vroom rc=0 wall=106.246
lc2_10_3,18668392,0,105.9,veh=33,dur=117726568,wait=9058176


==== money/1000/lc2_10_4/commiv rc=0 wall=90.865
instance,n_pairs,bks_veh,veh,bks_dist,dist,gap_pct,ms,dur,wait
lc2_10_4,509,29,31,17886.950,22473.342,25.64,90857,112591.399,118.057
summary: 1 instances, mean dist gap 25.64%, vehicles win/tie/loss 0/0/1


==== money/1000/lc2_10_4/vroom rc=0 wall=108.117
lc2_10_4,20231680,0,107.7,veh=32,dur=118154802,wait=7923122


==== money/1000/lc2_10_5/commiv rc=0 wall=90.558
instance,n_pairs,bks_veh,veh,bks_dist,dist,gap_pct,ms,dur,wait
lc2_10_5,507,31,31,17137.501,17633.186,2.89,90550,107655.443,22.257
summary: 1 instances, mean dist gap 2.89%, vehicles win/tie/loss 0/1/0


==== money/1000/lc2_10_5/vroom rc=0 wall=73.143
lc2_10_5,18008287,0,72.8,veh=32,dur=110973136,wait=2964849


==== money/1000/lc2_10_6/commiv rc=0 wall=90.510
instance,n_pairs,bks_veh,veh,bks_dist,dist,gap_pct,ms,dur,wait
lc2_10_6,509,30,31,19387.730,17637.914,-9.03,90502,107881.862,243.948
summary: 1 instances, mean dist gap -9.03%, vehicles win/tie/loss 0/0/1


==== money/1000/lc2_10_6/vroom rc=0 wall=88.179
lc2_10_6,17913976,0,87.8,veh=33,dur=112034242,wait=4120266


==== money/1000/lc2_10_7/commiv rc=0 wall=90.487
instance,n_pairs,bks_veh,veh,bks_dist,dist,gap_pct,ms,dur,wait
lc2_10_7,509,31,32,18389.339,19162.057,4.20,90480,109605.239,443.182
summary: 1 instances, mean dist gap 4.20%, vehicles win/tie/loss 0/0/1


==== money/1000/lc2_10_7/vroom rc=0 wall=95.499
lc2_10_7,18716986,0,95.1,veh=33,dur=113409720,wait=4692734


==== money/1000/lc2_10_8/commiv rc=0 wall=90.517
instance,n_pairs,bks_veh,veh,bks_dist,dist,gap_pct,ms,dur,wait
lc2_10_8,507,30,30,17015.000,17490.966,2.80,90509,107490.966,0.000
summary: 1 instances, mean dist gap 2.80%, vehicles win/tie/loss 0/1/0


==== money/1000/lc2_10_8/vroom rc=0 wall=92.221
lc2_10_8,18488832,0,91.8,veh=33,dur=113109177,wait=4620345


==== money/1000/lc2_10_9/commiv rc=0 wall=90.511
instance,n_pairs,bks_veh,veh,bks_dist,dist,gap_pct,ms,dur,wait
lc2_10_9,511,30,32,18225.263,19317.549,5.99,90503,109317.549,0.000
summary: 1 instances, mean dist gap 5.99%, vehicles win/tie/loss 0/0/1


==== money/1000/lc2_10_9/vroom rc=0 wall=97.324
lc2_10_9,18713325,0,96.9,veh=33,dur=110598925,wait=1885600


==== money/1000/lr1_10_1/commiv rc=0 wall=90.278
instance,n_pairs,bks_veh,veh,bks_dist,dist,gap_pct,ms,dur,wait
lr1_10_1,527,100,100,56744.916,66275.628,16.80,90271,133541.655,57266.027
summary: 1 instances, mean dist gap 16.80%, vehicles win/tie/loss 0/1/0


==== money/1000/lr1_10_1/vroom rc=0 wall=104.722
lr1_10_1,60412335,0,104.3,veh=100,dur=158112690,wait=87700355


==== money/1000/lr1_10_10/commiv rc=0 wall=90.476
instance,n_pairs,bks_veh,veh,bks_dist,dist,gap_pct,ms,dur,wait
lr1_10_10,519,38,42,45510.709,45843.666,0.73,90468,65146.739,9303.073
summary: 1 instances, mean dist gap 0.73%, vehicles win/tie/loss 0/0/1


==== money/1000/lr1_10_10/vroom rc=0 wall=86.288
lr1_10_10,44311985,0,85.9,veh=51,dur=80818675,wait=26506690


==== money/1000/lr1_10_2/commiv rc=0 wall=90.321
instance,n_pairs,bks_veh,veh,bks_dist,dist,gap_pct,ms,dur,wait
lr1_10_2,520,80,80,49349.845,56997.146,15.50,90314,106328.430,39331.284
summary: 1 instances, mean dist gap 15.50%, vehicles win/tie/loss 0/1/0


==== money/1000/lr1_10_2/vroom rc=0 wall=102.759
lr1_10_2,52797865,0,102.3,veh=80,dur=125383538,wait=62585673


==== money/1000/lr1_10_3/commiv rc=0 wall=90.496
instance,n_pairs,bks_veh,veh,bks_dist,dist,gap_pct,ms,dur,wait
lr1_10_3,523,54,55,41483.892,48514.706,16.95,90471,75563.880,17049.174
summary: 1 instances, mean dist gap 16.95%, vehicles win/tie/loss 0/0/1


==== money/1000/lr1_10_3/vroom rc=0 wall=106.285
lr1_10_3,44907704,0,105.9,veh=60,dur=94851679,wait=39943975


==== money/1000/lr1_10_4/commiv rc=0 wall=90.861
instance,n_pairs,bks_veh,veh,bks_dist,dist,gap_pct,ms,dur,wait
lr1_10_4,519,27,34,30788.115,32371.451,5.14,90853,48258.207,5886.756
summary: 1 instances, mean dist gap 5.14%, vehicles win/tie/loss 0/0/1


==== money/1000/lr1_10_4/vroom rc=0 wall=111.905
lr1_10_4,31810967,0,111.5,veh=38,dur=59280814,wait=17469847


==== money/1000/lr1_10_5/commiv rc=0 wall=90.328
instance,n_pairs,bks_veh,veh,bks_dist,dist,gap_pct,ms,dur,wait
lr1_10_5,524,58,63,59053.669,58113.079,-1.59,90321,102171.083,34058.004
summary: 1 instances, mean dist gap -1.59%, vehicles win/tie/loss 0/0/1


==== money/1000/lr1_10_5/vroom rc=0 wall=94.130
lr1_10_5,56540893,0,93.7,veh=72,dur=116675595,wait=50134702


==== money/1000/lr1_10_6/commiv rc=0 wall=90.442
instance,n_pairs,bks_veh,veh,bks_dist,dist,gap_pct,ms,dur,wait
lr1_10_6,524,46,52,51058.519,50233.451,-1.62,90434,79674.267,19440.816
summary: 1 instances, mean dist gap -1.62%, vehicles win/tie/loss 0/0/1


==== money/1000/lr1_10_6/vroom rc=0 wall=100.840
lr1_10_6,46455150,0,100.4,veh=62,dur=100424606,wait=43969456


==== money/1000/lr1_10_7/commiv rc=0 wall=90.618
instance,n_pairs,bks_veh,veh,bks_dist,dist,gap_pct,ms,dur,wait
lr1_10_7,523,35,40,38563.210,39418.736,2.22,90611,61678.229,12259.493
summary: 1 instances, mean dist gap 2.22%, vehicles win/tie/loss 0/0/1


==== money/1000/lr1_10_7/vroom rc=0 wall=107.597
lr1_10_7,38539186,0,107.2,veh=49,dur=79363165,wait=30823979


==== money/1000/lr1_10_8/commiv rc=0 wall=90.992
instance,n_pairs,bks_veh,veh,bks_dist,dist,gap_pct,ms,dur,wait
lr1_10_8,523,24,29,29613.261,30306.262,2.34,90985,43748.985,3442.723
summary: 1 instances, mean dist gap 2.34%, vehicles win/tie/loss 0/0/1


==== money/1000/lr1_10_8/vroom rc=0 wall=113.913
lr1_10_8,32308249,0,113.5,veh=34,dur=56476255,wait=14168006


==== money/1000/lr1_10_9/commiv rc=0 wall=90.394
instance,n_pairs,bks_veh,veh,bks_dist,dist,gap_pct,ms,dur,wait
lr1_10_9,523,47,52,54582.251,52197.352,-4.37,90386,82613.971,20416.619
summary: 1 instances, mean dist gap -4.37%, vehicles win/tie/loss 0/0/1


==== money/1000/lr1_10_9/vroom rc=0 wall=86.759
lr1_10_9,50428548,0,86.3,veh=61,dur=98577444,wait=38148896


==== money/1000/lr2_10_1/commiv rc=0 wall=91.024
instance,n_pairs,bks_veh,veh,bks_dist,dist,gap_pct,ms,dur,wait
lr2_10_1,503,17,19,62859.299,51564.144,-17.97,91017,112480.229,50916.085
summary: 1 instances, mean dist gap -17.97%, vehicles win/tie/loss 0/0/1


==== money/1000/lr2_10_1/vroom rc=0 wall=81.962
lr2_10_1,47663195,0,81.6,veh=26,dur=160313305,wait=102650110


==== money/1000/lr2_10_10/commiv rc=0 wall=92.048
instance,n_pairs,bks_veh,veh,bks_dist,dist,gap_pct,ms,dur,wait
lr2_10_10,502,10,12,44888.991,46081.314,2.66,92040,66317.345,10236.031
summary: 1 instances, mean dist gap 2.66%, vehicles win/tie/loss 0/0/1


==== money/1000/lr2_10_10/vroom rc=0 wall=103.883
lr2_10_10,42301725,0,103.5,veh=17,dur=102800368,wait=50498643


==== money/1000/lr2_10_2/commiv rc=0 wall=91.729
instance,n_pairs,bks_veh,veh,bks_dist,dist,gap_pct,ms,dur,wait
lr2_10_2,504,14,17,51357.316,48409.418,-5.74,91721,94928.726,36519.308
summary: 1 instances, mean dist gap -5.74%, vehicles win/tie/loss 0/0/1


==== money/1000/lr2_10_2/vroom rc=0 wall=118.343
lr2_10_2,45423881,0,118.0,veh=21,dur=128217910,wait=72794029


==== money/1000/lr2_10_3/commiv rc=0 wall=92.804
instance,n_pairs,bks_veh,veh,bks_dist,dist,gap_pct,ms,dur,wait
lr2_10_3,505,10,14,42908.342,40239.044,-6.22,92796,72789.299,22550.255
summary: 1 instances, mean dist gap -6.22%, vehicles win/tie/loss 0/0/1


==== money/1000/lr2_10_3/vroom rc=0 wall=144.681
lr2_10_3,37751662,0,144.3,veh=16,dur=96753865,wait=49002203


==== money/1000/lr2_10_4/commiv rc=0 wall=95.276
instance,n_pairs,bks_veh,veh,bks_dist,dist,gap_pct,ms,dur,wait
lr2_10_4,504,8,9,26595.394,31888.238,19.90,95269,49068.197,7179.959
summary: 1 instances, mean dist gap 19.90%, vehicles win/tie/loss 0/0/1


==== money/1000/lr2_10_4/vroom rc=0 wall=166.657
lr2_10_4,29703101,0,166.3,veh=12,dur=74678505,wait=34975404


==== money/1000/lr2_10_5/commiv rc=0 wall=91.561
instance,n_pairs,bks_veh,veh,bks_dist,dist,gap_pct,ms,dur,wait
lr2_10_5,504,13,16,54951.132,51478.326,-6.32,91553,90765.947,29287.621
summary: 1 instances, mean dist gap -6.32%, vehicles win/tie/loss 0/0/1


==== money/1000/lr2_10_5/vroom rc=0 wall=90.547
lr2_10_5,46159453,0,90.2,veh=20,dur=121510866,wait=65351413


==== money/1000/lr2_10_6/commiv rc=0 wall=92.177
instance,n_pairs,bks_veh,veh,bks_dist,dist,gap_pct,ms,dur,wait
lr2_10_6,506,11,13,46253.379,48258.673,4.34,92170,72012.845,13754.172
summary: 1 instances, mean dist gap 4.34%, vehicles win/tie/loss 0/0/1


==== money/1000/lr2_10_6/vroom rc=0 wall=131.101
lr2_10_6,41495745,0,130.7,veh=19,dur=120549859,wait=69054114


==== money/1000/lr2_10_7/commiv rc=0 wall=93.096
instance,n_pairs,bks_veh,veh,bks_dist,dist,gap_pct,ms,dur,wait
lr2_10_7,505,8,10,39648.542,37769.222,-4.74,93088,56831.118,9061.896
summary: 1 instances, mean dist gap -4.74%, vehicles win/tie/loss 0/0/1


==== money/1000/lr2_10_7/vroom rc=0 wall=147.033
lr2_10_7,36373899,0,146.6,veh=14,dur=85632897,wait=39258998


==== money/1000/lr2_10_8/commiv rc=0 wall=96.247
instance,n_pairs,bks_veh,veh,bks_dist,dist,gap_pct,ms,dur,wait
lr2_10_8,504,6,10,26742.311,29163.357,9.05,96240,43711.975,4548.618
summary: 1 instances, mean dist gap 9.05%, vehicles win/tie/loss 0/0/1


==== money/1000/lr2_10_8/vroom rc=0 wall=172.539
lr2_10_8,29444429,0,172.1,veh=11,dur=65689390,wait=26244961


==== money/1000/lr2_10_9/commiv rc=0 wall=91.870
instance,n_pairs,bks_veh,veh,bks_dist,dist,gap_pct,ms,dur,wait
lr2_10_9,504,12,15,50781.831,47982.040,-5.51,91862,83804.022,25821.982
summary: 1 instances, mean dist gap -5.51%, vehicles win/tie/loss 0/0/1


==== money/1000/lr2_10_9/vroom rc=0 wall=100.950
lr2_10_9,43982062,0,100.6,veh=18,dur=112692566,wait=58710504


==== money/1000/lrc1_10_1/commiv rc=0 wall=90.303
instance,n_pairs,bks_veh,veh,bks_dist,dist,gap_pct,ms,dur,wait
lrc1_10_1,527,82,86,49111.766,54666.961,11.31,90295,99140.377,34473.416
summary: 1 instances, mean dist gap 11.31%, vehicles win/tie/loss 0/0/1


==== money/1000/lrc1_10_1/vroom rc=0 wall=102.276
lrc1_10_1,51696151,0,101.8,veh=89,dur=123955330,wait=62259179


==== money/1000/lrc1_10_10/commiv rc=0 wall=90.370
instance,n_pairs,bks_veh,veh,bks_dist,dist,gap_pct,ms,dur,wait
lrc1_10_10,522,47,52,36539.031,39700.220,8.65,90362,60020.936,10320.716
summary: 1 instances, mean dist gap 8.65%, vehicles win/tie/loss 0/0/1


==== money/1000/lrc1_10_10/vroom rc=0 wall=91.665
lrc1_10_10,38503472,0,91.3,veh=58,dur=83546527,wait=35043055


==== money/1000/lrc1_10_2/commiv rc=0 wall=90.349
instance,n_pairs,bks_veh,veh,bks_dist,dist,gap_pct,ms,dur,wait
lrc1_10_2,523,71,73,45547.383,51468.619,13.00,90342,84684.635,23216.016
summary: 1 instances, mean dist gap 13.00%, vehicles win/tie/loss 0/0/1


==== money/1000/lrc1_10_2/vroom rc=0 wall=104.502
lrc1_10_2,47613653,0,104.1,veh=79,dur=114188868,wait=56575215


==== money/1000/lrc1_10_3/commiv rc=0 wall=90.454
instance,n_pairs,bks_veh,veh,bks_dist,dist,gap_pct,ms,dur,wait
lrc1_10_3,524,53,56,35616.843,40039.904,12.42,90445,58919.572,8879.668
summary: 1 instances, mean dist gap 12.42%, vehicles win/tie/loss 0/0/1


==== money/1000/lrc1_10_3/vroom rc=0 wall=109.519
lrc1_10_3,37829983,0,109.1,veh=64,dur=86793624,wait=38963641


==== money/1000/lrc1_10_4/commiv rc=0 wall=90.878
instance,n_pairs,bks_veh,veh,bks_dist,dist,gap_pct,ms,dur,wait
lrc1_10_4,521,40,42,27211.869,31003.481,13.93,90870,44884.183,3880.702
summary: 1 instances, mean dist gap 13.93%, vehicles win/tie/loss 0/0/1


==== money/1000/lrc1_10_4/vroom rc=0 wall=116.282
lrc1_10_4,31678859,0,115.9,veh=48,dur=68302781,wait=26623922


==== money/1000/lrc1_10_5/commiv rc=0 wall=90.300
instance,n_pairs,bks_veh,veh,bks_dist,dist,gap_pct,ms,dur,wait
lrc1_10_5,526,72,78,50323.034,55883.019,11.05,90292,88490.971,22607.952
summary: 1 instances, mean dist gap 11.05%, vehicles win/tie/loss 0/0/1


==== money/1000/lrc1_10_5/vroom rc=0 wall=100.840
lrc1_10_5,53054166,0,100.4,veh=84,dur=118649407,wait=55595241


==== money/1000/lrc1_10_6/commiv rc=0 wall=90.290
instance,n_pairs,bks_veh,veh,bks_dist,dist,gap_pct,ms,dur,wait
lrc1_10_6,523,67,72,45115.212,49467.748,9.65,90282,84646.824,25179.076
summary: 1 instances, mean dist gap 9.65%, vehicles win/tie/loss 0/0/1


==== money/1000/lrc1_10_6/vroom rc=0 wall=95.793
lrc1_10_6,47764991,0,95.4,veh=80,dur=117514991,wait=59750000


==== money/1000/lrc1_10_7/commiv rc=0 wall=90.309
instance,n_pairs,bks_veh,veh,bks_dist,dist,gap_pct,ms,dur,wait
lrc1_10_7,523,60,65,41560.515,46195.308,11.15,90302,73976.674,17781.366
summary: 1 instances, mean dist gap 11.15%, vehicles win/tie/loss 0/0/1


==== money/1000/lrc1_10_7/vroom rc=0 wall=91.909
lrc1_10_7,43836100,0,91.5,veh=75,dur=107053405,wait=53217305


==== money/1000/lrc1_10_8/commiv rc=0 wall=90.333
instance,n_pairs,bks_veh,veh,bks_dist,dist,gap_pct,ms,dur,wait
lrc1_10_8,522,55,63,40770.091,45364.154,11.27,90326,70387.313,15023.159
summary: 1 instances, mean dist gap 11.27%, vehicles win/tie/loss 0/0/1


==== money/1000/lrc1_10_8/vroom rc=0 wall=96.254
lrc1_10_8,43235415,0,95.8,veh=68,dur=95268949,wait=42033534


==== money/1000/lrc1_10_9/commiv rc=0 wall=90.333
instance,n_pairs,bks_veh,veh,bks_dist,dist,gap_pct,ms,dur,wait
lrc1_10_9,524,52,58,40934.260,44926.253,9.75,90324,67014.004,12087.751
summary: 1 instances, mean dist gap 9.75%, vehicles win/tie/loss 0/0/1


==== money/1000/lrc1_10_9/vroom rc=0 wall=93.817
lrc1_10_9,41749971,0,93.4,veh=68,dur=100083654,wait=48333683


==== money/1000/lrc2_10_1/commiv rc=0 wall=90.999
instance,n_pairs,bks_veh,veh,bks_dist,dist,gap_pct,ms,dur,wait
lrc2_10_1,507,22,25,34463.455,45298.808,31.44,90991,98608.365,43309.557
summary: 1 instances, mean dist gap 31.44%, vehicles win/tie/loss 0/0/1


==== money/1000/lrc2_10_1/vroom rc=0 wall=106.789
lrc2_10_1,32973753,0,106.4,veh=27,dur=156696289,wait=113722536


==== money/1000/lrc2_10_10/commiv rc=0 wall=93.697
instance,n_pairs,bks_veh,veh,bks_dist,dist,gap_pct,ms,dur,wait
lrc2_10_10,504,11,13,29085.280,35113.456,20.73,90963,55181.644,10068.188
summary: 1 instances, mean dist gap 20.73%, vehicles win/tie/loss 0/0/1


==== money/1000/lrc2_10_10/vroom rc=0 wall=127.482
lrc2_10_10,28468758,0,127.1,veh=17,dur=91787529,wait=53318771


==== money/1000/lrc2_10_2/commiv rc=0 wall=92.862
instance,n_pairs,bks_veh,veh,bks_dist,dist,gap_pct,ms,dur,wait
lrc2_10_2,505,19,23,38619.114,42666.495,10.48,90946,85608.855,32942.360
summary: 1 instances, mean dist gap 10.48%, vehicles win/tie/loss 0/0/1


==== money/1000/lrc2_10_2/vroom rc=0 wall=127.951
lrc2_10_2,32356328,0,127.5,veh=28,dur=155026234,wait=112669906


==== money/1000/lrc2_10_3/commiv rc=0 wall=93.427
instance,n_pairs,bks_veh,veh,bks_dist,dist,gap_pct,ms,dur,wait
lrc2_10_3,507,16,19,27218.067,35555.981,30.63,91312,67881.281,22325.300
summary: 1 instances, mean dist gap 30.63%, vehicles win/tie/loss 0/0/1


==== money/1000/lrc2_10_3/vroom rc=0 wall=147.005
lrc2_10_3,29372654,0,146.6,veh=23,dur=121772496,wait=82399842


==== money/1000/lrc2_10_4/commiv rc=0 wall=94.936
instance,n_pairs,bks_veh,veh,bks_dist,dist,gap_pct,ms,dur,wait
lrc2_10_4,506,11,13,23212.440,27823.543,19.86,93037,45897.919,8074.376
summary: 1 instances, mean dist gap 19.86%, vehicles win/tie/loss 0/0/1


==== money/1000/lrc2_10_4/vroom rc=0 wall=174.382
lrc2_10_4,27497564,0,174.0,veh=15,dur=81868100,wait=44370536


==== money/1000/lrc2_10_5/commiv rc=0 wall=92.847
instance,n_pairs,bks_veh,veh,bks_dist,dist,gap_pct,ms,dur,wait
lrc2_10_5,504,16,19,40638.116,42073.809,3.53,90930,82289.583,30215.774
summary: 1 instances, mean dist gap 3.53%, vehicles win/tie/loss 0/0/1


==== money/1000/lrc2_10_5/vroom rc=0 wall=106.745
lrc2_10_5,30698420,0,106.4,veh=24,dur=135744893,wait=95046473


==== money/1000/lrc2_10_6/commiv rc=0 wall=92.773
instance,n_pairs,bks_veh,veh,bks_dist,dist,gap_pct,ms,dur,wait
lrc2_10_6,504,17,18,30910.641,39153.167,26.67,90758,82362.061,33208.894
summary: 1 instances, mean dist gap 26.67%, vehicles win/tie/loss 0/0/1


==== money/1000/lrc2_10_6/vroom rc=0 wall=110.715
lrc2_10_6,30170962,0,110.3,veh=24,dur=135575920,wait=95404958


==== money/1000/lrc2_10_7/commiv rc=0 wall=93.420
instance,n_pairs,bks_veh,veh,bks_dist,dist,gap_pct,ms,dur,wait
lrc2_10_7,505,15,19,33275.234,40194.649,20.79,91092,74034.820,23840.171
summary: 1 instances, mean dist gap 20.79%, vehicles win/tie/loss 0/0/1


==== money/1000/lrc2_10_7/vroom rc=0 wall=114.407
lrc2_10_7,31017164,0,114.0,veh=22,dur=122252168,wait=81235004


==== pdptw/100/lc101/commiv/s1 rc=0 wall=10.043
instance,n_pairs,bks_veh,veh,bks_dist,dist,gap_pct,ms,dur,wait
lc101,53,10,10,828.937,828.937,0.00,10039,9828.937,0.000
summary: 1 instances, mean dist gap 0.00%, vehicles win/tie/loss 0/1/0


==== pdptw/100/lc101/commiv/s2 rc=0 wall=10.049
instance,n_pairs,bks_veh,veh,bks_dist,dist,gap_pct,ms,dur,wait
lc101,53,10,10,828.937,828.937,0.00,10047,9828.937,0.000
summary: 1 instances, mean dist gap 0.00%, vehicles win/tie/loss 0/1/0


==== pdptw/100/lc101/commiv/s3 rc=0 wall=10.054
instance,n_pairs,bks_veh,veh,bks_dist,dist,gap_pct,ms,dur,wait
lc101,53,10,10,828.937,828.937,0.00,10052,9828.937,0.000
summary: 1 instances, mean dist gap 0.00%, vehicles win/tie/loss 0/1/0


==== pdptw/100/lc101/vroom rc=0 wall=0.072
lc101,828937,0,0.0,veh=10,dur=9828937,wait=0


==== pdptw/100/lc102/commiv/s1 rc=0 wall=10.750
instance,n_pairs,bks_veh,veh,bks_dist,dist,gap_pct,ms,dur,wait
lc102,53,10,10,828.937,828.937,0.00,10052,9828.937,0.000
summary: 1 instances, mean dist gap 0.00%, vehicles win/tie/loss 0/1/0


==== pdptw/100/lc102/commiv/s2 rc=0 wall=10.055
instance,n_pairs,bks_veh,veh,bks_dist,dist,gap_pct,ms,dur,wait
lc102,53,10,10,828.937,828.937,0.00,10052,9828.937,0.000
summary: 1 instances, mean dist gap 0.00%, vehicles win/tie/loss 0/1/0


==== pdptw/100/lc102/commiv/s3 rc=0 wall=10.052
instance,n_pairs,bks_veh,veh,bks_dist,dist,gap_pct,ms,dur,wait
lc102,53,10,10,828.937,828.937,0.00,10050,9828.937,0.000
summary: 1 instances, mean dist gap 0.00%, vehicles win/tie/loss 0/1/0


==== pdptw/100/lc102/vroom rc=0 wall=0.092
lc102,828937,0,0.1,veh=10,dur=9828937,wait=0


==== pdptw/100/lc103/commiv/s1 rc=0 wall=10.771
instance,n_pairs,bks_veh,veh,bks_dist,dist,gap_pct,ms,dur,wait
lc103,52,9,9,1035.350,1035.350,0.00,10050,10123.419,88.069
summary: 1 instances, mean dist gap 0.00%, vehicles win/tie/loss 0/1/0


==== pdptw/100/lc103/commiv/s2 rc=0 wall=10.070
instance,n_pairs,bks_veh,veh,bks_dist,dist,gap_pct,ms,dur,wait
lc103,52,9,9,1035.350,1057.328,2.12,10067,10099.085,41.757
summary: 1 instances, mean dist gap 2.12%, vehicles win/tie/loss 0/1/0


==== pdptw/100/lc103/commiv/s3 rc=0 wall=10.059
instance,n_pairs,bks_veh,veh,bks_dist,dist,gap_pct,ms,dur,wait
lc103,52,9,9,1035.350,1035.350,0.00,10057,10123.419,88.069
summary: 1 instances, mean dist gap 0.00%, vehicles win/tie/loss 0/1/0


==== pdptw/100/lc103/vroom rc=0 wall=0.105
lc103,1107737,0,0.1,veh=9,dur=10263751,wait=156014


==== pdptw/100/lc104/commiv/s1 rc=0 wall=10.840
instance,n_pairs,bks_veh,veh,bks_dist,dist,gap_pct,ms,dur,wait
lc104,53,9,9,860.012,864.176,0.48,10055,9896.380,32.204
summary: 1 instances, mean dist gap 0.48%, vehicles win/tie/loss 0/1/0


==== pdptw/100/lc104/commiv/s2 rc=0 wall=10.050
instance,n_pairs,bks_veh,veh,bks_dist,dist,gap_pct,ms,dur,wait
lc104,53,9,9,860.012,864.176,0.48,10048,9896.380,32.204
summary: 1 instances, mean dist gap 0.48%, vehicles win/tie/loss 0/1/0


==== pdptw/100/lc104/commiv/s3 rc=0 wall=10.052
instance,n_pairs,bks_veh,veh,bks_dist,dist,gap_pct,ms,dur,wait
lc104,53,9,9,860.012,864.176,0.48,10050,9896.380,32.204
summary: 1 instances, mean dist gap 0.48%, vehicles win/tie/loss 0/1/0


==== pdptw/100/lc104/vroom rc=0 wall=0.157
lc104,861956,0,0.1,veh=9,dur=9894160,wait=32204


==== pdptw/100/lc105/commiv/s1 rc=0 wall=10.795
instance,n_pairs,bks_veh,veh,bks_dist,dist,gap_pct,ms,dur,wait
lc105,53,10,10,828.937,828.937,0.00,10052,9828.937,0.000
summary: 1 instances, mean dist gap 0.00%, vehicles win/tie/loss 0/1/0


==== pdptw/100/lc105/commiv/s2 rc=0 wall=10.047
instance,n_pairs,bks_veh,veh,bks_dist,dist,gap_pct,ms,dur,wait
lc105,53,10,10,828.937,828.937,0.00,10044,9828.937,0.000
summary: 1 instances, mean dist gap 0.00%, vehicles win/tie/loss 0/1/0


==== pdptw/100/lc105/commiv/s3 rc=0 wall=10.044
instance,n_pairs,bks_veh,veh,bks_dist,dist,gap_pct,ms,dur,wait
lc105,53,10,10,828.937,828.937,0.00,10042,9828.937,0.000
summary: 1 instances, mean dist gap 0.00%, vehicles win/tie/loss 0/1/0


==== pdptw/100/lc105/vroom rc=0 wall=0.079
lc105,828937,0,0.0,veh=10,dur=9828937,wait=0


==== pdptw/100/lc106/commiv/s1 rc=0 wall=10.038
instance,n_pairs,bks_veh,veh,bks_dist,dist,gap_pct,ms,dur,wait
lc106,53,10,10,828.937,828.937,0.00,10035,9828.937,0.000
summary: 1 instances, mean dist gap 0.00%, vehicles win/tie/loss 0/1/0


==== pdptw/100/lc106/commiv/s2 rc=0 wall=10.821
instance,n_pairs,bks_veh,veh,bks_dist,dist,gap_pct,ms,dur,wait
lc106,53,10,10,828.937,828.937,0.00,10051,9828.937,0.000
summary: 1 instances, mean dist gap 0.00%, vehicles win/tie/loss 0/1/0


==== pdptw/100/lc106/commiv/s3 rc=0 wall=10.059
instance,n_pairs,bks_veh,veh,bks_dist,dist,gap_pct,ms,dur,wait
lc106,53,10,10,828.937,828.937,0.00,10057,9828.937,0.000
summary: 1 instances, mean dist gap 0.00%, vehicles win/tie/loss 0/1/0


==== pdptw/100/lc106/vroom rc=0 wall=0.092
lc106,828937,0,0.1,veh=10,dur=9828937,wait=0


==== pdptw/100/lc107/commiv/s1 rc=0 wall=10.051
instance,n_pairs,bks_veh,veh,bks_dist,dist,gap_pct,ms,dur,wait
lc107,53,10,10,828.937,828.937,0.00,10048,9828.937,0.000
summary: 1 instances, mean dist gap 0.00%, vehicles win/tie/loss 0/1/0


==== pdptw/100/lc107/commiv/s2 rc=0 wall=10.805
instance,n_pairs,bks_veh,veh,bks_dist,dist,gap_pct,ms,dur,wait
lc107,53,10,10,828.937,828.937,0.00,10041,9828.937,0.000
summary: 1 instances, mean dist gap 0.00%, vehicles win/tie/loss 0/1/0


==== pdptw/100/lc107/commiv/s3 rc=0 wall=10.046
instance,n_pairs,bks_veh,veh,bks_dist,dist,gap_pct,ms,dur,wait
lc107,53,10,10,828.937,828.937,0.00,10044,9828.937,0.000
summary: 1 instances, mean dist gap 0.00%, vehicles win/tie/loss 0/1/0


==== pdptw/100/lc107/vroom rc=0 wall=0.082
lc107,828937,0,0.1,veh=10,dur=9828937,wait=0


==== pdptw/100/lc108/commiv/s1 rc=0 wall=10.048
instance,n_pairs,bks_veh,veh,bks_dist,dist,gap_pct,ms,dur,wait
lc108,53,10,10,826.440,826.440,0.00,10045,9826.440,0.000
summary: 1 instances, mean dist gap 0.00%, vehicles win/tie/loss 0/1/0


==== pdptw/100/lc108/commiv/s2 rc=0 wall=10.828
instance,n_pairs,bks_veh,veh,bks_dist,dist,gap_pct,ms,dur,wait
lc108,53,10,10,826.440,826.440,0.00,10058,9826.440,0.000
summary: 1 instances, mean dist gap 0.00%, vehicles win/tie/loss 0/1/0


==== pdptw/100/lc108/commiv/s3 rc=0 wall=10.053
instance,n_pairs,bks_veh,veh,bks_dist,dist,gap_pct,ms,dur,wait
lc108,53,10,10,826.440,826.440,0.00,10051,9826.440,0.000
summary: 1 instances, mean dist gap 0.00%, vehicles win/tie/loss 0/1/0


==== pdptw/100/lc108/vroom rc=0 wall=0.098
lc108,826440,0,0.1,veh=10,dur=9826440,wait=0


==== pdptw/100/lc109/commiv/s1 rc=0 wall=10.060
instance,n_pairs,bks_veh,veh,bks_dist,dist,gap_pct,ms,dur,wait
lc109,53,9,9,1000.597,1000.937,0.03,10056,10000.937,0.000
summary: 1 instances, mean dist gap 0.03%, vehicles win/tie/loss 0/1/0


==== pdptw/100/lc109/commiv/s2 rc=0 wall=10.812
instance,n_pairs,bks_veh,veh,bks_dist,dist,gap_pct,ms,dur,wait
lc109,53,9,9,1000.597,1000.937,0.03,10049,10000.937,0.000
summary: 1 instances, mean dist gap 0.03%, vehicles win/tie/loss 0/1/0


==== pdptw/100/lc109/commiv/s3 rc=0 wall=10.041
instance,n_pairs,bks_veh,veh,bks_dist,dist,gap_pct,ms,dur,wait
lc109,53,9,9,1000.597,1022.851,2.22,10039,10022.851,0.000
summary: 1 instances, mean dist gap 2.22%, vehicles win/tie/loss 0/1/0


==== pdptw/100/lc109/vroom rc=0 wall=0.123
lc109,1076336,0,0.1,veh=9,dur=10076336,wait=0


==== pdptw/100/lc201/commiv/s1 rc=0 wall=10.061
instance,n_pairs,bks_veh,veh,bks_dist,dist,gap_pct,ms,dur,wait
lc201,51,3,3,591.555,591.555,0.00,10057,9591.555,0.000
summary: 1 instances, mean dist gap 0.00%, vehicles win/tie/loss 0/1/0


==== pdptw/100/lc201/commiv/s2 rc=0 wall=10.823
instance,n_pairs,bks_veh,veh,bks_dist,dist,gap_pct,ms,dur,wait
lc201,51,3,3,591.555,591.555,0.00,10052,9591.555,0.000
summary: 1 instances, mean dist gap 0.00%, vehicles win/tie/loss 0/1/0


==== pdptw/100/lc201/commiv/s3 rc=0 wall=10.048
instance,n_pairs,bks_veh,veh,bks_dist,dist,gap_pct,ms,dur,wait
lc201,51,3,3,591.555,591.555,0.00,10045,9591.555,0.000
summary: 1 instances, mean dist gap 0.00%, vehicles win/tie/loss 0/1/0


==== pdptw/100/lc201/vroom rc=0 wall=0.060
lc201,591555,0,0.0,veh=3,dur=9591555,wait=0


==== pdptw/100/lc202/commiv/s1 rc=0 wall=10.057
instance,n_pairs,bks_veh,veh,bks_dist,dist,gap_pct,ms,dur,wait
lc202,51,3,3,591.555,591.555,0.00,10055,9591.555,0.000
summary: 1 instances, mean dist gap 0.00%, vehicles win/tie/loss 0/1/0


==== pdptw/100/lc202/commiv/s2 rc=0 wall=10.060
instance,n_pairs,bks_veh,veh,bks_dist,dist,gap_pct,ms,dur,wait
lc202,51,3,3,591.555,591.555,0.00,10058,9591.555,0.000
summary: 1 instances, mean dist gap 0.00%, vehicles win/tie/loss 0/1/0


==== pdptw/100/lc202/commiv/s3 rc=0 wall=10.827
instance,n_pairs,bks_veh,veh,bks_dist,dist,gap_pct,ms,dur,wait
lc202,51,3,3,591.555,591.555,0.00,10062,9591.555,0.000
summary: 1 instances, mean dist gap 0.00%, vehicles win/tie/loss 0/1/0


==== pdptw/100/lc202/vroom rc=0 wall=0.092
lc202,591555,0,0.1,veh=3,dur=9591555,wait=0


==== pdptw/100/lc203/commiv/s1 rc=0 wall=10.054
instance,n_pairs,bks_veh,veh,bks_dist,dist,gap_pct,ms,dur,wait
lc203,51,3,3,591.173,591.173,0.00,10052,9591.173,0.000
summary: 1 instances, mean dist gap 0.00%, vehicles win/tie/loss 0/1/0


==== pdptw/100/lc203/commiv/s2 rc=0 wall=10.067
instance,n_pairs,bks_veh,veh,bks_dist,dist,gap_pct,ms,dur,wait
lc203,51,3,3,591.173,591.173,0.00,10065,9591.173,0.000
summary: 1 instances, mean dist gap 0.00%, vehicles win/tie/loss 0/1/0


==== pdptw/100/lc203/commiv/s3 rc=0 wall=10.846
instance,n_pairs,bks_veh,veh,bks_dist,dist,gap_pct,ms,dur,wait
lc203,51,3,3,591.173,591.173,0.00,10069,9591.173,0.000
summary: 1 instances, mean dist gap 0.00%, vehicles win/tie/loss 0/1/0


==== pdptw/100/lc203/vroom rc=0 wall=0.115
lc203,591173,0,0.1,veh=3,dur=9591173,wait=0


==== pdptw/100/lc204/commiv/s1 rc=0 wall=10.090
instance,n_pairs,bks_veh,veh,bks_dist,dist,gap_pct,ms,dur,wait
lc204,51,3,3,590.598,590.598,0.00,10087,9590.598,0.000
summary: 1 instances, mean dist gap 0.00%, vehicles win/tie/loss 0/1/0


==== pdptw/100/lc204/commiv/s2 rc=0 wall=10.070
instance,n_pairs,bks_veh,veh,bks_dist,dist,gap_pct,ms,dur,wait
lc204,51,3,3,590.598,590.598,0.00,10068,9590.598,0.000
summary: 1 instances, mean dist gap 0.00%, vehicles win/tie/loss 0/1/0


==== pdptw/100/lc204/commiv/s3 rc=0 wall=10.858
instance,n_pairs,bks_veh,veh,bks_dist,dist,gap_pct,ms,dur,wait
lc204,51,3,3,590.598,590.598,0.00,10072,9590.598,0.000
summary: 1 instances, mean dist gap 0.00%, vehicles win/tie/loss 0/1/0


==== pdptw/100/lc204/vroom rc=0 wall=0.154
lc204,591173,0,0.1,veh=3,dur=9591173,wait=0


==== pdptw/100/lc205/commiv/s1 rc=0 wall=10.057
instance,n_pairs,bks_veh,veh,bks_dist,dist,gap_pct,ms,dur,wait
lc205,51,3,3,588.875,588.875,0.00,10054,9588.875,0.000
summary: 1 instances, mean dist gap 0.00%, vehicles win/tie/loss 0/1/0


==== pdptw/100/lc205/commiv/s2 rc=0 wall=10.070
instance,n_pairs,bks_veh,veh,bks_dist,dist,gap_pct,ms,dur,wait
lc205,51,3,3,588.875,588.875,0.00,10067,9588.875,0.000
summary: 1 instances, mean dist gap 0.00%, vehicles win/tie/loss 0/1/0


==== pdptw/100/lc205/commiv/s3 rc=0 wall=10.858
instance,n_pairs,bks_veh,veh,bks_dist,dist,gap_pct,ms,dur,wait
lc205,51,3,3,588.875,588.875,0.00,10048,9588.875,0.000
summary: 1 instances, mean dist gap 0.00%, vehicles win/tie/loss 0/1/0


==== pdptw/100/lc205/vroom rc=0 wall=0.079
lc205,588875,0,0.0,veh=3,dur=9588875,wait=0


==== pdptw/100/lc206/commiv/s1 rc=0 wall=10.069
instance,n_pairs,bks_veh,veh,bks_dist,dist,gap_pct,ms,dur,wait
lc206,51,3,3,588.493,588.493,0.00,10066,9588.493,0.000
summary: 1 instances, mean dist gap 0.00%, vehicles win/tie/loss 0/1/0


==== pdptw/100/lc206/commiv/s2 rc=0 wall=10.058
instance,n_pairs,bks_veh,veh,bks_dist,dist,gap_pct,ms,dur,wait
lc206,51,3,3,588.493,588.493,0.00,10056,9588.493,0.000
summary: 1 instances, mean dist gap 0.00%, vehicles win/tie/loss 0/1/0


==== pdptw/100/lc206/commiv/s3 rc=0 wall=10.056
instance,n_pairs,bks_veh,veh,bks_dist,dist,gap_pct,ms,dur,wait
lc206,51,3,3,588.493,588.493,0.00,10054,9588.493,0.000
summary: 1 instances, mean dist gap 0.00%, vehicles win/tie/loss 0/1/0


==== pdptw/100/lc206/vroom rc=0 wall=0.088
lc206,588493,0,0.1,veh=3,dur=9588493,wait=0


==== pdptw/100/lc207/commiv/s1 rc=0 wall=10.914
instance,n_pairs,bks_veh,veh,bks_dist,dist,gap_pct,ms,dur,wait
lc207,51,3,3,588.287,588.287,0.00,10059,9588.287,0.000
summary: 1 instances, mean dist gap 0.00%, vehicles win/tie/loss 0/1/0


==== pdptw/100/lc207/commiv/s2 rc=0 wall=10.054
instance,n_pairs,bks_veh,veh,bks_dist,dist,gap_pct,ms,dur,wait
lc207,51,3,3,588.287,588.287,0.00,10051,9588.287,0.000
summary: 1 instances, mean dist gap 0.00%, vehicles win/tie/loss 0/1/0


==== pdptw/100/lc207/commiv/s3 rc=0 wall=10.053
instance,n_pairs,bks_veh,veh,bks_dist,dist,gap_pct,ms,dur,wait
lc207,51,3,3,588.287,588.287,0.00,10050,9588.287,0.000
summary: 1 instances, mean dist gap 0.00%, vehicles win/tie/loss 0/1/0


==== pdptw/100/lc207/vroom rc=0 wall=0.087
lc207,588287,0,0.1,veh=3,dur=9588287,wait=0


==== pdptw/100/lc208/commiv/s1 rc=0 wall=10.895
instance,n_pairs,bks_veh,veh,bks_dist,dist,gap_pct,ms,dur,wait
lc208,51,3,3,588.324,588.324,0.00,10063,9588.324,0.000
summary: 1 instances, mean dist gap 0.00%, vehicles win/tie/loss 0/1/0


==== pdptw/100/lc208/commiv/s2 rc=0 wall=10.058
instance,n_pairs,bks_veh,veh,bks_dist,dist,gap_pct,ms,dur,wait
lc208,51,3,3,588.324,588.324,0.00,10056,9588.324,0.000
summary: 1 instances, mean dist gap 0.00%, vehicles win/tie/loss 0/1/0


==== pdptw/100/lc208/commiv/s3 rc=0 wall=10.059
instance,n_pairs,bks_veh,veh,bks_dist,dist,gap_pct,ms,dur,wait
lc208,51,3,3,588.324,588.324,0.00,10057,9588.324,0.000
summary: 1 instances, mean dist gap 0.00%, vehicles win/tie/loss 0/1/0


==== pdptw/100/lc208/vroom rc=0 wall=0.090
lc208,591394,0,0.1,veh=3,dur=9591394,wait=0


==== pdptw/100/lr101/commiv/s1 rc=0 wall=10.885
instance,n_pairs,bks_veh,veh,bks_dist,dist,gap_pct,ms,dur,wait
lr101,53,19,19,1650.798,1650.798,0.00,10048,3150.954,500.156
summary: 1 instances, mean dist gap 0.00%, vehicles win/tie/loss 0/1/0


==== pdptw/100/lr101/commiv/s2 rc=0 wall=10.051
instance,n_pairs,bks_veh,veh,bks_dist,dist,gap_pct,ms,dur,wait
lr101,53,19,19,1650.798,1650.798,0.00,10049,3150.954,500.156
summary: 1 instances, mean dist gap 0.00%, vehicles win/tie/loss 0/1/0


==== pdptw/100/lr101/commiv/s3 rc=0 wall=10.044
instance,n_pairs,bks_veh,veh,bks_dist,dist,gap_pct,ms,dur,wait
lr101,53,19,19,1650.798,1650.798,0.00,10041,3150.954,500.156
summary: 1 instances, mean dist gap 0.00%, vehicles win/tie/loss 0/1/0


==== pdptw/100/lr101/vroom rc=0 wall=0.120
lr101,1650798,0,0.1,veh=19,dur=3150954,wait=500156


==== pdptw/100/lr102/commiv/s1 rc=0 wall=10.842
instance,n_pairs,bks_veh,veh,bks_dist,dist,gap_pct,ms,dur,wait
lr102,55,17,17,1487.570,1487.570,0.00,10047,2753.683,266.113
summary: 1 instances, mean dist gap 0.00%, vehicles win/tie/loss 0/1/0


==== pdptw/100/lr102/commiv/s2 rc=0 wall=10.057
instance,n_pairs,bks_veh,veh,bks_dist,dist,gap_pct,ms,dur,wait
lr102,55,17,17,1487.570,1487.570,0.00,10054,2753.683,266.113
summary: 1 instances, mean dist gap 0.00%, vehicles win/tie/loss 0/1/0


==== pdptw/100/lr102/commiv/s3 rc=0 wall=10.035
instance,n_pairs,bks_veh,veh,bks_dist,dist,gap_pct,ms,dur,wait
lr102,55,17,17,1487.570,1487.570,0.00,10033,2753.683,266.113
summary: 1 instances, mean dist gap 0.00%, vehicles win/tie/loss 0/1/0


==== pdptw/100/lr102/vroom rc=0 wall=0.154
lr102,1487570,0,0.1,veh=17,dur=2753683,wait=266113


==== pdptw/100/lr103/commiv/s1 rc=0 wall=10.816
instance,n_pairs,bks_veh,veh,bks_dist,dist,gap_pct,ms,dur,wait
lr103,52,13,13,1292.672,1292.672,0.00,10049,2451.412,158.740
summary: 1 instances, mean dist gap 0.00%, vehicles win/tie/loss 0/1/0


==== pdptw/100/lr103/commiv/s2 rc=0 wall=10.055
instance,n_pairs,bks_veh,veh,bks_dist,dist,gap_pct,ms,dur,wait
lr103,52,13,13,1292.672,1292.672,0.00,10053,2451.412,158.740
summary: 1 instances, mean dist gap 0.00%, vehicles win/tie/loss 0/1/0


==== pdptw/100/lr103/commiv/s3 rc=0 wall=10.044
instance,n_pairs,bks_veh,veh,bks_dist,dist,gap_pct,ms,dur,wait
lr103,52,13,13,1292.672,1292.672,0.00,10042,2451.412,158.740
summary: 1 instances, mean dist gap 0.00%, vehicles win/tie/loss 0/1/0


==== pdptw/100/lr103/vroom rc=0 wall=0.144
lr103,1292672,0,0.1,veh=13,dur=2451412,wait=158740


==== pdptw/100/lr104/commiv/s1 rc=0 wall=10.044
instance,n_pairs,bks_veh,veh,bks_dist,dist,gap_pct,ms,dur,wait
lr104,52,9,9,1013.386,1013.386,0.00,10041,2015.085,1.699
summary: 1 instances, mean dist gap 0.00%, vehicles win/tie/loss 0/1/0


==== pdptw/100/lr104/commiv/s2 rc=0 wall=10.846
instance,n_pairs,bks_veh,veh,bks_dist,dist,gap_pct,ms,dur,wait
lr104,52,9,9,1013.386,1013.386,0.00,10062,2015.085,1.699
summary: 1 instances, mean dist gap 0.00%, vehicles win/tie/loss 0/1/0


==== pdptw/100/lr104/commiv/s3 rc=0 wall=10.045
instance,n_pairs,bks_veh,veh,bks_dist,dist,gap_pct,ms,dur,wait
lr104,52,9,9,1013.386,1013.386,0.00,10043,2015.085,1.699
summary: 1 instances, mean dist gap 0.00%, vehicles win/tie/loss 0/1/0


==== pdptw/100/lr104/vroom rc=0 wall=0.134
lr104,996714,2,0.1,veh=9,dur=1978413,wait=1699


==== pdptw/100/lr105/commiv/s1 rc=0 wall=10.062
instance,n_pairs,bks_veh,veh,bks_dist,dist,gap_pct,ms,dur,wait
lr105,53,14,14,1377.110,1377.110,0.00,10059,2392.656,15.546
summary: 1 instances, mean dist gap 0.00%, vehicles win/tie/loss 0/1/0


==== pdptw/100/lr105/commiv/s2 rc=0 wall=10.829
instance,n_pairs,bks_veh,veh,bks_dist,dist,gap_pct,ms,dur,wait
lr105,53,14,14,1377.110,1377.110,0.00,10046,2392.656,15.546
summary: 1 instances, mean dist gap 0.00%, vehicles win/tie/loss 0/1/0


==== pdptw/100/lr105/commiv/s3 rc=0 wall=10.060
instance,n_pairs,bks_veh,veh,bks_dist,dist,gap_pct,ms,dur,wait
lr105,53,14,14,1377.110,1377.110,0.00,10058,2392.656,15.546
summary: 1 instances, mean dist gap 0.00%, vehicles win/tie/loss 0/1/0


==== pdptw/100/lr105/vroom rc=0 wall=0.127
lr105,1377110,0,0.1,veh=14,dur=2392656,wait=15546


==== pdptw/100/lr106/commiv/s1 rc=0 wall=10.056
instance,n_pairs,bks_veh,veh,bks_dist,dist,gap_pct,ms,dur,wait
lr106,52,12,12,1252.612,1252.612,0.00,10052,2302.405,49.793
summary: 1 instances, mean dist gap 0.00%, vehicles win/tie/loss 0/1/0


==== pdptw/100/lr106/commiv/s2 rc=0 wall=10.832
instance,n_pairs,bks_veh,veh,bks_dist,dist,gap_pct,ms,dur,wait
lr106,52,12,12,1252.612,1252.612,0.00,10043,2302.405,49.793
summary: 1 instances, mean dist gap 0.00%, vehicles win/tie/loss 0/1/0


==== pdptw/100/lr106/commiv/s3 rc=0 wall=10.076
instance,n_pairs,bks_veh,veh,bks_dist,dist,gap_pct,ms,dur,wait
lr106,52,12,12,1252.612,1252.612,0.00,10074,2302.405,49.793
summary: 1 instances, mean dist gap 0.00%, vehicles win/tie/loss 0/1/0


==== pdptw/100/lr106/vroom rc=0 wall=0.123
lr106,1252612,0,0.1,veh=12,dur=2302405,wait=49793


==== pdptw/100/lr107/commiv/s1 rc=0 wall=10.056
instance,n_pairs,bks_veh,veh,bks_dist,dist,gap_pct,ms,dur,wait
lr107,52,10,10,1111.315,1111.315,0.00,10053,2121.232,9.917
summary: 1 instances, mean dist gap 0.00%, vehicles win/tie/loss 0/1/0


==== pdptw/100/lr107/commiv/s2 rc=0 wall=10.836
instance,n_pairs,bks_veh,veh,bks_dist,dist,gap_pct,ms,dur,wait
lr107,52,10,10,1111.315,1111.315,0.00,10051,2121.232,9.917
summary: 1 instances, mean dist gap 0.00%, vehicles win/tie/loss 0/1/0


==== pdptw/100/lr107/commiv/s3 rc=0 wall=10.041
instance,n_pairs,bks_veh,veh,bks_dist,dist,gap_pct,ms,dur,wait
lr107,52,10,10,1111.315,1111.315,0.00,10039,2121.232,9.917
summary: 1 instances, mean dist gap 0.00%, vehicles win/tie/loss 0/1/0


==== pdptw/100/lr107/vroom rc=0 wall=0.122
lr107,1111315,0,0.1,veh=10,dur=2121232,wait=9917


==== pdptw/100/lr108/commiv/s1 rc=0 wall=10.055
instance,n_pairs,bks_veh,veh,bks_dist,dist,gap_pct,ms,dur,wait
lr108,50,9,9,968.961,968.961,0.00,10052,1968.961,0.000
summary: 1 instances, mean dist gap 0.00%, vehicles win/tie/loss 0/1/0


==== pdptw/100/lr108/commiv/s2 rc=0 wall=10.819
instance,n_pairs,bks_veh,veh,bks_dist,dist,gap_pct,ms,dur,wait
lr108,50,9,9,968.961,968.961,0.00,10031,1968.961,0.000
summary: 1 instances, mean dist gap 0.00%, vehicles win/tie/loss 0/1/0


==== pdptw/100/lr108/commiv/s3 rc=0 wall=10.050
instance,n_pairs,bks_veh,veh,bks_dist,dist,gap_pct,ms,dur,wait
lr108,50,9,9,968.961,968.961,0.00,10047,1968.961,0.000
summary: 1 instances, mean dist gap 0.00%, vehicles win/tie/loss 0/1/0


==== pdptw/100/lr108/vroom rc=0 wall=0.125
lr108,968961,0,0.1,veh=9,dur=1968961,wait=0


==== pdptw/100/lr109/commiv/s1 rc=0 wall=10.051
instance,n_pairs,bks_veh,veh,bks_dist,dist,gap_pct,ms,dur,wait
lr109,53,11,11,1208.964,1208.964,0.00,10048,2208.964,0.000
summary: 1 instances, mean dist gap 0.00%, vehicles win/tie/loss 0/1/0


==== pdptw/100/lr109/commiv/s2 rc=0 wall=10.051
instance,n_pairs,bks_veh,veh,bks_dist,dist,gap_pct,ms,dur,wait
lr109,53,11,11,1208.964,1208.964,0.00,10048,2208.964,0.000
summary: 1 instances, mean dist gap 0.00%, vehicles win/tie/loss 0/1/0


==== pdptw/100/lr109/commiv/s3 rc=0 wall=10.833
instance,n_pairs,bks_veh,veh,bks_dist,dist,gap_pct,ms,dur,wait
lr109,53,11,11,1208.964,1208.964,0.00,10053,2208.964,0.000
summary: 1 instances, mean dist gap 0.00%, vehicles win/tie/loss 0/1/0


==== pdptw/100/lr109/vroom rc=0 wall=0.118
lr109,1157823,4,0.1,veh=11,dur=2117823,wait=0


==== pdptw/100/lr110/commiv/s1 rc=0 wall=10.053
instance,n_pairs,bks_veh,veh,bks_dist,dist,gap_pct,ms,dur,wait
lr110,52,10,10,1159.344,1159.344,0.00,10050,2159.344,0.000
summary: 1 instances, mean dist gap 0.00%, vehicles win/tie/loss 0/1/0


==== pdptw/100/lr110/commiv/s2 rc=0 wall=10.057
instance,n_pairs,bks_veh,veh,bks_dist,dist,gap_pct,ms,dur,wait
lr110,52,10,10,1159.344,1159.344,0.00,10054,2159.344,0.000
summary: 1 instances, mean dist gap 0.00%, vehicles win/tie/loss 0/1/0


==== pdptw/100/lr110/commiv/s3 rc=0 wall=10.842
instance,n_pairs,bks_veh,veh,bks_dist,dist,gap_pct,ms,dur,wait
lr110,52,10,10,1159.344,1159.344,0.00,10055,2159.344,0.000
summary: 1 instances, mean dist gap 0.00%, vehicles win/tie/loss 0/1/0


==== pdptw/100/lr110/vroom rc=0 wall=0.123
lr110,1106243,4,0.1,veh=10,dur=2066243,wait=0


==== pdptw/100/lr111/commiv/s1 rc=0 wall=10.056
instance,n_pairs,bks_veh,veh,bks_dist,dist,gap_pct,ms,dur,wait
lr111,54,10,10,1108.900,1108.900,0.00,10053,2116.892,7.992
summary: 1 instances, mean dist gap 0.00%, vehicles win/tie/loss 0/1/0


==== pdptw/100/lr111/commiv/s2 rc=0 wall=10.058
instance,n_pairs,bks_veh,veh,bks_dist,dist,gap_pct,ms,dur,wait
lr111,54,10,10,1108.900,1108.900,0.00,10055,2116.892,7.992
summary: 1 instances, mean dist gap 0.00%, vehicles win/tie/loss 0/1/0


==== pdptw/100/lr111/commiv/s3 rc=0 wall=10.830
instance,n_pairs,bks_veh,veh,bks_dist,dist,gap_pct,ms,dur,wait
lr111,54,10,10,1108.900,1108.900,0.00,10043,2116.892,7.992
summary: 1 instances, mean dist gap 0.00%, vehicles win/tie/loss 0/1/0


==== pdptw/100/lr111/vroom rc=0 wall=0.132
lr111,1108900,0,0.1,veh=10,dur=2116892,wait=7992


==== pdptw/100/lr112/commiv/s1 rc=0 wall=10.063
instance,n_pairs,bks_veh,veh,bks_dist,dist,gap_pct,ms,dur,wait
lr112,53,9,9,1003.766,1003.766,0.00,10060,2003.766,0.000
summary: 1 instances, mean dist gap 0.00%, vehicles win/tie/loss 0/1/0


==== pdptw/100/lr112/commiv/s2 rc=0 wall=10.043
instance,n_pairs,bks_veh,veh,bks_dist,dist,gap_pct,ms,dur,wait
lr112,53,9,9,1003.766,1003.766,0.00,10040,2003.766,0.000
summary: 1 instances, mean dist gap 0.00%, vehicles win/tie/loss 0/1/0


==== pdptw/100/lr112/commiv/s3 rc=0 wall=10.848
instance,n_pairs,bks_veh,veh,bks_dist,dist,gap_pct,ms,dur,wait
lr112,53,9,9,1003.766,1003.766,0.00,10060,2003.766,0.000
summary: 1 instances, mean dist gap 0.00%, vehicles win/tie/loss 0/1/0


==== pdptw/100/lr112/vroom rc=0 wall=0.141
lr112,1003766,0,0.1,veh=9,dur=2003766,wait=0


==== pdptw/100/lr201/commiv/s1 rc=0 wall=10.047
instance,n_pairs,bks_veh,veh,bks_dist,dist,gap_pct,ms,dur,wait
lr201,51,4,4,1253.237,1253.237,0.00,10044,3104.154,850.917
summary: 1 instances, mean dist gap 0.00%, vehicles win/tie/loss 0/1/0


==== pdptw/100/lr201/commiv/s2 rc=0 wall=10.069
instance,n_pairs,bks_veh,veh,bks_dist,dist,gap_pct,ms,dur,wait
lr201,51,4,4,1253.237,1253.237,0.00,10066,3104.154,850.917
summary: 1 instances, mean dist gap 0.00%, vehicles win/tie/loss 0/1/0


==== pdptw/100/lr201/commiv/s3 rc=0 wall=10.058
instance,n_pairs,bks_veh,veh,bks_dist,dist,gap_pct,ms,dur,wait
lr201,51,4,4,1253.237,1253.237,0.00,10056,3104.154,850.917
summary: 1 instances, mean dist gap 0.00%, vehicles win/tie/loss 0/1/0


==== pdptw/100/lr201/vroom rc=0 wall=0.104
lr201,1253237,0,0.1,veh=4,dur=3104154,wait=850917


==== pdptw/100/lr202/commiv/s1 rc=0 wall=10.854
instance,n_pairs,bks_veh,veh,bks_dist,dist,gap_pct,ms,dur,wait
lr202,50,3,3,1197.663,1197.663,0.00,10065,2600.962,403.299
summary: 1 instances, mean dist gap 0.00%, vehicles win/tie/loss 0/1/0


==== pdptw/100/lr202/commiv/s2 rc=0 wall=10.077
instance,n_pairs,bks_veh,veh,bks_dist,dist,gap_pct,ms,dur,wait
lr202,50,3,3,1197.663,1197.663,0.00,10074,2600.962,403.299
summary: 1 instances, mean dist gap 0.00%, vehicles win/tie/loss 0/1/0


==== pdptw/100/lr202/commiv/s3 rc=0 wall=10.072
instance,n_pairs,bks_veh,veh,bks_dist,dist,gap_pct,ms,dur,wait
lr202,50,3,3,1197.663,1197.663,0.00,10070,2600.962,403.299
summary: 1 instances, mean dist gap 0.00%, vehicles win/tie/loss 0/1/0


==== pdptw/100/lr202/vroom rc=0 wall=0.126
lr202,1197663,0,0.1,veh=3,dur=2600962,wait=403299


==== pdptw/100/lr203/commiv/s1 rc=0 wall=10.911
instance,n_pairs,bks_veh,veh,bks_dist,dist,gap_pct,ms,dur,wait
lr203,51,3,3,949.394,949.394,0.00,10087,2564.042,614.648
summary: 1 instances, mean dist gap 0.00%, vehicles win/tie/loss 0/1/0


==== pdptw/100/lr203/commiv/s2 rc=0 wall=10.104
instance,n_pairs,bks_veh,veh,bks_dist,dist,gap_pct,ms,dur,wait
lr203,51,3,3,949.394,949.394,0.00,10102,2564.042,614.648
summary: 1 instances, mean dist gap 0.00%, vehicles win/tie/loss 0/1/0


==== pdptw/100/lr203/commiv/s3 rc=0 wall=10.064
instance,n_pairs,bks_veh,veh,bks_dist,dist,gap_pct,ms,dur,wait
lr203,51,3,3,949.394,949.394,0.00,10062,2564.042,614.648
summary: 1 instances, mean dist gap 0.00%, vehicles win/tie/loss 0/1/0


==== pdptw/100/lr203/vroom rc=0 wall=0.166
lr203,949394,0,0.1,veh=3,dur=2564042,wait=614648


==== pdptw/100/lr204/commiv/s1 rc=0 wall=10.995
instance,n_pairs,bks_veh,veh,bks_dist,dist,gap_pct,ms,dur,wait
lr204,50,2,2,849.046,849.046,0.00,10130,1849.046,0.000
summary: 1 instances, mean dist gap 0.00%, vehicles win/tie/loss 0/1/0


==== pdptw/100/lr204/commiv/s2 rc=0 wall=10.125
instance,n_pairs,bks_veh,veh,bks_dist,dist,gap_pct,ms,dur,wait
lr204,50,2,2,849.046,849.046,0.00,10123,1849.046,0.000
summary: 1 instances, mean dist gap 0.00%, vehicles win/tie/loss 0/1/0


==== pdptw/100/lr204/commiv/s3 rc=0 wall=10.109
instance,n_pairs,bks_veh,veh,bks_dist,dist,gap_pct,ms,dur,wait
lr204,50,2,2,849.046,849.046,0.00,10106,1849.046,0.000
summary: 1 instances, mean dist gap 0.00%, vehicles win/tie/loss 0/1/0


==== pdptw/100/lr204/vroom rc=0 wall=0.215
lr204,881036,0,0.2,veh=2,dur=1881036,wait=0


==== pdptw/100/lr205/commiv/s1 rc=0 wall=10.938
instance,n_pairs,bks_veh,veh,bks_dist,dist,gap_pct,ms,dur,wait
lr205,51,3,3,1054.015,1054.015,0.00,10064,2305.096,251.081
summary: 1 instances, mean dist gap 0.00%, vehicles win/tie/loss 0/1/0


==== pdptw/100/lr205/commiv/s2 rc=0 wall=10.048
instance,n_pairs,bks_veh,veh,bks_dist,dist,gap_pct,ms,dur,wait
lr205,51,3,3,1054.015,1054.015,0.00,10045,2305.096,251.081
summary: 1 instances, mean dist gap 0.00%, vehicles win/tie/loss 0/1/0


==== pdptw/100/lr205/commiv/s3 rc=0 wall=10.068
instance,n_pairs,bks_veh,veh,bks_dist,dist,gap_pct,ms,dur,wait
lr205,51,3,3,1054.015,1054.015,0.00,10066,2305.096,251.081
summary: 1 instances, mean dist gap 0.00%, vehicles win/tie/loss 0/1/0


==== pdptw/100/lr205/vroom rc=0 wall=0.148
lr205,1054015,0,0.1,veh=3,dur=2305096,wait=251081


==== pdptw/100/lr206/commiv/s1 rc=0 wall=10.919
instance,n_pairs,bks_veh,veh,bks_dist,dist,gap_pct,ms,dur,wait
lr206,50,3,3,931.628,931.628,0.00,10078,2229.367,297.739
summary: 1 instances, mean dist gap 0.00%, vehicles win/tie/loss 0/1/0


==== pdptw/100/lr206/commiv/s2 rc=0 wall=10.084
instance,n_pairs,bks_veh,veh,bks_dist,dist,gap_pct,ms,dur,wait
lr206,50,3,3,931.628,931.628,0.00,10081,2229.367,297.739
summary: 1 instances, mean dist gap 0.00%, vehicles win/tie/loss 0/1/0


==== pdptw/100/lr206/commiv/s3 rc=0 wall=10.074
instance,n_pairs,bks_veh,veh,bks_dist,dist,gap_pct,ms,dur,wait
lr206,50,3,3,931.628,931.628,0.00,10072,2229.367,297.739
summary: 1 instances, mean dist gap 0.00%, vehicles win/tie/loss 0/1/0


==== pdptw/100/lr206/vroom rc=0 wall=0.213
lr206,931628,0,0.2,veh=3,dur=2229367,wait=297739


==== pdptw/100/lr207/commiv/s1 rc=0 wall=10.115
instance,n_pairs,bks_veh,veh,bks_dist,dist,gap_pct,ms,dur,wait
lr207,51,2,2,903.055,903.055,0.00,10112,1923.213,20.158
summary: 1 instances, mean dist gap 0.00%, vehicles win/tie/loss 0/1/0


==== pdptw/100/lr207/commiv/s2 rc=0 wall=10.987
instance,n_pairs,bks_veh,veh,bks_dist,dist,gap_pct,ms,dur,wait
lr207,51,2,2,903.055,903.055,0.00,10113,1923.213,20.158
summary: 1 instances, mean dist gap 0.00%, vehicles win/tie/loss 0/1/0


==== pdptw/100/lr207/commiv/s3 rc=0 wall=10.101
instance,n_pairs,bks_veh,veh,bks_dist,dist,gap_pct,ms,dur,wait
lr207,51,2,2,903.055,903.055,0.00,10099,1923.213,20.158
summary: 1 instances, mean dist gap 0.00%, vehicles win/tie/loss 0/1/0


==== pdptw/100/lr207/vroom rc=0 wall=0.193
lr207,906026,0,0.2,veh=2,dur=1926184,wait=20158


==== pdptw/100/lr208/commiv/s1 rc=0 wall=10.148
instance,n_pairs,bks_veh,veh,bks_dist,dist,gap_pct,ms,dur,wait
lr208,50,2,2,734.844,734.844,0.00,10142,1734.844,0.000
summary: 1 instances, mean dist gap 0.00%, vehicles win/tie/loss 0/1/0


==== pdptw/100/lr208/commiv/s2 rc=0 wall=11.013
instance,n_pairs,bks_veh,veh,bks_dist,dist,gap_pct,ms,dur,wait
lr208,50,2,2,734.844,734.844,0.00,10131,1734.844,0.000
summary: 1 instances, mean dist gap 0.00%, vehicles win/tie/loss 0/1/0


==== pdptw/100/lr208/commiv/s3 rc=0 wall=10.161
instance,n_pairs,bks_veh,veh,bks_dist,dist,gap_pct,ms,dur,wait
lr208,50,2,2,734.844,734.844,0.00,10159,1734.844,0.000
summary: 1 instances, mean dist gap 0.00%, vehicles win/tie/loss 0/1/0


==== pdptw/100/lr208/vroom rc=0 wall=0.226
lr208,734844,0,0.2,veh=2,dur=1734844,wait=0


==== pdptw/100/lr209/commiv/s1 rc=0 wall=10.084
instance,n_pairs,bks_veh,veh,bks_dist,dist,gap_pct,ms,dur,wait
lr209,51,3,3,930.582,930.582,0.00,10081,1976.075,45.493
summary: 1 instances, mean dist gap 0.00%, vehicles win/tie/loss 0/1/0


==== pdptw/100/lr209/commiv/s2 rc=0 wall=10.995
instance,n_pairs,bks_veh,veh,bks_dist,dist,gap_pct,ms,dur,wait
lr209,51,3,3,930.582,930.582,0.00,10087,1976.075,45.493
summary: 1 instances, mean dist gap 0.00%, vehicles win/tie/loss 0/1/0


==== pdptw/100/lr209/commiv/s3 rc=0 wall=10.073
instance,n_pairs,bks_veh,veh,bks_dist,dist,gap_pct,ms,dur,wait
lr209,51,3,3,930.582,930.582,0.00,10071,1976.075,45.493
summary: 1 instances, mean dist gap 0.00%, vehicles win/tie/loss 0/1/0


==== pdptw/100/lr209/vroom rc=0 wall=0.149
lr209,949012,0,0.1,veh=3,dur=1986629,wait=37617


==== pdptw/100/lr210/commiv/s1 rc=0 wall=10.075
instance,n_pairs,bks_veh,veh,bks_dist,dist,gap_pct,ms,dur,wait
lr210,51,3,3,964.222,964.222,0.00,10072,2468.204,503.982
summary: 1 instances, mean dist gap 0.00%, vehicles win/tie/loss 0/1/0


==== pdptw/100/lr210/commiv/s2 rc=0 wall=10.946
instance,n_pairs,bks_veh,veh,bks_dist,dist,gap_pct,ms,dur,wait
lr210,51,3,3,964.222,964.222,0.00,10077,2468.204,503.982
summary: 1 instances, mean dist gap 0.00%, vehicles win/tie/loss 0/1/0


==== pdptw/100/lr210/commiv/s3 rc=0 wall=10.082
instance,n_pairs,bks_veh,veh,bks_dist,dist,gap_pct,ms,dur,wait
lr210,51,3,3,964.222,964.222,0.00,10080,2468.204,503.982
summary: 1 instances, mean dist gap 0.00%, vehicles win/tie/loss 0/1/0


==== pdptw/100/lr210/vroom rc=0 wall=0.160
lr210,995610,0,0.1,veh=3,dur=2399400,wait=403790


==== pdptw/100/lr211/commiv/s1 rc=0 wall=10.119
instance,n_pairs,bks_veh,veh,bks_dist,dist,gap_pct,ms,dur,wait
lr211,50,2,2,911.516,911.516,0.00,10116,1911.516,0.000
summary: 1 instances, mean dist gap 0.00%, vehicles win/tie/loss 0/1/0


==== pdptw/100/lr211/commiv/s2 rc=0 wall=10.975
instance,n_pairs,bks_veh,veh,bks_dist,dist,gap_pct,ms,dur,wait
lr211,50,2,2,911.516,911.516,0.00,10109,1911.516,0.000
summary: 1 instances, mean dist gap 0.00%, vehicles win/tie/loss 0/1/0


==== pdptw/100/lr211/commiv/s3 rc=0 wall=10.132
instance,n_pairs,bks_veh,veh,bks_dist,dist,gap_pct,ms,dur,wait
lr211,50,2,2,911.516,911.516,0.00,10130,1911.516,0.000
summary: 1 instances, mean dist gap 0.00%, vehicles win/tie/loss 0/1/0


==== pdptw/100/lr211/vroom rc=0 wall=0.152
lr211,912970,0,0.1,veh=2,dur=1912970,wait=0


==== pdptw/100/lrc101/commiv/s1 rc=0 wall=10.066
instance,n_pairs,bks_veh,veh,bks_dist,dist,gap_pct,ms,dur,wait
lrc101,53,14,14,1708.795,1708.795,0.00,10062,2767.127,58.332
summary: 1 instances, mean dist gap 0.00%, vehicles win/tie/loss 0/1/0


==== pdptw/100/lrc101/commiv/s2 rc=0 wall=10.056
instance,n_pairs,bks_veh,veh,bks_dist,dist,gap_pct,ms,dur,wait
lrc101,53,14,14,1708.795,1708.795,0.00,10053,2767.127,58.332
summary: 1 instances, mean dist gap 0.00%, vehicles win/tie/loss 0/1/0


==== pdptw/100/lrc101/commiv/s3 rc=0 wall=11.019
instance,n_pairs,bks_veh,veh,bks_dist,dist,gap_pct,ms,dur,wait
lrc101,53,14,14,1708.795,1708.795,0.00,10053,2767.127,58.332
summary: 1 instances, mean dist gap 0.00%, vehicles win/tie/loss 0/1/0


==== pdptw/100/lrc101/vroom rc=0 wall=0.110
lrc101,1708795,0,0.1,veh=14,dur=2767127,wait=58332


==== pdptw/100/lrc102/commiv/s1 rc=0 wall=10.058
instance,n_pairs,bks_veh,veh,bks_dist,dist,gap_pct,ms,dur,wait
lrc102,53,12,12,1558.069,1558.069,0.00,10054,2586.727,28.658
summary: 1 instances, mean dist gap 0.00%, vehicles win/tie/loss 0/1/0


==== pdptw/100/lrc102/commiv/s2 rc=0 wall=10.051
instance,n_pairs,bks_veh,veh,bks_dist,dist,gap_pct,ms,dur,wait
lrc102,53,12,12,1558.069,1558.069,0.00,10048,2586.727,28.658
summary: 1 instances, mean dist gap 0.00%, vehicles win/tie/loss 0/1/0


==== pdptw/100/lrc102/commiv/s3 rc=0 wall=10.911
instance,n_pairs,bks_veh,veh,bks_dist,dist,gap_pct,ms,dur,wait
lrc102,53,12,12,1558.069,1558.069,0.00,10047,2582.727,24.658
summary: 1 instances, mean dist gap 0.00%, vehicles win/tie/loss 0/1/0


==== pdptw/100/lrc102/vroom rc=0 wall=0.126
lrc102,1558069,0,0.1,veh=12,dur=2586727,wait=28658


==== pdptw/100/lrc103/commiv/s1 rc=0 wall=10.058
instance,n_pairs,bks_veh,veh,bks_dist,dist,gap_pct,ms,dur,wait
lrc103,53,11,11,1258.736,1258.736,0.00,10055,2312.955,54.219
summary: 1 instances, mean dist gap 0.00%, vehicles win/tie/loss 0/1/0


==== pdptw/100/lrc103/commiv/s2 rc=0 wall=10.043
instance,n_pairs,bks_veh,veh,bks_dist,dist,gap_pct,ms,dur,wait
lrc103,53,11,11,1258.736,1258.736,0.00,10040,2312.955,54.219
summary: 1 instances, mean dist gap 0.00%, vehicles win/tie/loss 0/1/0


==== pdptw/100/lrc103/commiv/s3 rc=0 wall=10.919
instance,n_pairs,bks_veh,veh,bks_dist,dist,gap_pct,ms,dur,wait
lrc103,53,11,11,1258.736,1258.736,0.00,10060,2312.955,54.219
summary: 1 instances, mean dist gap 0.00%, vehicles win/tie/loss 0/1/0


==== pdptw/100/lrc103/vroom rc=0 wall=0.142
lrc103,1258736,0,0.1,veh=11,dur=2312955,wait=54219


==== pdptw/100/lrc104/commiv/s1 rc=0 wall=10.055
instance,n_pairs,bks_veh,veh,bks_dist,dist,gap_pct,ms,dur,wait
lrc104,54,10,10,1128.402,1128.402,0.00,10052,2139.373,10.971
summary: 1 instances, mean dist gap 0.00%, vehicles win/tie/loss 0/1/0


==== pdptw/100/lrc104/commiv/s2 rc=0 wall=10.063
instance,n_pairs,bks_veh,veh,bks_dist,dist,gap_pct,ms,dur,wait
lrc104,54,10,10,1128.402,1128.402,0.00,10060,2139.373,10.971
summary: 1 instances, mean dist gap 0.00%, vehicles win/tie/loss 0/1/0


==== pdptw/100/lrc104/commiv/s3 rc=0 wall=10.934
instance,n_pairs,bks_veh,veh,bks_dist,dist,gap_pct,ms,dur,wait
lrc104,54,10,10,1128.402,1128.402,0.00,10042,2139.373,10.971
summary: 1 instances, mean dist gap 0.00%, vehicles win/tie/loss 0/1/0


==== pdptw/100/lrc104/vroom rc=0 wall=0.126
lrc104,1132418,0,0.1,veh=10,dur=2143389,wait=10971


==== pdptw/100/lrc105/commiv/s1 rc=0 wall=10.067
instance,n_pairs,bks_veh,veh,bks_dist,dist,gap_pct,ms,dur,wait
lrc105,54,13,13,1637.626,1637.626,0.00,10064,2683.384,45.758
summary: 1 instances, mean dist gap 0.00%, vehicles win/tie/loss 0/1/0


==== pdptw/100/lrc105/commiv/s2 rc=0 wall=10.049
instance,n_pairs,bks_veh,veh,bks_dist,dist,gap_pct,ms,dur,wait
lrc105,54,13,13,1637.626,1637.626,0.00,10046,2683.384,45.758
summary: 1 instances, mean dist gap 0.00%, vehicles win/tie/loss 0/1/0


==== pdptw/100/lrc105/commiv/s3 rc=0 wall=10.900
instance,n_pairs,bks_veh,veh,bks_dist,dist,gap_pct,ms,dur,wait
lrc105,54,13,13,1637.626,1637.626,0.00,10057,2683.384,45.758
summary: 1 instances, mean dist gap 0.00%, vehicles win/tie/loss 0/1/0


==== pdptw/100/lrc105/vroom rc=0 wall=0.118
lrc105,1594847,2,0.1,veh=13,dur=2620605,wait=45758


==== pdptw/100/lrc106/commiv/s1 rc=0 wall=10.053
instance,n_pairs,bks_veh,veh,bks_dist,dist,gap_pct,ms,dur,wait
lrc106,53,11,11,1424.735,1424.735,0.00,10050,2424.735,0.000
summary: 1 instances, mean dist gap 0.00%, vehicles win/tie/loss 0/1/0


==== pdptw/100/lrc106/commiv/s2 rc=0 wall=10.054
instance,n_pairs,bks_veh,veh,bks_dist,dist,gap_pct,ms,dur,wait
lrc106,53,11,11,1424.735,1424.735,0.00,10052,2424.735,0.000
summary: 1 instances, mean dist gap 0.00%, vehicles win/tie/loss 0/1/0


==== pdptw/100/lrc106/commiv/s3 rc=0 wall=10.054
instance,n_pairs,bks_veh,veh,bks_dist,dist,gap_pct,ms,dur,wait
lrc106,53,11,11,1424.735,1424.735,0.00,10051,2424.735,0.000
summary: 1 instances, mean dist gap 0.00%, vehicles win/tie/loss 0/1/0


==== pdptw/100/lrc106/vroom rc=0 wall=0.122
lrc106,1346839,4,0.1,veh=11,dur=2306839,wait=0


==== pdptw/100/lrc107/commiv/s1 rc=0 wall=10.927
instance,n_pairs,bks_veh,veh,bks_dist,dist,gap_pct,ms,dur,wait
lrc107,53,11,11,1230.145,1230.145,0.00,10056,2230.145,0.000
summary: 1 instances, mean dist gap 0.00%, vehicles win/tie/loss 0/1/0


==== pdptw/100/lrc107/commiv/s2 rc=0 wall=10.062
instance,n_pairs,bks_veh,veh,bks_dist,dist,gap_pct,ms,dur,wait
lrc107,53,11,11,1230.145,1230.145,0.00,10059,2230.145,0.000
summary: 1 instances, mean dist gap 0.00%, vehicles win/tie/loss 0/1/0


==== pdptw/100/lrc107/commiv/s3 rc=0 wall=10.059
instance,n_pairs,bks_veh,veh,bks_dist,dist,gap_pct,ms,dur,wait
lrc107,53,11,11,1230.145,1230.145,0.00,10056,2230.145,0.000
summary: 1 instances, mean dist gap 0.00%, vehicles win/tie/loss 0/1/0


==== pdptw/100/lrc107/vroom rc=0 wall=0.128
lrc107,1230145,0,0.1,veh=11,dur=2230145,wait=0


==== pdptw/100/lrc108/commiv/s1 rc=0 wall=10.918
instance,n_pairs,bks_veh,veh,bks_dist,dist,gap_pct,ms,dur,wait
lrc108,52,10,10,1147.427,1147.427,0.00,10049,2147.427,0.000
summary: 1 instances, mean dist gap 0.00%, vehicles win/tie/loss 0/1/0


==== pdptw/100/lrc108/commiv/s2 rc=0 wall=10.050
instance,n_pairs,bks_veh,veh,bks_dist,dist,gap_pct,ms,dur,wait
lrc108,52,10,10,1147.427,1147.427,0.00,10047,2147.427,0.000
summary: 1 instances, mean dist gap 0.00%, vehicles win/tie/loss 0/1/0


==== pdptw/100/lrc108/commiv/s3 rc=0 wall=10.052
instance,n_pairs,bks_veh,veh,bks_dist,dist,gap_pct,ms,dur,wait
lrc108,52,10,10,1147.427,1147.427,0.00,10049,2147.427,0.000
summary: 1 instances, mean dist gap 0.00%, vehicles win/tie/loss 0/1/0


==== pdptw/100/lrc108/vroom rc=0 wall=0.126
lrc108,1147427,0,0.1,veh=10,dur=2147427,wait=0


==== pdptw/100/lrc201/commiv/s1 rc=0 wall=10.987
instance,n_pairs,bks_veh,veh,bks_dist,dist,gap_pct,ms,dur,wait
lrc201,51,4,4,1406.937,1406.937,0.00,10087,3062.681,655.744
summary: 1 instances, mean dist gap 0.00%, vehicles win/tie/loss 0/1/0


==== pdptw/100/lrc201/commiv/s2 rc=0 wall=10.062
instance,n_pairs,bks_veh,veh,bks_dist,dist,gap_pct,ms,dur,wait
lrc201,51,4,4,1406.937,1406.937,0.00,10060,3062.681,655.744
summary: 1 instances, mean dist gap 0.00%, vehicles win/tie/loss 0/1/0


==== pdptw/100/lrc201/commiv/s3 rc=0 wall=10.050
instance,n_pairs,bks_veh,veh,bks_dist,dist,gap_pct,ms,dur,wait
lrc201,51,4,4,1406.937,1406.937,0.00,10048,3062.681,655.744
summary: 1 instances, mean dist gap 0.00%, vehicles win/tie/loss 0/1/0


==== pdptw/100/lrc201/vroom rc=0 wall=0.107
lrc201,1455534,0,0.1,veh=4,dur=3127196,wait=671662


==== pdptw/100/lrc202/commiv/s1 rc=0 wall=10.907
instance,n_pairs,bks_veh,veh,bks_dist,dist,gap_pct,ms,dur,wait
lrc202,51,3,3,1374.267,1374.267,0.00,10063,2519.553,145.286
summary: 1 instances, mean dist gap 0.00%, vehicles win/tie/loss 0/1/0


==== pdptw/100/lrc202/commiv/s2 rc=0 wall=10.081
instance,n_pairs,bks_veh,veh,bks_dist,dist,gap_pct,ms,dur,wait
lrc202,51,3,3,1374.267,1374.267,0.00,10078,2519.553,145.286
summary: 1 instances, mean dist gap 0.00%, vehicles win/tie/loss 0/1/0


==== pdptw/100/lrc202/commiv/s3 rc=0 wall=10.067
instance,n_pairs,bks_veh,veh,bks_dist,dist,gap_pct,ms,dur,wait
lrc202,51,3,3,1374.267,1374.267,0.00,10065,2519.553,145.286
summary: 1 instances, mean dist gap 0.00%, vehicles win/tie/loss 0/1/0


==== pdptw/100/lrc202/vroom rc=0 wall=0.114
lrc202,1435819,2,0.1,veh=3,dur=2538791,wait=122972


==== pdptw/100/lrc203/commiv/s1 rc=0 wall=10.060
instance,n_pairs,bks_veh,veh,bks_dist,dist,gap_pct,ms,dur,wait
lrc203,51,3,3,1089.068,1089.068,0.00,10057,2529.775,440.707
summary: 1 instances, mean dist gap 0.00%, vehicles win/tie/loss 0/1/0


==== pdptw/100/lrc203/commiv/s2 rc=0 wall=10.949
instance,n_pairs,bks_veh,veh,bks_dist,dist,gap_pct,ms,dur,wait
lrc203,51,3,3,1089.068,1089.068,0.00,10074,2529.775,440.707
summary: 1 instances, mean dist gap 0.00%, vehicles win/tie/loss 0/1/0


==== pdptw/100/lrc203/commiv/s3 rc=0 wall=10.087
instance,n_pairs,bks_veh,veh,bks_dist,dist,gap_pct,ms,dur,wait
lrc203,51,3,3,1089.068,1089.068,0.00,10084,2529.775,440.707
summary: 1 instances, mean dist gap 0.00%, vehicles win/tie/loss 0/1/0


==== pdptw/100/lrc203/vroom rc=0 wall=0.162
lrc203,1089068,0,0.1,veh=3,dur=2529775,wait=440707


==== pdptw/100/lrc204/commiv/s1 rc=0 wall=10.106
instance,n_pairs,bks_veh,veh,bks_dist,dist,gap_pct,ms,dur,wait
lrc204,51,3,3,818.661,818.661,0.00,10102,2184.515,365.854
summary: 1 instances, mean dist gap 0.00%, vehicles win/tie/loss 0/1/0


==== pdptw/100/lrc204/commiv/s2 rc=0 wall=10.958
instance,n_pairs,bks_veh,veh,bks_dist,dist,gap_pct,ms,dur,wait
lrc204,51,3,3,818.661,818.661,0.00,10087,2184.515,365.854
summary: 1 instances, mean dist gap 0.00%, vehicles win/tie/loss 0/1/0


==== pdptw/100/lrc204/commiv/s3 rc=0 wall=10.096
instance,n_pairs,bks_veh,veh,bks_dist,dist,gap_pct,ms,dur,wait
lrc204,51,3,3,818.661,818.661,0.00,10094,2184.515,365.854
summary: 1 instances, mean dist gap 0.00%, vehicles win/tie/loss 0/1/0


==== pdptw/100/lrc204/vroom rc=0 wall=0.180
lrc204,821019,0,0.1,veh=3,dur=2174170,wait=353151


==== pdptw/100/lrc205/commiv/s1 rc=0 wall=10.053
instance,n_pairs,bks_veh,veh,bks_dist,dist,gap_pct,ms,dur,wait
lrc205,51,4,4,1302.199,1302.199,0.00,10050,3085.524,783.325
summary: 1 instances, mean dist gap 0.00%, vehicles win/tie/loss 0/1/0


==== pdptw/100/lrc205/commiv/s2 rc=0 wall=10.949
instance,n_pairs,bks_veh,veh,bks_dist,dist,gap_pct,ms,dur,wait
lrc205,51,4,4,1302.199,1302.199,0.00,10059,3085.524,783.325
summary: 1 instances, mean dist gap 0.00%, vehicles win/tie/loss 0/1/0


==== pdptw/100/lrc205/commiv/s3 rc=0 wall=10.064
instance,n_pairs,bks_veh,veh,bks_dist,dist,gap_pct,ms,dur,wait
lrc205,51,4,4,1302.199,1302.199,0.00,10061,3085.524,783.325
summary: 1 instances, mean dist gap 0.00%, vehicles win/tie/loss 0/1/0


==== pdptw/100/lrc205/vroom rc=0 wall=0.113
lrc205,1303803,0,0.1,veh=4,dur=3069051,wait=765248


==== pdptw/100/lrc206/commiv/s1 rc=0 wall=10.072
instance,n_pairs,bks_veh,veh,bks_dist,dist,gap_pct,ms,dur,wait
lrc206,51,3,3,1159.033,1159.033,0.00,10069,2255.813,96.780
summary: 1 instances, mean dist gap 0.00%, vehicles win/tie/loss 0/1/0


==== pdptw/100/lrc206/commiv/s2 rc=0 wall=10.906
instance,n_pairs,bks_veh,veh,bks_dist,dist,gap_pct,ms,dur,wait
lrc206,51,3,3,1159.033,1159.033,0.00,10071,2255.813,96.780
summary: 1 instances, mean dist gap 0.00%, vehicles win/tie/loss 0/1/0


==== pdptw/100/lrc206/commiv/s3 rc=0 wall=10.079
instance,n_pairs,bks_veh,veh,bks_dist,dist,gap_pct,ms,dur,wait
lrc206,51,3,3,1159.033,1159.033,0.00,10076,2255.813,96.780
summary: 1 instances, mean dist gap 0.00%, vehicles win/tie/loss 0/1/0


==== pdptw/100/lrc206/vroom rc=0 wall=0.115
lrc206,1159067,0,0.1,veh=3,dur=2255847,wait=96780


==== pdptw/100/lrc207/commiv/s1 rc=0 wall=10.094
instance,n_pairs,bks_veh,veh,bks_dist,dist,gap_pct,ms,dur,wait
lrc207,51,3,3,1062.047,1062.047,0.00,10091,2065.722,3.675
summary: 1 instances, mean dist gap 0.00%, vehicles win/tie/loss 0/1/0


==== pdptw/100/lrc207/commiv/s2 rc=0 wall=10.949
instance,n_pairs,bks_veh,veh,bks_dist,dist,gap_pct,ms,dur,wait
lrc207,51,3,3,1062.047,1062.047,0.00,10092,2065.722,3.675
summary: 1 instances, mean dist gap 0.00%, vehicles win/tie/loss 0/1/0


==== pdptw/100/lrc207/commiv/s3 rc=0 wall=10.071
instance,n_pairs,bks_veh,veh,bks_dist,dist,gap_pct,ms,dur,wait
lrc207,51,3,3,1062.047,1062.047,0.00,10068,2065.722,3.675
summary: 1 instances, mean dist gap 0.00%, vehicles win/tie/loss 0/1/0


==== pdptw/100/lrc207/vroom rc=0 wall=0.152
lrc207,1064399,0,0.1,veh=3,dur=2068074,wait=3675


==== pdptw/100/lrc208/commiv/s1 rc=0 wall=10.096
instance,n_pairs,bks_veh,veh,bks_dist,dist,gap_pct,ms,dur,wait
lrc208,51,3,3,852.758,852.758,0.00,10093,1852.758,0.000
summary: 1 instances, mean dist gap 0.00%, vehicles win/tie/loss 0/1/0


==== pdptw/100/lrc208/commiv/s2 rc=0 wall=10.087
instance,n_pairs,bks_veh,veh,bks_dist,dist,gap_pct,ms,dur,wait
lrc208,51,3,3,852.758,852.758,0.00,10084,1852.758,0.000
summary: 1 instances, mean dist gap 0.00%, vehicles win/tie/loss 0/1/0


==== pdptw/100/lrc208/commiv/s3 rc=0 wall=10.947
instance,n_pairs,bks_veh,veh,bks_dist,dist,gap_pct,ms,dur,wait
lrc208,51,3,3,852.758,852.758,0.00,10066,1852.758,0.000
summary: 1 instances, mean dist gap 0.00%, vehicles win/tie/loss 0/1/0


==== pdptw/100/lrc208/vroom rc=0 wall=0.178
lrc208,864083,0,0.1,veh=3,dur=1864083,wait=0


==== pdptw/200/lc1_2_1/commiv/s1 rc=0 wall=15.059
instance,n_pairs,bks_veh,veh,bks_dist,dist,gap_pct,ms,dur,wait
lc1_2_1,106,20,20,2704.559,2704.559,0.00,15055,20761.953,57.394
summary: 1 instances, mean dist gap 0.00%, vehicles win/tie/loss 0/1/0


==== pdptw/200/lc1_2_1/vroom rc=0 wall=0.233
lc1_2_1,2704559,0,0.2,veh=20,dur=20761953,wait=57394


==== pdptw/200/lc1_2_10/commiv/s1 rc=0 wall=16.026
instance,n_pairs,bks_veh,veh,bks_dist,dist,gap_pct,ms,dur,wait
lc1_2_10,104,17,18,2942.125,2745.555,-6.68,15059,20745.555,0.000
summary: 1 instances, mean dist gap -6.68%, vehicles win/tie/loss 0/0/1


==== pdptw/200/lc1_2_10/vroom rc=0 wall=0.424
lc1_2_10,2864631,4,0.4,veh=17,dur=20504631,wait=0


==== pdptw/200/lc1_2_2/commiv/s1 rc=0 wall=15.066
instance,n_pairs,bks_veh,veh,bks_dist,dist,gap_pct,ms,dur,wait
lc1_2_2,105,19,19,2764.545,2764.784,0.01,15062,20875.352,110.568
summary: 1 instances, mean dist gap 0.01%, vehicles win/tie/loss 0/1/0


==== pdptw/200/lc1_2_2/vroom rc=0 wall=0.366
lc1_2_2,2764545,0,0.3,veh=19,dur=20875113,wait=110568


==== pdptw/200/lc1_2_3/commiv/s1 rc=0 wall=15.895
instance,n_pairs,bks_veh,veh,bks_dist,dist,gap_pct,ms,dur,wait
lc1_2_3,103,17,17,3127.778,3147.623,0.63,15061,21417.421,269.798
summary: 1 instances, mean dist gap 0.63%, vehicles win/tie/loss 0/1/0


==== pdptw/200/lc1_2_3/vroom rc=0 wall=0.442
lc1_2_3,2901711,2,0.4,veh=17,dur=21019302,wait=297591


==== pdptw/200/lc1_2_4/commiv/s1 rc=0 wall=15.066
instance,n_pairs,bks_veh,veh,bks_dist,dist,gap_pct,ms,dur,wait
lc1_2_4,105,17,17,2693.401,2706.851,0.50,15062,20836.540,129.689
summary: 1 instances, mean dist gap 0.50%, vehicles win/tie/loss 0/1/0


==== pdptw/200/lc1_2_4/vroom rc=0 wall=0.633
lc1_2_4,2716310,0,0.6,veh=17,dur=20833317,wait=117007


==== pdptw/200/lc1_2_5/commiv/s1 rc=0 wall=15.942
instance,n_pairs,bks_veh,veh,bks_dist,dist,gap_pct,ms,dur,wait
lc1_2_5,107,20,20,2702.041,2702.041,0.00,15047,20702.041,0.000
summary: 1 instances, mean dist gap 0.00%, vehicles win/tie/loss 0/1/0


==== pdptw/200/lc1_2_5/vroom rc=0 wall=0.302
lc1_2_5,2702041,0,0.3,veh=20,dur=20702041,wait=0


==== pdptw/200/lc1_2_6/commiv/s1 rc=0 wall=15.063
instance,n_pairs,bks_veh,veh,bks_dist,dist,gap_pct,ms,dur,wait
lc1_2_6,107,20,20,2701.028,2701.028,0.00,15060,20768.924,67.896
summary: 1 instances, mean dist gap 0.00%, vehicles win/tie/loss 0/1/0


==== pdptw/200/lc1_2_6/vroom rc=0 wall=0.291
lc1_2_6,2701028,0,0.2,veh=20,dur=20768924,wait=67896


==== pdptw/200/lc1_2_7/commiv/s1 rc=0 wall=15.953
instance,n_pairs,bks_veh,veh,bks_dist,dist,gap_pct,ms,dur,wait
lc1_2_7,107,20,20,2701.028,2704.143,0.12,15063,20704.143,0.000
summary: 1 instances, mean dist gap 0.12%, vehicles win/tie/loss 0/1/0


==== pdptw/200/lc1_2_7/vroom rc=0 wall=0.298
lc1_2_7,2701028,0,0.3,veh=20,dur=20701028,wait=0


==== pdptw/200/lc1_2_8/commiv/s1 rc=0 wall=15.061
instance,n_pairs,bks_veh,veh,bks_dist,dist,gap_pct,ms,dur,wait
lc1_2_8,105,19,20,3354.271,2693.713,-19.69,15057,20693.713,0.000
summary: 1 instances, mean dist gap -19.69%, vehicles win/tie/loss 0/0/1


==== pdptw/200/lc1_2_8/vroom rc=0 wall=0.327
lc1_2_8,2761859,4,0.3,veh=19,dur=20445127,wait=43268


==== pdptw/200/lc1_2_9/commiv/s1 rc=0 wall=15.965
instance,n_pairs,bks_veh,veh,bks_dist,dist,gap_pct,ms,dur,wait
lc1_2_9,105,18,18,2724.228,2724.228,0.00,15074,20724.228,0.000
summary: 1 instances, mean dist gap 0.00%, vehicles win/tie/loss 0/1/0


==== pdptw/200/lc1_2_9/vroom rc=0 wall=0.433
lc1_2_9,2724228,0,0.4,veh=18,dur=20724228,wait=0


==== pdptw/200/lc2_2_1/commiv/s1 rc=0 wall=15.103
instance,n_pairs,bks_veh,veh,bks_dist,dist,gap_pct,ms,dur,wait
lc2_2_1,102,6,6,1931.436,1931.436,0.00,15100,19931.436,0.000
summary: 1 instances, mean dist gap 0.00%, vehicles win/tie/loss 0/1/0


==== pdptw/200/lc2_2_1/vroom rc=0 wall=0.179
lc2_2_1,1931436,0,0.1,veh=6,dur=19931436,wait=0


==== pdptw/200/lc2_2_10/commiv/s1 rc=0 wall=15.122
instance,n_pairs,bks_veh,veh,bks_dist,dist,gap_pct,ms,dur,wait
lc2_2_10,101,6,6,1817.453,1817.453,0.00,15119,19835.144,17.691
summary: 1 instances, mean dist gap 0.00%, vehicles win/tie/loss 0/1/0


==== pdptw/200/lc2_2_10/vroom rc=0 wall=0.412
lc2_2_10,1817453,0,0.4,veh=6,dur=19835144,wait=17691


==== pdptw/200/lc2_2_2/commiv/s1 rc=0 wall=15.988
instance,n_pairs,bks_veh,veh,bks_dist,dist,gap_pct,ms,dur,wait
lc2_2_2,102,6,6,1881.398,1881.398,0.00,15093,20307.267,425.869
summary: 1 instances, mean dist gap 0.00%, vehicles win/tie/loss 0/1/0


==== pdptw/200/lc2_2_2/vroom rc=0 wall=0.329
lc2_2_2,1881398,0,0.3,veh=6,dur=20307267,wait=425869


==== pdptw/200/lc2_2_3/commiv/s1 rc=0 wall=15.142
instance,n_pairs,bks_veh,veh,bks_dist,dist,gap_pct,ms,dur,wait
lc2_2_3,101,6,6,1844.324,1844.324,0.00,15139,20090.331,246.007
summary: 1 instances, mean dist gap 0.00%, vehicles win/tie/loss 0/1/0


==== pdptw/200/lc2_2_3/vroom rc=0 wall=0.511
lc2_2_3,1847364,0,0.5,veh=6,dur=20093371,wait=246007


==== pdptw/200/lc2_2_4/commiv/s1 rc=0 wall=16.020
instance,n_pairs,bks_veh,veh,bks_dist,dist,gap_pct,ms,dur,wait
lc2_2_4,102,6,6,1767.118,1767.118,0.00,15121,20404.485,637.367
summary: 1 instances, mean dist gap 0.00%, vehicles win/tie/loss 0/1/0


==== pdptw/200/lc2_2_4/vroom rc=0 wall=0.694
lc2_2_4,1778544,0,0.6,veh=6,dur=20505514,wait=726970


==== pdptw/200/lc2_2_5/commiv/s1 rc=0 wall=15.095
instance,n_pairs,bks_veh,veh,bks_dist,dist,gap_pct,ms,dur,wait
lc2_2_5,101,6,6,1891.206,1891.206,0.00,15092,19891.206,0.000
summary: 1 instances, mean dist gap 0.00%, vehicles win/tie/loss 0/1/0


==== pdptw/200/lc2_2_5/vroom rc=0 wall=0.250
lc2_2_5,1891206,0,0.2,veh=6,dur=19891206,wait=0


==== pdptw/200/lc2_2_6/commiv/s1 rc=0 wall=16.016
instance,n_pairs,bks_veh,veh,bks_dist,dist,gap_pct,ms,dur,wait
lc2_2_6,101,6,6,1857.772,1857.772,0.00,15093,19858.015,0.243
summary: 1 instances, mean dist gap 0.00%, vehicles win/tie/loss 0/1/0


==== pdptw/200/lc2_2_6/vroom rc=0 wall=0.346
lc2_2_6,1857772,0,0.3,veh=6,dur=19858015,wait=243


==== pdptw/200/lc2_2_7/commiv/s1 rc=0 wall=15.124
instance,n_pairs,bks_veh,veh,bks_dist,dist,gap_pct,ms,dur,wait
lc2_2_7,101,6,6,1850.133,1850.133,0.00,15121,19896.225,46.092
summary: 1 instances, mean dist gap 0.00%, vehicles win/tie/loss 0/1/0


==== pdptw/200/lc2_2_7/vroom rc=0 wall=0.343
lc2_2_7,1850609,0,0.3,veh=6,dur=19896701,wait=46092


==== pdptw/200/lc2_2_8/commiv/s1 rc=0 wall=15.969
instance,n_pairs,bks_veh,veh,bks_dist,dist,gap_pct,ms,dur,wait
lc2_2_8,102,6,6,1824.332,1824.332,0.00,15104,19824.332,0.000
summary: 1 instances, mean dist gap 0.00%, vehicles win/tie/loss 0/1/0


==== pdptw/200/lc2_2_8/vroom rc=0 wall=0.360
lc2_2_8,1824332,0,0.3,veh=6,dur=19824332,wait=0


==== pdptw/200/lc2_2_9/commiv/s1 rc=0 wall=15.093
instance,n_pairs,bks_veh,veh,bks_dist,dist,gap_pct,ms,dur,wait
lc2_2_9,101,6,6,1854.207,1854.207,0.00,15089,19951.728,97.521
summary: 1 instances, mean dist gap 0.00%, vehicles win/tie/loss 0/1/0


==== pdptw/200/lc2_2_9/vroom rc=0 wall=0.378
lc2_2_9,1854207,0,0.3,veh=6,dur=19951728,wait=97521


==== pdptw/200/lr1_2_1/commiv/s1 rc=0 wall=15.933
instance,n_pairs,bks_veh,veh,bks_dist,dist,gap_pct,ms,dur,wait
lr1_2_1,105,20,20,4819.129,4819.177,0.00,15050,10720.344,3901.167
summary: 1 instances, mean dist gap 0.00%, vehicles win/tie/loss 0/1/0


==== pdptw/200/lr1_2_1/vroom rc=0 wall=0.352
lr1_2_1,4819129,0,0.3,veh=20,dur=10642570,wait=3823441


==== pdptw/200/lr1_2_10/commiv/s1 rc=0 wall=15.075
instance,n_pairs,bks_veh,veh,bks_dist,dist,gap_pct,ms,dur,wait
lr1_2_10,104,11,12,3664.077,3506.422,-4.30,15072,5962.126,455.704
summary: 1 instances, mean dist gap -4.30%, vehicles win/tie/loss 0/0/1


==== pdptw/200/lr1_2_10/vroom rc=0 wall=0.323
lr1_2_10,3789786,6,0.3,veh=11,dur=5894764,wait=164978


==== pdptw/200/lr1_2_2/commiv/s1 rc=0 wall=15.939
instance,n_pairs,bks_veh,veh,bks_dist,dist,gap_pct,ms,dur,wait
lr1_2_2,105,17,18,4621.209,4208.235,-8.94,15050,9420.077,3211.842
summary: 1 instances, mean dist gap -8.94%, vehicles win/tie/loss 0/0/1


==== pdptw/200/lr1_2_2/vroom rc=0 wall=0.373
lr1_2_2,4270355,2,0.3,veh=17,dur=9127527,wait=2877172


==== pdptw/200/lr1_2_3/commiv/s1 rc=0 wall=15.075
instance,n_pairs,bks_veh,veh,bks_dist,dist,gap_pct,ms,dur,wait
lr1_2_3,104,14,15,4402.387,3612.634,-17.94,15071,8052.744,2440.110
summary: 1 instances, mean dist gap -17.94%, vehicles win/tie/loss 0/0/1


==== pdptw/200/lr1_2_3/vroom rc=0 wall=0.524
lr1_2_3,4043268,4,0.5,veh=14,dur=7747608,wait=1744340


==== pdptw/200/lr1_2_4/commiv/s1 rc=0 wall=15.946
instance,n_pairs,bks_veh,veh,bks_dist,dist,gap_pct,ms,dur,wait
lr1_2_4,105,10,11,3027.056,2871.397,-5.14,15064,6069.605,1198.208
summary: 1 instances, mean dist gap -5.14%, vehicles win/tie/loss 0/0/1


==== pdptw/200/lr1_2_4/vroom rc=0 wall=0.621
lr1_2_4,3614561,0,0.6,veh=10,dur=5995900,wait=381339


==== pdptw/200/lr1_2_5/commiv/s1 rc=0 wall=15.084
instance,n_pairs,bks_veh,veh,bks_dist,dist,gap_pct,ms,dur,wait
lr1_2_5,106,16,17,4760.183,4331.842,-9.00,15081,8833.879,2502.037
summary: 1 instances, mean dist gap -9.00%, vehicles win/tie/loss 0/0/1


==== pdptw/200/lr1_2_5/vroom rc=0 wall=0.343
lr1_2_5,4845499,2,0.3,veh=16,dur=8448591,wait=1623092


==== pdptw/200/lr1_2_6/commiv/s1 rc=0 wall=15.954
instance,n_pairs,bks_veh,veh,bks_dist,dist,gap_pct,ms,dur,wait
lr1_2_6,107,13,14,4800.939,4233.097,-11.83,15073,7648.971,1415.874
summary: 1 instances, mean dist gap -11.83%, vehicles win/tie/loss 0/0/1


==== pdptw/200/lr1_2_6/vroom rc=0 wall=0.367
lr1_2_6,4312643,6,0.3,veh=13,dur=7146561,wait=893918


==== pdptw/200/lr1_2_7/commiv/s1 rc=0 wall=15.078
instance,n_pairs,bks_veh,veh,bks_dist,dist,gap_pct,ms,dur,wait
lr1_2_7,103,12,13,3543.363,3274.242,-7.60,15075,6854.749,1580.507
summary: 1 instances, mean dist gap -7.60%, vehicles win/tie/loss 0/0/1


==== pdptw/200/lr1_2_7/vroom rc=0 wall=0.491
lr1_2_7,3384220,2,0.4,veh=12,dur=6347985,wait=983765


==== pdptw/200/lr1_2_8/commiv/s1 rc=0 wall=15.984
instance,n_pairs,bks_veh,veh,bks_dist,dist,gap_pct,ms,dur,wait
lr1_2_8,103,9,9,2759.309,2782.492,0.84,15090,5094.826,312.334
summary: 1 instances, mean dist gap 0.84%, vehicles win/tie/loss 0/1/0


==== pdptw/200/lr1_2_8/vroom rc=0 wall=0.543
lr1_2_8,3070642,0,0.5,veh=9,dur=5467439,wait=396797


==== pdptw/200/lr1_2_9/commiv/s1 rc=0 wall=15.073
instance,n_pairs,bks_veh,veh,bks_dist,dist,gap_pct,ms,dur,wait
lr1_2_9,105,13,14,5050.751,4422.631,-12.44,15070,7334.906,912.275
summary: 1 instances, mean dist gap -12.44%, vehicles win/tie/loss 0/0/1


==== pdptw/200/lr1_2_9/vroom rc=0 wall=0.304
lr1_2_9,4454578,10,0.3,veh=13,dur=7061355,wait=706777


==== pdptw/200/lr2_2_1/commiv/s1 rc=0 wall=16.011
instance,n_pairs,bks_veh,veh,bks_dist,dist,gap_pct,ms,dur,wait
lr2_2_1,101,5,5,4073.094,4073.094,0.00,15112,10113.720,4040.626
summary: 1 instances, mean dist gap 0.00%, vehicles win/tie/loss 0/1/0


==== pdptw/200/lr2_2_1/vroom rc=0 wall=0.290
lr2_2_1,4165364,0,0.2,veh=5,dur=10104427,wait=3939063


==== pdptw/200/lr2_2_10/commiv/s1 rc=0 wall=15.278
instance,n_pairs,bks_veh,veh,bks_dist,dist,gap_pct,ms,dur,wait
lr2_2_10,101,3,3,3254.827,3284.369,0.91,15275,6015.385,731.016
summary: 1 instances, mean dist gap 0.91%, vehicles win/tie/loss 0/1/0


==== pdptw/200/lr2_2_10/vroom rc=0 wall=0.485
lr2_2_10,3750359,0,0.4,veh=3,dur=6073308,wait=322949


==== pdptw/200/lr2_2_2/commiv/s1 rc=0 wall=15.153
instance,n_pairs,bks_veh,veh,bks_dist,dist,gap_pct,ms,dur,wait
lr2_2_2,101,4,4,3795.987,3798.958,0.08,15150,8025.876,2226.918
summary: 1 instances, mean dist gap 0.08%, vehicles win/tie/loss 0/1/0


==== pdptw/200/lr2_2_2/vroom rc=0 wall=1.396
lr2_2_2,4096591,2,1.4,veh=4,dur=8187376,wait=2110785


==== pdptw/200/lr2_2_3/commiv/s1 rc=0 wall=15.226
instance,n_pairs,bks_veh,veh,bks_dist,dist,gap_pct,ms,dur,wait
lr2_2_3,101,4,4,3098.352,3098.493,0.00,15223,7907.276,2808.783
summary: 1 instances, mean dist gap 0.00%, vehicles win/tie/loss 0/1/0


==== pdptw/200/lr2_2_3/vroom rc=0 wall=0.687
lr2_2_3,3143421,0,0.6,veh=4,dur=7976206,wait=2832785


==== pdptw/200/lr2_2_4/commiv/s1 rc=0 wall=15.324
instance,n_pairs,bks_veh,veh,bks_dist,dist,gap_pct,ms,dur,wait
lr2_2_4,101,3,3,2485.998,2562.612,3.08,15321,6138.459,1575.847
summary: 1 instances, mean dist gap 3.08%, vehicles win/tie/loss 0/1/0


==== pdptw/200/lr2_2_4/vroom rc=0 wall=1.955
lr2_2_4,2814544,0,1.9,veh=3,dur=5921885,wait=1107341


==== pdptw/200/lr2_2_5/commiv/s1 rc=0 wall=15.207
instance,n_pairs,bks_veh,veh,bks_dist,dist,gap_pct,ms,dur,wait
lr2_2_5,102,4,4,3438.391,3441.256,0.08,15204,7950.493,2509.237
summary: 1 instances, mean dist gap 0.08%, vehicles win/tie/loss 0/1/0


==== pdptw/200/lr2_2_5/vroom rc=0 wall=0.355
lr2_2_5,3454324,0,0.3,veh=4,dur=7924498,wait=2470174


==== pdptw/200/lr2_2_6/commiv/s1 rc=0 wall=15.204
instance,n_pairs,bks_veh,veh,bks_dist,dist,gap_pct,ms,dur,wait
lr2_2_6,100,3,4,4457.949,3201.540,-28.18,15201,7674.270,2472.730
summary: 1 instances, mean dist gap -28.18%, vehicles win/tie/loss 0/0/1


==== pdptw/200/lr2_2_6/vroom rc=0 wall=0.512
lr2_2_6,3875178,12,0.5,veh=3,dur=6289922,wait=534744


==== pdptw/200/lr2_2_7/commiv/s1 rc=0 wall=16.179
instance,n_pairs,bks_veh,veh,bks_dist,dist,gap_pct,ms,dur,wait
lr2_2_7,101,3,3,3098.349,3230.225,4.26,15281,6239.302,1009.077
summary: 1 instances, mean dist gap 4.26%, vehicles win/tie/loss 0/1/0


==== pdptw/200/lr2_2_7/vroom rc=0 wall=0.740
lr2_2_7,3451028,0,0.7,veh=3,dur=6158585,wait=707557


==== pdptw/200/lr2_2_8/commiv/s1 rc=0 wall=15.396
instance,n_pairs,bks_veh,veh,bks_dist,dist,gap_pct,ms,dur,wait
lr2_2_8,100,2,2,2449.360,2484.161,1.42,15392,4603.168,119.007
summary: 1 instances, mean dist gap 1.42%, vehicles win/tie/loss 0/1/0


==== pdptw/200/lr2_2_8/vroom rc=0 wall=1.074
lr2_2_8,2558165,6,1.0,veh=2,dur=4679023,wait=180858


==== pdptw/200/lr2_2_9/commiv/s1 rc=0 wall=16.299
instance,n_pairs,bks_veh,veh,bks_dist,dist,gap_pct,ms,dur,wait
lr2_2_9,100,3,4,3922.106,3224.208,-17.79,15202,8121.600,2897.392
summary: 1 instances, mean dist gap -17.79%, vehicles win/tie/loss 0/0/1


==== pdptw/200/lr2_2_9/vroom rc=0 wall=0.413
lr2_2_9,3836743,12,0.4,veh=3,dur=6259938,wait=543195


==== pdptw/200/lrc1_2_1/commiv/s1 rc=0 wall=15.053
instance,n_pairs,bks_veh,veh,bks_dist,dist,gap_pct,ms,dur,wait
lrc1_2_1,106,19,19,3606.064,3606.064,0.00,15050,8526.390,2920.326
summary: 1 instances, mean dist gap 0.00%, vehicles win/tie/loss 0/1/0


==== pdptw/200/lrc1_2_1/vroom rc=0 wall=0.342
lrc1_2_1,3606064,0,0.3,veh=19,dur=8526390,wait=2920326


==== pdptw/200/lrc1_2_10/commiv/s1 rc=0 wall=15.980
instance,n_pairs,bks_veh,veh,bks_dist,dist,gap_pct,ms,dur,wait
lrc1_2_10,105,12,12,2928.905,2959.343,1.04,15082,5468.163,508.820
summary: 1 instances, mean dist gap 1.04%, vehicles win/tie/loss 0/1/0


==== pdptw/200/lrc1_2_10/vroom rc=0 wall=0.354
lrc1_2_10,2959598,6,0.3,veh=12,dur=5374505,wait=474907


==== pdptw/200/lrc1_2_2/commiv/s1 rc=0 wall=15.070
instance,n_pairs,bks_veh,veh,bks_dist,dist,gap_pct,ms,dur,wait
lrc1_2_2,103,15,16,3671.023,3521.598,-4.07,15063,7228.153,1706.555
summary: 1 instances, mean dist gap -4.07%, vehicles win/tie/loss 0/0/1


==== pdptw/200/lrc1_2_2/vroom rc=0 wall=0.418
lrc1_2_2,3679828,4,0.4,veh=15,dur=7156853,wait=1517025


==== pdptw/200/lrc1_2_3/commiv/s1 rc=0 wall=16.040
instance,n_pairs,bks_veh,veh,bks_dist,dist,gap_pct,ms,dur,wait
lrc1_2_3,105,13,13,3154.917,3161.754,0.22,15090,6389.630,1227.876
summary: 1 instances, mean dist gap 0.22%, vehicles win/tie/loss 0/1/0


==== pdptw/200/lrc1_2_3/vroom rc=0 wall=0.477
lrc1_2_3,3596243,0,0.4,veh=13,dur=6283008,wait=686765


==== pdptw/200/lrc1_2_4/commiv/s1 rc=0 wall=15.122
instance,n_pairs,bks_veh,veh,bks_dist,dist,gap_pct,ms,dur,wait
lrc1_2_4,106,10,10,2631.813,2642.384,0.40,15119,5376.758,734.374
summary: 1 instances, mean dist gap 0.40%, vehicles win/tie/loss 0/1/0


==== pdptw/200/lrc1_2_4/vroom rc=0 wall=0.658
lrc1_2_4,2586981,2,0.6,veh=10,dur=5170447,wait=603466


==== pdptw/200/lrc1_2_5/commiv/s1 rc=0 wall=15.967
instance,n_pairs,bks_veh,veh,bks_dist,dist,gap_pct,ms,dur,wait
lrc1_2_5,107,16,16,3715.806,3715.806,0.00,15065,7521.731,1805.925
summary: 1 instances, mean dist gap 0.00%, vehicles win/tie/loss 0/1/0


==== pdptw/200/lrc1_2_5/vroom rc=0 wall=0.322
lrc1_2_5,3817374,6,0.3,veh=16,dur=7419381,wait=1662007


==== pdptw/200/lrc1_2_6/commiv/s1 rc=0 wall=15.066
instance,n_pairs,bks_veh,veh,bks_dist,dist,gap_pct,ms,dur,wait
lrc1_2_6,105,16,17,3572.155,3368.652,-5.70,15063,7146.831,1778.179
summary: 1 instances, mean dist gap -5.70%, vehicles win/tie/loss 0/0/1


==== pdptw/200/lrc1_2_6/vroom rc=0 wall=0.331
lrc1_2_6,3360068,4,0.3,veh=16,dur=7266123,wait=1946055


==== pdptw/200/lrc1_2_7/commiv/s1 rc=0 wall=15.993
instance,n_pairs,bks_veh,veh,bks_dist,dist,gap_pct,ms,dur,wait
lrc1_2_7,106,14,15,3666.338,3423.707,-6.62,15057,6799.207,1375.500
summary: 1 instances, mean dist gap -6.62%, vehicles win/tie/loss 0/0/1


==== pdptw/200/lrc1_2_7/vroom rc=0 wall=0.344
lrc1_2_7,3641761,8,0.3,veh=14,dur=6638762,wait=1077001


==== pdptw/200/lrc1_2_8/commiv/s1 rc=0 wall=15.078
instance,n_pairs,bks_veh,veh,bks_dist,dist,gap_pct,ms,dur,wait
lrc1_2_8,104,13,13,3145.741,3165.477,0.63,15075,5773.206,607.729
summary: 1 instances, mean dist gap 0.63%, vehicles win/tie/loss 0/1/0


==== pdptw/200/lrc1_2_8/vroom rc=0 wall=0.330
lrc1_2_8,3234689,6,0.3,veh=13,dur=5737504,wait=562815


==== pdptw/200/lrc1_2_9/commiv/s1 rc=0 wall=15.983
instance,n_pairs,bks_veh,veh,bks_dist,dist,gap_pct,ms,dur,wait
lrc1_2_9,104,13,14,3157.338,3104.962,-1.66,15057,6343.385,1238.423
summary: 1 instances, mean dist gap -1.66%, vehicles win/tie/loss 0/0/1


==== pdptw/200/lrc1_2_9/vroom rc=0 wall=0.349
lrc1_2_9,3167770,8,0.3,veh=13,dur=5939509,wait=851739


==== pdptw/200/lrc2_2_1/commiv/s1 rc=0 wall=15.088
instance,n_pairs,bks_veh,veh,bks_dist,dist,gap_pct,ms,dur,wait
lrc2_2_1,101,6,6,3595.174,3763.833,4.69,15085,11294.595,5530.762
summary: 1 instances, mean dist gap 4.69%, vehicles win/tie/loss 0/1/0


==== pdptw/200/lrc2_2_1/vroom rc=0 wall=0.307
lrc2_2_1,3626136,2,0.3,veh=6,dur=11190218,wait=5584082


==== pdptw/200/lrc2_2_10/commiv/s1 rc=0 wall=16.163
instance,n_pairs,bks_veh,veh,bks_dist,dist,gap_pct,ms,dur,wait
lrc2_2_10,101,3,3,2437.876,2560.961,5.05,15227,5468.298,907.337
summary: 1 instances, mean dist gap 5.05%, vehicles win/tie/loss 0/1/0


==== pdptw/200/lrc2_2_10/vroom rc=0 wall=0.609
lrc2_2_10,2726887,2,0.6,veh=3,dur=5477615,wait=770728


==== pdptw/200/lrc2_2_2/commiv/s1 rc=0 wall=15.119
instance,n_pairs,bks_veh,veh,bks_dist,dist,gap_pct,ms,dur,wait
lrc2_2_2,102,5,5,3158.253,3405.300,7.82,15111,9557.934,4152.634
summary: 1 instances, mean dist gap 7.82%, vehicles win/tie/loss 0/1/0


==== pdptw/200/lrc2_2_2/vroom rc=0 wall=0.436
lrc2_2_2,3073606,4,0.4,veh=5,dur=8928208,wait=3894602


==== pdptw/200/lrc2_2_3/commiv/s1 rc=0 wall=16.088
instance,n_pairs,bks_veh,veh,bks_dist,dist,gap_pct,ms,dur,wait
lrc2_2_3,101,4,4,2881.990,2889.552,0.26,15156,6910.185,2020.633
summary: 1 instances, mean dist gap 0.26%, vehicles win/tie/loss 0/1/0


==== pdptw/200/lrc2_2_3/vroom rc=0 wall=0.671
lrc2_2_3,2834567,4,0.6,veh=4,dur=6899783,wait=2105216


==== pdptw/200/lrc2_2_4/commiv/s1 rc=0 wall=15.303
instance,n_pairs,bks_veh,veh,bks_dist,dist,gap_pct,ms,dur,wait
lrc2_2_4,101,3,3,2835.407,3137.560,10.66,15300,5804.355,666.795
summary: 1 instances, mean dist gap 10.66%, vehicles win/tie/loss 0/1/0


==== pdptw/200/lrc2_2_4/vroom rc=0 wall=0.903
lrc2_2_4,2788447,6,0.9,veh=3,dur=5785752,wait=1057305


==== pdptw/200/lrc2_2_5/commiv/s1 rc=0 wall=16.075
instance,n_pairs,bks_veh,veh,bks_dist,dist,gap_pct,ms,dur,wait
lrc2_2_5,101,5,5,2776.924,2778.283,0.05,15136,8692.402,3914.119
summary: 1 instances, mean dist gap 0.05%, vehicles win/tie/loss 0/1/0


==== pdptw/200/lrc2_2_5/vroom rc=0 wall=0.453
lrc2_2_5,2927790,0,0.4,veh=5,dur=9862223,wait=4934433


==== pdptw/200/lrc2_2_6/commiv/s1 rc=0 wall=15.126
instance,n_pairs,bks_veh,veh,bks_dist,dist,gap_pct,ms,dur,wait
lrc2_2_6,101,5,5,2707.956,2707.956,0.00,15122,9137.626,4429.670
summary: 1 instances, mean dist gap 0.00%, vehicles win/tie/loss 0/1/0


==== pdptw/200/lrc2_2_6/vroom rc=0 wall=0.419
lrc2_2_6,2735758,0,0.4,veh=5,dur=9126497,wait=4390739


==== pdptw/200/lrc2_2_7/commiv/s1 rc=0 wall=16.059
instance,n_pairs,bks_veh,veh,bks_dist,dist,gap_pct,ms,dur,wait
lrc2_2_7,101,4,4,3010.668,3101.503,3.02,15137,7626.139,2524.636
summary: 1 instances, mean dist gap 3.02%, vehicles win/tie/loss 0/1/0


==== pdptw/200/lrc2_2_7/vroom rc=0 wall=0.476
lrc2_2_7,3278081,2,0.4,veh=4,dur=7637897,wait=2379816


==== pdptw/200/lrc2_2_8/commiv/s1 rc=0 wall=15.165
instance,n_pairs,bks_veh,veh,bks_dist,dist,gap_pct,ms,dur,wait
lrc2_2_8,101,4,4,2399.889,2399.931,0.00,15161,7348.048,2948.117
summary: 1 instances, mean dist gap 0.00%, vehicles win/tie/loss 0/1/0


==== pdptw/200/lrc2_2_8/vroom rc=0 wall=0.545
lrc2_2_8,2411709,0,0.5,veh=4,dur=7349184,wait=2937475


==== pdptw/200/lrc2_2_9/commiv/s1 rc=0 wall=16.098
instance,n_pairs,bks_veh,veh,bks_dist,dist,gap_pct,ms,dur,wait
lrc2_2_9,101,4,4,2208.488,2208.712,0.01,15162,7106.417,2897.705
summary: 1 instances, mean dist gap 0.01%, vehicles win/tie/loss 0/1/0


==== pdptw/200/lrc2_2_9/vroom rc=0 wall=0.562
lrc2_2_9,2454400,0,0.5,veh=4,dur=7388563,wait=2934163


==== pdptw/400/lc1_4_1/commiv/s1 rc=0 wall=30.147
instance,n_pairs,bks_veh,veh,bks_dist,dist,gap_pct,ms,dur,wait
lc1_4_1,211,40,40,7152.040,7152.040,0.00,30143,43584.690,432.650
summary: 1 instances, mean dist gap 0.00%, vehicles win/tie/loss 0/1/0


==== pdptw/400/lc1_4_1/vroom rc=0 wall=0.966
lc1_4_1,7152040,0,0.9,veh=40,dur=43584690,wait=432650


==== pdptw/400/lc1_4_10/commiv/s1 rc=0 wall=31.087
instance,n_pairs,bks_veh,veh,bks_dist,dist,gap_pct,ms,dur,wait
lc1_4_10,208,34,35,7850.212,7635.491,-2.74,30145,43635.491,0.000
summary: 1 instances, mean dist gap -2.74%, vehicles win/tie/loss 0/0/1


==== pdptw/400/lc1_4_10/vroom rc=0 wall=1.790
lc1_4_10,7856155,16,1.7,veh=34,dur=42416155,wait=0


==== pdptw/400/lc1_4_2/commiv/s1 rc=0 wall=31.016
instance,n_pairs,bks_veh,veh,bks_dist,dist,gap_pct,ms,dur,wait
lc1_4_2,211,38,39,8007.772,7355.646,-8.14,30133,44119.636,763.990
summary: 1 instances, mean dist gap -8.14%, vehicles win/tie/loss 0/0/1


==== pdptw/400/lc1_4_2/vroom rc=0 wall=1.699
lc1_4_2,7275354,8,1.6,veh=38,dur=43225990,wait=670636


==== pdptw/400/lc1_4_3/commiv/s1 rc=0 wall=31.068
instance,n_pairs,bks_veh,veh,bks_dist,dist,gap_pct,ms,dur,wait
lc1_4_3,210,32,35,8678.220,8212.271,-5.37,30141,45094.268,881.997
summary: 1 instances, mean dist gap -5.37%, vehicles win/tie/loss 0/0/1


==== pdptw/400/lc1_4_3/vroom rc=0 wall=2.112
lc1_4_3,9528480,14,2.0,veh=32,dur=44916465,wait=647985


==== pdptw/400/lc1_4_5/commiv/s1 rc=0 wall=31.059
instance,n_pairs,bks_veh,veh,bks_dist,dist,gap_pct,ms,dur,wait
lc1_4_5,211,40,40,7149.979,7150.889,0.01,30105,43264.112,113.223
summary: 1 instances, mean dist gap 0.01%, vehicles win/tie/loss 0/1/0


==== pdptw/400/lc1_4_5/vroom rc=0 wall=0.954
lc1_4_5,7149979,0,0.9,veh=40,dur=43263202,wait=113223


==== pdptw/400/lc1_4_6/commiv/s1 rc=0 wall=30.949
instance,n_pairs,bks_veh,veh,bks_dist,dist,gap_pct,ms,dur,wait
lc1_4_6,211,40,40,7153.999,7153.999,0.00,30137,43439.050,285.051
summary: 1 instances, mean dist gap 0.00%, vehicles win/tie/loss 0/1/0


==== pdptw/400/lc1_4_6/vroom rc=0 wall=1.300
lc1_4_6,7153999,0,1.2,veh=40,dur=43439050,wait=285051


==== pdptw/400/lc1_4_7/commiv/s1 rc=0 wall=31.094
instance,n_pairs,bks_veh,veh,bks_dist,dist,gap_pct,ms,dur,wait
lc1_4_7,211,40,40,7149.418,7151.539,0.03,30151,43158.257,6.718
summary: 1 instances, mean dist gap 0.03%, vehicles win/tie/loss 0/1/0


==== pdptw/400/lc1_4_7/vroom rc=0 wall=1.213
lc1_4_7,7149418,0,1.1,veh=40,dur=43158429,wait=9011


==== pdptw/400/lc1_4_8/commiv/s1 rc=0 wall=31.013
instance,n_pairs,bks_veh,veh,bks_dist,dist,gap_pct,ms,dur,wait
lc1_4_8,208,38,39,8305.406,7111.136,-14.38,30105,43111.136,0.000
summary: 1 instances, mean dist gap -14.38%, vehicles win/tie/loss 0/0/1


==== pdptw/400/lc1_4_8/vroom rc=0 wall=1.380
lc1_4_8,7115891,10,1.3,veh=38,dur=42298602,wait=82711


==== pdptw/400/lc1_4_9/commiv/s1 rc=0 wall=31.058
instance,n_pairs,bks_veh,veh,bks_dist,dist,gap_pct,ms,dur,wait
lc1_4_9,209,36,36,7451.179,7452.695,0.02,30124,43452.695,0.000
summary: 1 instances, mean dist gap 0.02%, vehicles win/tie/loss 0/1/0


==== pdptw/400/lc1_4_9/vroom rc=0 wall=1.682
lc1_4_9,8463298,10,1.6,veh=36,dur=43563298,wait=0


==== pdptw/400/lc2_4_1/commiv/s1 rc=0 wall=31.128
instance,n_pairs,bks_veh,veh,bks_dist,dist,gap_pct,ms,dur,wait
lc2_4_1,203,12,12,4116.317,4116.317,0.00,30240,40183.962,67.645
summary: 1 instances, mean dist gap 0.00%, vehicles win/tie/loss 0/1/0


==== pdptw/400/lc2_4_1/vroom rc=0 wall=0.930
lc2_4_1,4116317,0,0.8,veh=12,dur=40183962,wait=67645


==== pdptw/400/lc2_4_10/commiv/s1 rc=0 wall=31.165
instance,n_pairs,bks_veh,veh,bks_dist,dist,gap_pct,ms,dur,wait
lc2_4_10,202,12,12,3828.427,3832.690,0.11,30241,40128.920,296.230
summary: 1 instances, mean dist gap 0.11%, vehicles win/tie/loss 0/1/0


==== pdptw/400/lc2_4_10/vroom rc=0 wall=1.696
lc2_4_10,3905270,0,1.6,veh=12,dur=39913005,wait=7735


==== pdptw/400/lc2_4_2/commiv/s1 rc=0 wall=31.173
instance,n_pairs,bks_veh,veh,bks_dist,dist,gap_pct,ms,dur,wait
lc2_4_2,202,12,12,4144.275,4144.275,0.00,30259,40640.799,496.524
summary: 1 instances, mean dist gap 0.00%, vehicles win/tie/loss 0/1/0


==== pdptw/400/lc2_4_2/vroom rc=0 wall=1.553
lc2_4_2,4179198,0,1.5,veh=12,dur=40507902,wait=328704


==== pdptw/400/lc2_4_3/commiv/s1 rc=0 wall=31.242
instance,n_pairs,bks_veh,veh,bks_dist,dist,gap_pct,ms,dur,wait
lc2_4_3,203,12,12,4401.067,4518.975,2.68,30301,41646.277,1127.302
summary: 1 instances, mean dist gap 2.68%, vehicles win/tie/loss 0/1/0


==== pdptw/400/lc2_4_3/vroom rc=0 wall=1.952
lc2_4_3,4877611,0,1.9,veh=12,dur=41909602,wait=1031991


==== pdptw/400/lc2_4_5/commiv/s1 rc=0 wall=31.085
instance,n_pairs,bks_veh,veh,bks_dist,dist,gap_pct,ms,dur,wait
lc2_4_5,203,12,12,4030.625,4030.625,0.00,30209,40158.758,128.133
summary: 1 instances, mean dist gap 0.00%, vehicles win/tie/loss 0/1/0


==== pdptw/400/lc2_4_5/vroom rc=0 wall=1.045
lc2_4_5,4023565,2,1.0,veh=12,dur=40051352,wait=207787


==== pdptw/400/lc2_4_6/commiv/s1 rc=0 wall=31.178
instance,n_pairs,bks_veh,veh,bks_dist,dist,gap_pct,ms,dur,wait
lc2_4_6,203,12,12,3900.274,3900.274,0.00,30257,39977.183,76.909
summary: 1 instances, mean dist gap 0.00%, vehicles win/tie/loss 0/1/0


==== pdptw/400/lc2_4_6/vroom rc=0 wall=1.265
lc2_4_6,3901806,0,1.2,veh=12,dur=39978715,wait=76909


==== pdptw/400/lc2_4_7/commiv/s1 rc=0 wall=31.076
instance,n_pairs,bks_veh,veh,bks_dist,dist,gap_pct,ms,dur,wait
lc2_4_7,204,12,12,3962.495,3968.197,0.14,30210,40333.195,364.998
summary: 1 instances, mean dist gap 0.14%, vehicles win/tie/loss 0/1/0


==== pdptw/400/lc2_4_7/vroom rc=0 wall=1.466
lc2_4_7,4487089,2,1.4,veh=12,dur=40678299,wait=371210


==== pdptw/400/lc2_4_8/commiv/s1 rc=0 wall=31.120
instance,n_pairs,bks_veh,veh,bks_dist,dist,gap_pct,ms,dur,wait
lc2_4_8,203,12,12,3844.443,3845.776,0.03,30228,39845.776,0.000
summary: 1 instances, mean dist gap 0.03%, vehicles win/tie/loss 0/1/0


==== pdptw/400/lc2_4_8/vroom rc=0 wall=1.488
lc2_4_8,3876239,0,1.4,veh=12,dur=39876239,wait=0


==== pdptw/400/lc2_4_9/commiv/s1 rc=0 wall=31.208
instance,n_pairs,bks_veh,veh,bks_dist,dist,gap_pct,ms,dur,wait
lc2_4_9,205,12,12,4188.920,4216.394,0.66,30309,40277.182,60.788
summary: 1 instances, mean dist gap 0.66%, vehicles win/tie/loss 0/1/0


==== pdptw/400/lc2_4_9/vroom rc=0 wall=1.670
lc2_4_9,4459022,2,1.6,veh=12,dur=40562479,wait=283457


==== pdptw/400/lr1_4_1/commiv/s1 rc=0 wall=31.033
instance,n_pairs,bks_veh,veh,bks_dist,dist,gap_pct,ms,dur,wait
lr1_4_1,208,40,40,10639.748,10639.748,0.00,30121,26187.816,11548.068
summary: 1 instances, mean dist gap 0.00%, vehicles win/tie/loss 0/1/0


==== pdptw/400/lr1_4_1/vroom rc=0 wall=1.624
lr1_4_1,10990502,0,1.5,veh=40,dur=26162454,wait=11171952


==== pdptw/400/lr1_4_10/commiv/s1 rc=0 wall=31.061
instance,n_pairs,bks_veh,veh,bks_dist,dist,gap_pct,ms,dur,wait
lr1_4_10,209,20,21,8192.662,8281.050,1.08,30138,13727.672,1446.622
summary: 1 instances, mean dist gap 1.08%, vehicles win/tie/loss 0/0/1


==== pdptw/400/lr1_4_10/vroom rc=0 wall=1.201
lr1_4_10,8127569,16,1.1,veh=20,dur=13005066,wait=1037497


==== pdptw/400/lr1_4_2/commiv/s1 rc=0 wall=31.132
instance,n_pairs,bks_veh,veh,bks_dist,dist,gap_pct,ms,dur,wait
lr1_4_2,209,30,31,11009.504,10265.969,-6.75,30200,20944.978,6679.009
summary: 1 instances, mean dist gap -6.75%, vehicles win/tie/loss 0/0/1


==== pdptw/400/lr1_4_2/vroom rc=0 wall=1.749
lr1_4_2,11360298,8,1.7,veh=30,dur=20333921,wait=5053623


==== pdptw/400/lr1_4_3/commiv/s1 rc=0 wall=31.234
instance,n_pairs,bks_veh,veh,bks_dist,dist,gap_pct,ms,dur,wait
lr1_4_3,208,22,25,9245.477,8454.678,-8.55,30161,16978.068,4523.390
summary: 1 instances, mean dist gap -8.55%, vehicles win/tie/loss 0/0/1


==== pdptw/400/lr1_4_3/vroom rc=0 wall=2.218
lr1_4_3,9475120,14,2.1,veh=22,dur=15550994,wait=2205874


==== pdptw/400/lr1_4_4/commiv/s1 rc=0 wall=31.138
instance,n_pairs,bks_veh,veh,bks_dist,dist,gap_pct,ms,dur,wait
lr1_4_4,210,15,17,7007.893,6654.625,-5.04,30243,11922.361,1267.736
summary: 1 instances, mean dist gap -5.04%, vehicles win/tie/loss 0/0/1


==== pdptw/400/lr1_4_4/vroom rc=0 wall=2.341
lr1_4_4,7040051,18,2.3,veh=15,dur=11584234,wait=724183


==== pdptw/400/lr1_4_5/commiv/s1 rc=0 wall=31.044
instance,n_pairs,bks_veh,veh,bks_dist,dist,gap_pct,ms,dur,wait
lr1_4_5,206,28,30,11374.063,10177.533,-10.52,30139,20134.850,5957.317
summary: 1 instances, mean dist gap -10.52%, vehicles win/tie/loss 0/0/1


==== pdptw/400/lr1_4_5/vroom rc=0 wall=1.166
lr1_4_5,10454326,14,1.1,veh=28,dur=18751891,wait=4437565


==== pdptw/400/lr1_4_6/commiv/s1 rc=0 wall=31.083
instance,n_pairs,bks_veh,veh,bks_dist,dist,gap_pct,ms,dur,wait
lr1_4_6,211,23,26,11334.108,9369.957,-17.33,30158,17573.152,4203.195
summary: 1 instances, mean dist gap -17.33%, vehicles win/tie/loss 0/0/1


==== pdptw/400/lr1_4_6/vroom rc=0 wall=1.500
lr1_4_6,9145515,26,1.4,veh=23,dur=15770388,wait=2884873


==== pdptw/400/lr1_4_7/commiv/s1 rc=0 wall=31.101
instance,n_pairs,bks_veh,veh,bks_dist,dist,gap_pct,ms,dur,wait
lr1_4_7,208,18,20,8675.357,8136.792,-6.21,30173,13919.615,1782.823
summary: 1 instances, mean dist gap -6.21%, vehicles win/tie/loss 0/0/1


==== pdptw/400/lr1_4_7/vroom rc=0 wall=1.955
lr1_4_7,7991868,24,1.9,veh=18,dur=13182826,wait=1430958


==== pdptw/400/lr1_4_8/commiv/s1 rc=0 wall=31.237
instance,n_pairs,bks_veh,veh,bks_dist,dist,gap_pct,ms,dur,wait
lr1_4_8,211,13,15,6164.821,5789.418,-6.09,30306,10557.139,767.721
summary: 1 instances, mean dist gap -6.09%, vehicles win/tie/loss 0/0/1


==== pdptw/400/lr1_4_8/vroom rc=0 wall=2.093
lr1_4_8,5902309,24,2.0,veh=13,dur=10086816,wait=424507


==== pdptw/400/lr1_4_9/commiv/s1 rc=0 wall=31.100
instance,n_pairs,bks_veh,veh,bks_dist,dist,gap_pct,ms,dur,wait
lr1_4_9,209,24,25,9859.472,9693.247,-1.69,30167,16350.297,2657.050
summary: 1 instances, mean dist gap -1.69%, vehicles win/tie/loss 0/0/1


==== pdptw/400/lr1_4_9/vroom rc=0 wall=1.332
lr1_4_9,10083580,18,1.2,veh=24,dur=15825883,wait=1922303


==== pdptw/400/lr2_4_1/commiv/s1 rc=0 wall=31.317
instance,n_pairs,bks_veh,veh,bks_dist,dist,gap_pct,ms,dur,wait
lr2_4_1,201,8,8,9726.890,9727.752,0.01,30338,20856.474,7128.722
summary: 1 instances, mean dist gap 0.01%, vehicles win/tie/loss 0/1/0


==== pdptw/400/lr2_4_1/vroom rc=0 wall=1.235
lr2_4_1,10832521,2,1.2,veh=8,dur=21144677,wait=6332156


==== pdptw/400/lr2_4_10/commiv/s1 rc=0 wall=31.411
instance,n_pairs,bks_veh,veh,bks_dist,dist,gap_pct,ms,dur,wait
lr2_4_10,202,5,6,7596.621,7119.589,-6.28,30528,14367.060,3247.471
summary: 1 instances, mean dist gap -6.28%, vehicles win/tie/loss 0/0/1


==== pdptw/400/lr2_4_10/vroom rc=0 wall=1.937
lr2_4_10,8570811,20,1.9,veh=5,dur=13102002,wait=731191


==== pdptw/400/lr2_4_2/commiv/s1 rc=0 wall=31.445
instance,n_pairs,bks_veh,veh,bks_dist,dist,gap_pct,ms,dur,wait
lr2_4_2,201,7,7,9405.401,10188.879,8.33,30474,18031.884,3843.005
summary: 1 instances, mean dist gap 8.33%, vehicles win/tie/loss 0/1/0


==== pdptw/400/lr2_4_2/vroom rc=0 wall=1.917
lr2_4_2,10464348,4,1.8,veh=7,dur=18270308,wait=3845960


==== pdptw/400/lr2_4_3/commiv/s1 rc=0 wall=31.615
instance,n_pairs,bks_veh,veh,bks_dist,dist,gap_pct,ms,dur,wait
lr2_4_3,202,5,6,10176.936,8842.526,-13.11,30715,15725.323,2882.797
summary: 1 instances, mean dist gap -13.11%, vehicles win/tie/loss 0/0/1


==== pdptw/400/lr2_4_3/vroom rc=0 wall=2.894
lr2_4_3,9022295,26,2.8,veh=5,dur=13908286,wait=1145991


==== pdptw/400/lr2_4_4/commiv/s1 rc=0 wall=32.136
instance,n_pairs,bks_veh,veh,bks_dist,dist,gap_pct,ms,dur,wait
lr2_4_4,202,4,5,6201.837,5818.303,-6.18,31191,12731.496,2913.193
summary: 1 instances, mean dist gap -6.18%, vehicles win/tie/loss 0/0/1


==== pdptw/400/lr2_4_4/vroom rc=0 wall=4.542
lr2_4_4,6143101,6,4.5,veh=4,dur=11353261,wait=1270160


==== pdptw/400/lr2_4_5/commiv/s1 rc=0 wall=31.346
instance,n_pairs,bks_veh,veh,bks_dist,dist,gap_pct,ms,dur,wait
lr2_4_5,202,6,7,9894.464,9022.472,-8.81,30389,18002.767,4980.295
summary: 1 instances, mean dist gap -8.81%, vehicles win/tie/loss 0/0/1


==== pdptw/400/lr2_4_5/vroom rc=0 wall=1.431
lr2_4_5,9103458,16,1.3,veh=6,dur=15731685,wait=2788227


==== pdptw/400/lr2_4_6/commiv/s1 rc=0 wall=31.604
instance,n_pairs,bks_veh,veh,bks_dist,dist,gap_pct,ms,dur,wait
lr2_4_6,201,5,6,8946.910,8267.734,-7.59,30611,15183.294,2915.560
summary: 1 instances, mean dist gap -7.59%, vehicles win/tie/loss 0/0/1


==== pdptw/400/lr2_4_6/vroom rc=0 wall=2.160
lr2_4_6,8422301,26,2.1,veh=5,dur=13226017,wait=1063716


==== pdptw/400/lr2_4_7/commiv/s1 rc=0 wall=31.805
instance,n_pairs,bks_veh,veh,bks_dist,dist,gap_pct,ms,dur,wait
lr2_4_7,203,4,5,7993.151,6978.779,-12.69,30843,13198.024,2219.245
summary: 1 instances, mean dist gap -12.69%, vehicles win/tie/loss 0/0/1


==== pdptw/400/lr2_4_7/vroom rc=0 wall=3.369
lr2_4_7,7142832,24,3.3,veh=4,dur=11551486,wait=648654


==== pdptw/400/lr2_4_8/commiv/s1 rc=0 wall=32.631
instance,n_pairs,bks_veh,veh,bks_dist,dist,gap_pct,ms,dur,wait
lr2_4_8,202,4,4,5260.408,5735.481,9.03,31682,10628.390,892.909
summary: 1 instances, mean dist gap 9.03%, vehicles win/tie/loss 0/1/0


==== pdptw/400/lr2_4_8/vroom rc=0 wall=4.950
lr2_4_8,6356906,0,4.9,veh=4,dur=11417766,wait=1060860


==== pdptw/400/lr2_4_9/commiv/s1 rc=0 wall=31.376
instance,n_pairs,bks_veh,veh,bks_dist,dist,gap_pct,ms,dur,wait
lr2_4_9,202,6,6,7926.076,8118.923,2.43,30418,15253.275,3134.352
summary: 1 instances, mean dist gap 2.43%, vehicles win/tie/loss 0/1/0


==== pdptw/400/lr2_4_9/vroom rc=0 wall=1.673
lr2_4_9,8543021,8,1.6,veh=6,dur=15290092,wait=2827071


==== pdptw/400/lrc1_4_1/commiv/s1 rc=0 wall=31.100
instance,n_pairs,bks_veh,veh,bks_dist,dist,gap_pct,ms,dur,wait
lrc1_4_1,208,36,37,9124.504,8958.348,-1.82,30150,20752.177,7793.829
summary: 1 instances, mean dist gap -1.82%, vehicles win/tie/loss 0/0/1


==== pdptw/400/lrc1_4_1/vroom rc=0 wall=1.325
lrc1_4_1,9107873,6,1.2,veh=36,dur=20039427,wait=6991554


==== pdptw/400/lrc1_4_10/commiv/s1 rc=0 wall=31.055
instance,n_pairs,bks_veh,veh,bks_dist,dist,gap_pct,ms,dur,wait
lrc1_4_10,209,23,24,7064.350,7091.540,0.38,30121,13358.906,2267.366
summary: 1 instances, mean dist gap 0.38%, vehicles win/tie/loss 0/0/1


==== pdptw/400/lrc1_4_10/vroom rc=0 wall=1.237
lrc1_4_10,7127774,18,1.2,veh=23,dur=12770464,wait=1822690


==== pdptw/400/lrc1_4_2/commiv/s1 rc=0 wall=31.070
instance,n_pairs,bks_veh,veh,bks_dist,dist,gap_pct,ms,dur,wait
lrc1_4_2,209,31,33,8346.056,7913.369,-5.18,30118,17394.498,5481.129
summary: 1 instances, mean dist gap -5.18%, vehicles win/tie/loss 0/0/1


==== pdptw/400/lrc1_4_2/vroom rc=0 wall=1.757
lrc1_4_2,8011025,10,1.7,veh=31,dur=17658038,wait=5747013


==== pdptw/400/lrc1_4_3/commiv/s1 rc=0 wall=31.057
instance,n_pairs,bks_veh,veh,bks_dist,dist,gap_pct,ms,dur,wait
lrc1_4_3,206,24,27,7805.154,7167.723,-8.17,30155,14776.761,3609.038
summary: 1 instances, mean dist gap -8.17%, vehicles win/tie/loss 0/0/1


==== pdptw/400/lrc1_4_3/vroom rc=0 wall=1.674
lrc1_4_3,7420768,12,1.6,veh=24,dur=14136746,wait=2835978


==== pdptw/400/lrc1_4_4/commiv/s1 rc=0 wall=31.286
instance,n_pairs,bks_veh,veh,bks_dist,dist,gap_pct,ms,dur,wait
lrc1_4_4,207,19,19,5803.310,5857.776,0.94,30201,11177.630,1319.854
summary: 1 instances, mean dist gap 0.94%, vehicles win/tie/loss 0/1/0


==== pdptw/400/lrc1_4_4/vroom rc=0 wall=2.453
lrc1_4_4,6371550,2,2.4,veh=19,dur=11654191,wait=1302641


==== pdptw/400/lrc1_4_5/commiv/s1 rc=0 wall=31.055
instance,n_pairs,bks_veh,veh,bks_dist,dist,gap_pct,ms,dur,wait
lrc1_4_5,207,32,35,8847.404,8619.117,-2.58,30119,18732.602,6113.485
summary: 1 instances, mean dist gap -2.58%, vehicles win/tie/loss 0/0/1


==== pdptw/400/lrc1_4_5/vroom rc=0 wall=1.223
lrc1_4_5,8663413,14,1.1,veh=32,dur=17564647,wait=5041234


==== pdptw/400/lrc1_4_6/commiv/s1 rc=0 wall=31.138
instance,n_pairs,bks_veh,veh,bks_dist,dist,gap_pct,ms,dur,wait
lrc1_4_6,208,30,32,8394.458,8161.289,-2.78,30165,17310.802,5149.513
summary: 1 instances, mean dist gap -2.78%, vehicles win/tie/loss 0/0/1


==== pdptw/400/lrc1_4_6/vroom rc=0 wall=1.225
lrc1_4_6,8242174,8,1.1,veh=30,dur=17070348,wait=4908174


==== pdptw/400/lrc1_4_7/commiv/s1 rc=0 wall=31.025
instance,n_pairs,bks_veh,veh,bks_dist,dist,gap_pct,ms,dur,wait
lrc1_4_7,211,28,30,8037.860,7866.121,-2.14,30107,16499.672,4633.551
summary: 1 instances, mean dist gap -2.14%, vehicles win/tie/loss 0/0/1


==== pdptw/400/lrc1_4_7/vroom rc=0 wall=1.173
lrc1_4_7,7941837,16,1.1,veh=28,dur=15689667,wait=3907830


==== pdptw/400/lrc1_4_8/commiv/s1 rc=0 wall=31.091
instance,n_pairs,bks_veh,veh,bks_dist,dist,gap_pct,ms,dur,wait
lrc1_4_8,208,26,28,7930.144,7521.867,-5.15,30145,14774.817,3252.950
summary: 1 instances, mean dist gap -5.15%, vehicles win/tie/loss 0/0/1


==== pdptw/400/lrc1_4_8/vroom rc=0 wall=1.282
lrc1_4_8,7330539,22,1.2,veh=26,dur=13862796,wait=2752257


==== pdptw/400/lrc1_4_9/commiv/s1 rc=0 wall=31.051
instance,n_pairs,bks_veh,veh,bks_dist,dist,gap_pct,ms,dur,wait
lrc1_4_9,209,25,27,8004.232,7767.063,-2.96,30115,15260.385,3493.322
summary: 1 instances, mean dist gap -2.96%, vehicles win/tie/loss 0/0/1


==== pdptw/400/lrc1_4_9/vroom rc=0 wall=1.241
lrc1_4_9,7888041,26,1.2,veh=25,dur=14041021,wait=2412980


==== pdptw/400/lrc2_4_1/commiv/s1 rc=0 wall=31.201
instance,n_pairs,bks_veh,veh,bks_dist,dist,gap_pct,ms,dur,wait
lrc2_4_1,203,11,12,9738.947,7488.449,-23.11,30219,28009.310,16520.861
summary: 1 instances, mean dist gap -23.11%, vehicles win/tie/loss 0/0/1


==== pdptw/400/lrc2_4_1/vroom rc=0 wall=1.289
lrc2_4_1,9055037,20,1.2,veh=11,dur=26704032,wait=13848995


==== pdptw/400/lrc2_4_10/commiv/s1 rc=0 wall=31.354
instance,n_pairs,bks_veh,veh,bks_dist,dist,gap_pct,ms,dur,wait
lrc2_4_10,203,6,7,5395.692,5037.303,-6.64,30433,15362.713,6325.410
summary: 1 instances, mean dist gap -6.64%, vehicles win/tie/loss 0/0/1


==== pdptw/400/lrc2_4_10/vroom rc=0 wall=2.318
lrc2_4_10,6511580,6,2.2,veh=6,dur=14111061,wait=3659481


==== pdptw/400/lrc2_4_2/commiv/s1 rc=0 wall=31.232
instance,n_pairs,bks_veh,veh,bks_dist,dist,gap_pct,ms,dur,wait
lrc2_4_2,203,10,11,7159.945,6305.895,-11.93,30285,23261.080,12955.185
summary: 1 instances, mean dist gap -11.93%, vehicles win/tie/loss 0/0/1


==== pdptw/400/lrc2_4_2/vroom rc=0 wall=1.778
lrc2_4_2,6768634,12,1.7,veh=10,dur=22477609,wait=11828975


==== pdptw/400/lrc2_4_3/commiv/s1 rc=0 wall=31.371
instance,n_pairs,bks_veh,veh,bks_dist,dist,gap_pct,ms,dur,wait
lrc2_4_3,201,8,9,6426.460,5432.878,-15.46,30422,19657.477,10224.599
summary: 1 instances, mean dist gap -15.46%, vehicles win/tie/loss 0/0/1


==== pdptw/400/lrc2_4_3/vroom rc=0 wall=2.668
lrc2_4_3,6698427,4,2.6,veh=8,dur=18723257,wait=8064830


==== pdptw/400/lrc2_4_4/commiv/s1 rc=0 wall=31.700
instance,n_pairs,bks_veh,veh,bks_dist,dist,gap_pct,ms,dur,wait
lrc2_4_4,203,5,6,5238.766,4903.915,-6.39,30752,13426.579,4522.664
summary: 1 instances, mean dist gap -6.39%, vehicles win/tie/loss 0/0/1


==== pdptw/400/lrc2_4_4/vroom rc=0 wall=4.567
lrc2_4_4,5674977,6,4.5,veh=5,dur=12551094,wait=2936117


==== pdptw/400/lrc2_4_5/commiv/s1 rc=0 wall=31.198
instance,n_pairs,bks_veh,veh,bks_dist,dist,gap_pct,ms,dur,wait
lrc2_4_5,203,10,11,7309.537,6123.157,-16.23,30262,24460.140,14336.983
summary: 1 instances, mean dist gap -16.23%, vehicles win/tie/loss 0/0/1


==== pdptw/400/lrc2_4_5/vroom rc=0 wall=1.762
lrc2_4_5,7505982,6,1.7,veh=10,dur=23189182,wait=11743200


==== pdptw/400/lrc2_4_6/commiv/s1 rc=0 wall=31.239
instance,n_pairs,bks_veh,veh,bks_dist,dist,gap_pct,ms,dur,wait
lrc2_4_6,203,9,9,6337.076,6728.088,6.17,30245,19567.109,8839.021
summary: 1 instances, mean dist gap 6.17%, vehicles win/tie/loss 0/1/0


==== pdptw/400/lrc2_4_6/vroom rc=0 wall=1.635
lrc2_4_6,6305522,8,1.6,veh=9,dur=19189626,wait=8964104


==== pdptw/400/lrc2_4_7/commiv/s1 rc=0 wall=30.308
instance,n_pairs,bks_veh,veh,bks_dist,dist,gap_pct,ms,dur,wait
lrc2_4_7,202,8,9,6292.227,5693.005,-9.52,30304,19679.459,9986.454
summary: 1 instances, mean dist gap -9.52%, vehicles win/tie/loss 0/0/1


==== pdptw/400/lrc2_4_7/vroom rc=0 wall=1.684
lrc2_4_7,6644641,6,1.6,veh=8,dur=18154559,wait=7569918


==== pdptw/400/lrc2_4_8/commiv/s1 rc=0 wall=31.760
instance,n_pairs,bks_veh,veh,bks_dist,dist,gap_pct,ms,dur,wait
lrc2_4_8,201,7,8,5767.709,5219.281,-9.51,30326,17910.635,8691.354
summary: 1 instances, mean dist gap -9.51%, vehicles win/tie/loss 0/0/1


==== pdptw/400/lrc2_4_8/vroom rc=0 wall=2.075
lrc2_4_8,6280795,8,2.0,veh=7,dur=16821597,wait=6620802


==== pdptw/400/lrc2_4_9/commiv/s1 rc=0 wall=30.387
instance,n_pairs,bks_veh,veh,bks_dist,dist,gap_pct,ms,dur,wait
lrc2_4_9,203,6,7,6272.915,5472.949,-12.75,30383,15738.158,6265.209
summary: 1 instances, mean dist gap -12.75%, vehicles win/tie/loss 0/0/1


==== pdptw/400/lrc2_4_9/vroom rc=0 wall=1.894
lrc2_4_9,6844891,20,1.8,veh=6,dur=14369316,wait=3724425


==== pdptw/600/lc1_6_1/commiv/s1 rc=0 wall=47.004
instance,n_pairs,bks_veh,veh,bks_dist,dist,gap_pct,ms,dur,wait
lc1_6_1,315,60,60,14095.610,14095.610,0.00,45221,68392.680,297.070
summary: 1 instances, mean dist gap 0.00%, vehicles win/tie/loss 0/1/0


==== pdptw/600/lc1_6_1/vroom rc=0 wall=2.490
lc1_6_1,14095610,0,2.3,veh=60,dur=68392680,wait=297070


==== pdptw/600/lc1_6_10/commiv/s1 rc=0 wall=46.093
instance,n_pairs,bks_veh,veh,bks_dist,dist,gap_pct,ms,dur,wait
lc1_6_10,319,51,53,15432.533,14756.870,-4.38,45201,68756.870,0.000
summary: 1 instances, mean dist gap -4.38%, vehicles win/tie/loss 0/0/1


==== pdptw/600/lc1_6_10/vroom rc=0 wall=5.131
lc1_6_10,15238429,32,5.0,veh=51,dur=66358429,wait=0


==== pdptw/600/lc1_6_2/commiv/s1 rc=0 wall=47.064
instance,n_pairs,bks_veh,veh,bks_dist,dist,gap_pct,ms,dur,wait
lc1_6_2,314,57,59,15048.134,14172.651,-5.82,45272,68796.426,623.775
summary: 1 instances, mean dist gap -5.82%, vehicles win/tie/loss 0/0/1


==== pdptw/600/lc1_6_2/vroom rc=0 wall=4.233
lc1_6_2,14614302,12,4.1,veh=57,dur=68403451,wait=869149


==== pdptw/600/lc1_6_3/commiv/s1 rc=0 wall=46.194
instance,n_pairs,bks_veh,veh,bks_dist,dist,gap_pct,ms,dur,wait
lc1_6_3,314,49,51,14874.650,14612.133,-1.76,45270,69559.199,947.066
summary: 1 instances, mean dist gap -1.76%, vehicles win/tie/loss 0/0/1


==== pdptw/600/lc1_6_3/vroom rc=0 wall=4.515
lc1_6_3,15809259,24,4.4,veh=49,dur=68925226,wait=1275967


==== pdptw/600/lc1_6_4/commiv/s1 rc=0 wall=47.044
instance,n_pairs,bks_veh,veh,bks_dist,dist,gap_pct,ms,dur,wait
lc1_6_4,314,47,48,13300.527,13599.437,2.25,45270,67843.226,243.789
summary: 1 instances, mean dist gap 2.25%, vehicles win/tie/loss 0/0/1


==== pdptw/600/lc1_6_4/vroom rc=0 wall=5.763
lc1_6_4,14546693,14,5.6,veh=47,dur=67496400,wait=209707


==== pdptw/600/lc1_6_5/commiv/s1 rc=0 wall=46.069
instance,n_pairs,bks_veh,veh,bks_dist,dist,gap_pct,ms,dur,wait
lc1_6_5,314,60,60,14086.265,14087.536,0.01,45187,68140.212,52.676
summary: 1 instances, mean dist gap 0.01%, vehicles win/tie/loss 0/1/0


==== pdptw/600/lc1_6_5/vroom rc=0 wall=3.844
lc1_6_5,14086265,0,3.7,veh=60,dur=68208819,wait=122554


==== pdptw/600/lc1_6_6/commiv/s1 rc=0 wall=46.160
instance,n_pairs,bks_veh,veh,bks_dist,dist,gap_pct,ms,dur,wait
lc1_6_6,314,60,60,14090.756,14093.644,0.02,45238,68286.922,193.278
summary: 1 instances, mean dist gap 0.02%, vehicles win/tie/loss 0/1/0


==== pdptw/600/lc1_6_6/vroom rc=0 wall=3.365
lc1_6_6,14090756,0,3.2,veh=60,dur=68307953,wait=217197


==== pdptw/600/lc1_6_7/commiv/s1 rc=0 wall=46.154
instance,n_pairs,bks_veh,veh,bks_dist,dist,gap_pct,ms,dur,wait
lc1_6_7,314,60,60,14083.722,14086.452,0.02,45243,68086.452,0.000
summary: 1 instances, mean dist gap 0.02%, vehicles win/tie/loss 0/1/0


==== pdptw/600/lc1_6_7/vroom rc=0 wall=4.171
lc1_6_7,14083722,0,4.0,veh=60,dur=68085722,wait=2000


==== pdptw/600/lc1_6_8/commiv/s1 rc=0 wall=46.173
instance,n_pairs,bks_veh,veh,bks_dist,dist,gap_pct,ms,dur,wait
lc1_6_8,317,58,59,14880.666,14706.592,-1.17,45278,68814.769,108.177
summary: 1 instances, mean dist gap -1.17%, vehicles win/tie/loss 0/0/1


==== pdptw/600/lc1_6_8/vroom rc=0 wall=3.983
lc1_6_8,15323457,16,3.8,veh=58,dur=68009257,wait=125800


==== pdptw/600/lc1_6_9/commiv/s1 rc=0 wall=46.134
instance,n_pairs,bks_veh,veh,bks_dist,dist,gap_pct,ms,dur,wait
lc1_6_9,316,53,55,15207.560,14641.142,-3.72,45213,68641.142,0.000
summary: 1 instances, mean dist gap -3.72%, vehicles win/tie/loss 0/0/1


==== pdptw/600/lc1_6_9/vroom rc=0 wall=5.674
lc1_6_9,15044616,20,5.5,veh=53,dur=67244616,wait=0


==== pdptw/600/lc2_6_1/commiv/s1 rc=0 wall=46.376
instance,n_pairs,bks_veh,veh,bks_dist,dist,gap_pct,ms,dur,wait
lc2_6_1,304,19,19,7977.960,7977.960,0.00,45429,64199.722,2221.762
summary: 1 instances, mean dist gap 0.00%, vehicles win/tie/loss 0/1/0


==== pdptw/600/lc2_6_1/vroom rc=0 wall=2.044
lc2_6_1,7977960,0,1.9,veh=19,dur=64199722,wait=2221762


==== pdptw/600/lc2_6_10/commiv/s1 rc=0 wall=46.368
instance,n_pairs,bks_veh,veh,bks_dist,dist,gap_pct,ms,dur,wait
lc2_6_10,304,17,18,7946.600,7497.407,-5.65,45417,61650.652,153.245
summary: 1 instances, mean dist gap -5.65%, vehicles win/tie/loss 0/0/1


==== pdptw/600/lc2_6_10/vroom rc=0 wall=4.169
lc2_6_10,8430584,22,4.0,veh=17,dur=60514106,wait=63522


==== pdptw/600/lc2_6_2/commiv/s1 rc=0 wall=46.325
instance,n_pairs,bks_veh,veh,bks_dist,dist,gap_pct,ms,dur,wait
lc2_6_2,302,18,19,9900.468,8253.655,-16.63,45455,65599.644,3345.989
summary: 1 instances, mean dist gap -16.63%, vehicles win/tie/loss 0/0/1


==== pdptw/600/lc2_6_2/vroom rc=0 wall=3.225
lc2_6_2,9413975,14,3.1,veh=18,dur=63959660,wait=1805685


==== pdptw/600/lc2_6_3/commiv/s1 rc=0 wall=45.540
instance,n_pairs,bks_veh,veh,bks_dist,dist,gap_pct,ms,dur,wait
lc2_6_3,304,17,18,8512.926,7437.750,-12.63,45535,63880.836,2443.086
summary: 1 instances, mean dist gap -12.63%, vehicles win/tie/loss 0/0/1


==== pdptw/600/lc2_6_3/vroom rc=0 wall=4.128
lc2_6_3,9312465,10,4.0,veh=17,dur=63132217,wait=719752


==== pdptw/600/lc2_6_4/commiv/s1 rc=0 wall=48.517
instance,n_pairs,bks_veh,veh,bks_dist,dist,gap_pct,ms,dur,wait
lc2_6_4,306,17,17,7860.382,8028.700,2.14,45597,63259.175,1230.475
summary: 1 instances, mean dist gap 2.14%, vehicles win/tie/loss 0/1/0


==== pdptw/600/lc2_6_4/vroom rc=0 wall=5.426
lc2_6_4,9606173,4,5.3,veh=17,dur=63449195,wait=203022


==== pdptw/600/lc2_6_5/commiv/s1 rc=0 wall=46.467
instance,n_pairs,bks_veh,veh,bks_dist,dist,gap_pct,ms,dur,wait
lc2_6_5,304,18,19,9051.514,8048.621,-11.08,45565,63697.566,1648.945
summary: 1 instances, mean dist gap -11.08%, vehicles win/tie/loss 0/0/1


==== pdptw/600/lc2_6_5/vroom rc=0 wall=2.278
lc2_6_5,8321986,16,2.1,veh=18,dur=61246417,wait=364431


==== pdptw/600/lc2_6_6/commiv/s1 rc=0 wall=47.175
instance,n_pairs,bks_veh,veh,bks_dist,dist,gap_pct,ms,dur,wait
lc2_6_6,305,18,19,8775.535,8100.944,-7.69,45363,62689.439,588.495
summary: 1 instances, mean dist gap -7.69%, vehicles win/tie/loss 0/0/1


==== pdptw/600/lc2_6_6/vroom rc=0 wall=2.475
lc2_6_6,9147843,20,2.3,veh=18,dur=61608974,wait=261131


==== pdptw/600/lc2_6_7/commiv/s1 rc=0 wall=46.381
instance,n_pairs,bks_veh,veh,bks_dist,dist,gap_pct,ms,dur,wait
lc2_6_7,304,18,19,9376.567,8007.554,-14.60,45464,63973.154,1965.600
summary: 1 instances, mean dist gap -14.60%, vehicles win/tie/loss 0/0/1


==== pdptw/600/lc2_6_7/vroom rc=0 wall=2.703
lc2_6_7,8859657,24,2.6,veh=18,dur=61287874,wait=588217


==== pdptw/600/lc2_6_8/commiv/s1 rc=0 wall=47.297
instance,n_pairs,bks_veh,veh,bks_dist,dist,gap_pct,ms,dur,wait
lc2_6_8,306,18,18,7579.919,7589.949,0.13,45413,61695.152,105.203
summary: 1 instances, mean dist gap 0.13%, vehicles win/tie/loss 0/1/0


==== pdptw/600/lc2_6_8/vroom rc=0 wall=3.078
lc2_6_8,8691241,6,2.9,veh=18,dur=62187990,wait=36749


==== pdptw/600/lc2_6_9/commiv/s1 rc=0 wall=46.379
instance,n_pairs,bks_veh,veh,bks_dist,dist,gap_pct,ms,dur,wait
lc2_6_9,307,18,19,8714.215,8118.279,-6.84,45394,63778.040,1659.761
summary: 1 instances, mean dist gap -6.84%, vehicles win/tie/loss 0/0/1


==== pdptw/600/lc2_6_9/vroom rc=0 wall=3.392
lc2_6_9,9261051,16,3.2,veh=18,dur=62295496,wait=474445


==== pdptw/600/lr1_6_1/commiv/s1 rc=0 wall=47.022
instance,n_pairs,bks_veh,veh,bks_dist,dist,gap_pct,ms,dur,wait
lr1_6_1,317,59,59,22821.662,23079.397,1.13,45252,59011.908,29932.511
summary: 1 instances, mean dist gap 1.13%, vehicles win/tie/loss 0/1/0


==== pdptw/600/lr1_6_1/vroom rc=0 wall=4.925
lr1_6_1,25969106,0,4.8,veh=59,dur=58957132,wait=26988026


==== pdptw/600/lr1_6_10/commiv/s1 rc=0 wall=46.197
instance,n_pairs,bks_veh,veh,bks_dist,dist,gap_pct,ms,dur,wait
lr1_6_10,314,25,28,19298.256,18196.746,-5.71,45303,28597.503,4400.757
summary: 1 instances, mean dist gap -5.71%, vehicles win/tie/loss 0/0/1


==== pdptw/600/lr1_6_10/vroom rc=0 wall=2.884
lr1_6_10,17372923,52,2.7,veh=25,dur=25566370,wait=2713447


==== pdptw/600/lr1_6_2/commiv/s1 rc=0 wall=47.039
instance,n_pairs,bks_veh,veh,bks_dist,dist,gap_pct,ms,dur,wait
lr1_6_2,315,45,46,20137.220,20267.094,0.64,45276,46957.586,20690.492
summary: 1 instances, mean dist gap 0.64%, vehicles win/tie/loss 0/0/1


==== pdptw/600/lr1_6_2/vroom rc=0 wall=4.962
lr1_6_2,21451123,2,4.8,veh=45,dur=45651078,wait=18219955


==== pdptw/600/lr1_6_3/commiv/s1 rc=0 wall=46.206
instance,n_pairs,bks_veh,veh,bks_dist,dist,gap_pct,ms,dur,wait
lr1_6_3,317,37,37,17846.169,18166.704,1.80,45312,39501.156,15334.452
summary: 1 instances, mean dist gap 1.80%, vehicles win/tie/loss 0/1/0


==== pdptw/600/lr1_6_3/vroom rc=0 wall=6.715
lr1_6_3,19437936,0,6.6,veh=37,dur=39256783,wait=13818847


==== pdptw/600/lr1_6_4/commiv/s1 rc=0 wall=47.288
instance,n_pairs,bks_veh,veh,bks_dist,dist,gap_pct,ms,dur,wait
lr1_6_4,313,28,28,13127.560,13358.566,1.76,45464,27293.695,7935.129
summary: 1 instances, mean dist gap 1.76%, vehicles win/tie/loss 0/1/0


==== pdptw/600/lr1_6_4/vroom rc=0 wall=7.456
lr1_6_4,14470210,0,7.3,veh=28,dur=28626753,wait=8156543


==== pdptw/600/lr1_6_5/commiv/s1 rc=0 wall=46.145
instance,n_pairs,bks_veh,veh,bks_dist,dist,gap_pct,ms,dur,wait
lr1_6_5,313,37,40,23623.522,21990.731,-6.91,45236,41013.837,13023.106
summary: 1 instances, mean dist gap -6.91%, vehicles win/tie/loss 0/0/1


==== pdptw/600/lr1_6_5/vroom rc=0 wall=4.183
lr1_6_5,23170679,28,4.0,veh=37,dur=38456071,wait=9565392


==== pdptw/600/lr1_6_6/commiv/s1 rc=0 wall=46.325
instance,n_pairs,bks_veh,veh,bks_dist,dist,gap_pct,ms,dur,wait
lr1_6_6,315,30,35,23084.508,19503.408,-15.51,45381,36218.429,10715.021
summary: 1 instances, mean dist gap -15.51%, vehicles win/tie/loss 0/0/1


==== pdptw/600/lr1_6_6/vroom rc=0 wall=4.586
lr1_6_6,20361504,40,4.4,veh=30,dur=32082177,wait=6110673


==== pdptw/600/lr1_6_7/commiv/s1 rc=0 wall=47.243
instance,n_pairs,bks_veh,veh,bks_dist,dist,gap_pct,ms,dur,wait
lr1_6_7,312,24,28,16963.367,15962.931,-5.90,45380,29223.726,7260.795
summary: 1 instances, mean dist gap -5.90%, vehicles win/tie/loss 0/0/1


==== pdptw/600/lr1_6_7/vroom rc=0 wall=4.882
lr1_6_7,16783917,34,4.7,veh=24,dur=26013628,wait=3569711


==== pdptw/600/lr1_6_8/commiv/s1 rc=0 wall=46.569
instance,n_pairs,bks_veh,veh,bks_dist,dist,gap_pct,ms,dur,wait
lr1_6_8,314,18,20,11917.700,12024.180,0.89,45596,21926.952,3902.772
summary: 1 instances, mean dist gap 0.89%, vehicles win/tie/loss 0/0/1


==== pdptw/600/lr1_6_8/vroom rc=0 wall=7.282
lr1_6_8,12719209,12,7.1,veh=18,dur=20606278,wait=2007069


==== pdptw/600/lr1_6_9/commiv/s1 rc=0 wall=46.170
instance,n_pairs,bks_veh,veh,bks_dist,dist,gap_pct,ms,dur,wait
lr1_6_9,312,31,34,21835.879,20379.437,-6.67,45295,34653.877,8274.440
summary: 1 instances, mean dist gap -6.67%, vehicles win/tie/loss 0/0/1


==== pdptw/600/lr1_6_9/vroom rc=0 wall=2.700
lr1_6_9,20603684,42,2.5,veh=31,dur=31961681,wait=5777997


==== pdptw/600/lr2_6_1/commiv/s1 rc=0 wall=47.076
instance,n_pairs,bks_veh,veh,bks_dist,dist,gap_pct,ms,dur,wait
lr2_6_1,304,11,12,21759.332,18845.303,-13.39,45682,48385.606,23540.303
summary: 1 instances, mean dist gap -13.39%, vehicles win/tie/loss 0/0/1


==== pdptw/600/lr2_6_1/vroom rc=0 wall=2.717
lr2_6_1,22688695,20,2.6,veh=11,dur=44720445,wait=16231750


==== pdptw/600/lr2_6_10/commiv/s1 rc=0 wall=46.864
instance,n_pairs,bks_veh,veh,bks_dist,dist,gap_pct,ms,dur,wait
lr2_6_10,302,7,7,16390.646,17817.117,8.70,46128,27100.581,3283.464
summary: 1 instances, mean dist gap 8.70%, vehicles win/tie/loss 0/1/0


==== pdptw/600/lr2_6_10/vroom rc=0 wall=4.167
lr2_6_10,18770193,16,4.0,veh=7,dur=27933427,wait=3323234


==== pdptw/600/lr2_6_2/commiv/s1 rc=0 wall=47.933
instance,n_pairs,bks_veh,veh,bks_dist,dist,gap_pct,ms,dur,wait
lr2_6_2,304,9,10,21289.702,20668.146,-2.92,46459,40514.662,13846.516
summary: 1 instances, mean dist gap -2.92%, vehicles win/tie/loss 0/0/1


==== pdptw/600/lr2_6_2/vroom rc=0 wall=4.636
lr2_6_2,21148550,30,4.5,veh=9,dur=37004393,wait=10155843


==== pdptw/600/lr2_6_3/commiv/s1 rc=0 wall=47.866
instance,n_pairs,bks_veh,veh,bks_dist,dist,gap_pct,ms,dur,wait
lr2_6_3,301,7,9,17480.062,15162.858,-13.26,47171,36107.577,14944.719
summary: 1 instances, mean dist gap -13.26%, vehicles win/tie/loss 0/0/1


==== pdptw/600/lr2_6_3/vroom rc=0 wall=7.885
lr2_6_3,15974316,34,7.7,veh=7,dur=28833556,wait=7199240


==== pdptw/600/lr2_6_4/commiv/s1 rc=0 wall=48.320
instance,n_pairs,bks_veh,veh,bks_dist,dist,gap_pct,ms,dur,wait
lr2_6_4,301,6,6,10639.081,12345.028,16.03,47584,24160.541,5815.513
summary: 1 instances, mean dist gap 16.03%, vehicles win/tie/loss 0/1/0


==== pdptw/600/lr2_6_4/vroom rc=0 wall=12.321
lr2_6_4,13278552,4,12.2,veh=6,dur=24933467,wait=5694915


==== pdptw/600/lr2_6_5/commiv/s1 rc=0 wall=47.476
instance,n_pairs,bks_veh,veh,bks_dist,dist,gap_pct,ms,dur,wait
lr2_6_5,303,8,9,22625.895,19657.758,-13.12,45990,35753.615,10095.857
summary: 1 instances, mean dist gap -13.12%, vehicles win/tie/loss 0/0/1


==== pdptw/600/lr2_6_5/vroom rc=0 wall=3.058
lr2_6_5,20897526,48,2.9,veh=8,dur=31811818,wait=5394292


==== pdptw/600/lr2_6_6/commiv/s1 rc=0 wall=46.908
instance,n_pairs,bks_veh,veh,bks_dist,dist,gap_pct,ms,dur,wait
lr2_6_6,302,7,9,19099.479,16541.488,-13.39,46170,35104.711,12563.223
summary: 1 instances, mean dist gap -13.39%, vehicles win/tie/loss 0/0/1


==== pdptw/600/lr2_6_6/vroom rc=0 wall=6.141
lr2_6_6,18498150,38,6.0,veh=7,dur=28422210,wait=4304060


==== pdptw/600/lr2_6_7/commiv/s1 rc=0 wall=47.991
instance,n_pairs,bks_veh,veh,bks_dist,dist,gap_pct,ms,dur,wait
lr2_6_7,303,6,7,14645.319,15532.501,6.06,47263,28074.645,6542.144
summary: 1 instances, mean dist gap 6.06%, vehicles win/tie/loss 0/0/1


==== pdptw/600/lr2_6_7/vroom rc=0 wall=8.412
lr2_6_7,16366652,20,8.3,veh=6,dur=25852699,wait=3686047


==== pdptw/600/lr2_6_8/commiv/s1 rc=0 wall=52.653
instance,n_pairs,bks_veh,veh,bks_dist,dist,gap_pct,ms,dur,wait
lr2_6_8,303,4,5,12341.888,11626.731,-5.79,51303,21172.637,3545.906
summary: 1 instances, mean dist gap -5.79%, vehicles win/tie/loss 0/0/1


==== pdptw/600/lr2_6_8/vroom rc=0 wall=11.199
lr2_6_8,12680910,38,11.1,veh=4,dur=18813732,wait=512822


==== pdptw/600/lr2_6_9/commiv/s1 rc=0 wall=47.787
instance,n_pairs,bks_veh,veh,bks_dist,dist,gap_pct,ms,dur,wait
lr2_6_9,302,8,9,18259.205,17176.507,-5.93,46472,35458.933,12282.426
summary: 1 instances, mean dist gap -5.93%, vehicles win/tie/loss 0/0/1


==== pdptw/600/lr2_6_9/vroom rc=0 wall=3.778
lr2_6_9,19549214,20,3.6,veh=8,dur=32323971,wait=6974757


==== pdptw/600/lrc1_6_1/commiv/s1 rc=0 wall=45.926
instance,n_pairs,bks_veh,veh,bks_dist,dist,gap_pct,ms,dur,wait
lrc1_6_1,313,52,53,18288.886,18099.508,-1.04,45255,45300.641,21201.133
summary: 1 instances, mean dist gap -1.04%, vehicles win/tie/loss 0/0/1


==== pdptw/600/lrc1_6_1/vroom rc=0 wall=3.769
lrc1_6_1,18307044,8,3.6,veh=52,dur=44849930,wait=20622886


==== pdptw/600/lrc1_6_10/commiv/s1 rc=0 wall=46.655
instance,n_pairs,bks_veh,veh,bks_dist,dist,gap_pct,ms,dur,wait
lrc1_6_10,314,29,32,13963.655,13649.981,-2.25,45300,29366.545,9716.564
summary: 1 instances, mean dist gap -2.25%, vehicles win/tie/loss 0/0/1


==== pdptw/600/lrc1_6_10/vroom rc=0 wall=2.965
lrc1_6_10,13970786,40,2.8,veh=29,dur=26331432,wait=6750646


==== pdptw/600/lrc1_6_2/commiv/s1 rc=0 wall=45.928
instance,n_pairs,bks_veh,veh,bks_dist,dist,gap_pct,ms,dur,wait
lrc1_6_2,315,43,45,16515.398,16136.885,-2.29,45236,40895.029,18758.144
summary: 1 instances, mean dist gap -2.29%, vehicles win/tie/loss 0/0/1


==== pdptw/600/lrc1_6_2/vroom rc=0 wall=4.696
lrc1_6_2,16256056,12,4.5,veh=43,dur=39752734,wait=17616678


==== pdptw/600/lrc1_6_3/commiv/s1 rc=0 wall=46.683
instance,n_pairs,bks_veh,veh,bks_dist,dist,gap_pct,ms,dur,wait
lrc1_6_3,314,36,36,13975.975,14157.899,1.30,45332,30607.472,10449.573
summary: 1 instances, mean dist gap 1.30%, vehicles win/tie/loss 0/1/0


==== pdptw/600/lrc1_6_3/vroom rc=0 wall=5.488
lrc1_6_3,15878715,6,5.3,veh=36,dur=33274523,wait=11455808


==== pdptw/600/lrc1_6_4/commiv/s1 rc=0 wall=46.150
instance,n_pairs,bks_veh,veh,bks_dist,dist,gap_pct,ms,dur,wait
lrc1_6_4,317,25,25,10800.439,11049.303,2.30,45474,24230.247,7180.944
summary: 1 instances, mean dist gap 2.30%, vehicles win/tie/loss 0/1/0


==== pdptw/600/lrc1_6_4/vroom rc=0 wall=6.576
lrc1_6_4,11512837,4,6.4,veh=25,dur=23684091,wait=6211254


==== pdptw/600/lrc1_6_5/commiv/s1 rc=0 wall=46.645
instance,n_pairs,bks_veh,veh,bks_dist,dist,gap_pct,ms,dur,wait
lrc1_6_5,315,45,47,17463.923,16816.309,-3.71,45289,40445.999,17629.690
summary: 1 instances, mean dist gap -3.71%, vehicles win/tie/loss 0/0/1


==== pdptw/600/lrc1_6_5/vroom rc=0 wall=3.658
lrc1_6_5,16528779,18,3.5,veh=45,dur=38706068,wait=16357289


==== pdptw/600/lrc1_6_6/commiv/s1 rc=0 wall=45.863
instance,n_pairs,bks_veh,veh,bks_dist,dist,gap_pct,ms,dur,wait
lrc1_6_6,315,41,44,19025.358,17047.107,-10.40,45278,39842.276,16795.169
summary: 1 instances, mean dist gap -10.40%, vehicles win/tie/loss 0/0/1


==== pdptw/600/lrc1_6_6/vroom rc=0 wall=3.551
lrc1_6_6,16352955,28,3.4,veh=41,dur=37117865,wait=15044910


==== pdptw/600/lrc1_6_7/commiv/s1 rc=0 wall=46.694
instance,n_pairs,bks_veh,veh,bks_dist,dist,gap_pct,ms,dur,wait
lrc1_6_7,315,37,39,15914.850,15301.221,-3.86,45239,34709.925,13408.704
summary: 1 instances, mean dist gap -3.86%, vehicles win/tie/loss 0/0/1


==== pdptw/600/lrc1_6_7/vroom rc=0 wall=3.182
lrc1_6_7,15676245,28,3.0,veh=37,dur=33106329,wait=11700084


==== pdptw/600/lrc1_6_8/commiv/s1 rc=0 wall=46.174
instance,n_pairs,bks_veh,veh,bks_dist,dist,gap_pct,ms,dur,wait
lrc1_6_8,311,33,36,15317.622,14920.695,-2.59,45335,32266.132,11345.437
summary: 1 instances, mean dist gap -2.59%, vehicles win/tie/loss 0/0/1


==== pdptw/600/lrc1_6_8/vroom rc=0 wall=3.285
lrc1_6_8,15611418,34,3.1,veh=33,dur=30387609,wait=9096191


==== pdptw/600/lrc1_6_9/commiv/s1 rc=0 wall=46.755
instance,n_pairs,bks_veh,veh,bks_dist,dist,gap_pct,ms,dur,wait
lrc1_6_9,314,33,36,15344.630,14877.496,-3.04,45299,32305.397,11427.901
summary: 1 instances, mean dist gap -3.04%, vehicles win/tie/loss 0/0/1


==== pdptw/600/lrc1_6_9/vroom rc=0 wall=2.872
lrc1_6_9,14980982,32,2.7,veh=33,dur=30496948,wait=9835966


==== pdptw/600/lrc2_6_1/commiv/s1 rc=0 wall=46.225
instance,n_pairs,bks_veh,veh,bks_dist,dist,gap_pct,ms,dur,wait
lrc2_6_1,303,16,17,14578.926,13123.340,-9.98,45321,61775.341,42652.001
summary: 1 instances, mean dist gap -9.98%, vehicles win/tie/loss 0/0/1


==== pdptw/600/lrc2_6_1/vroom rc=0 wall=3.213
lrc2_6_1,15566803,8,3.1,veh=16,dur=58720921,wait=37234118


==== pdptw/600/lrc2_6_10/commiv/s1 rc=0 wall=47.735
instance,n_pairs,bks_veh,veh,bks_dist,dist,gap_pct,ms,dur,wait
lrc2_6_10,303,7,9,13054.479,11289.838,-13.52,45969,32724.496,15434.658
summary: 1 instances, mean dist gap -13.52%, vehicles win/tie/loss 0/0/1


==== pdptw/600/lrc2_6_10/vroom rc=0 wall=5.020
lrc2_6_10,13637436,48,4.9,veh=7,dur=27547753,wait=8390317


==== pdptw/600/lrc2_6_2/commiv/s1 rc=0 wall=46.395
instance,n_pairs,bks_veh,veh,bks_dist,dist,gap_pct,ms,dur,wait
lrc2_6_2,303,13,14,13850.213,13165.976,-4.94,45524,51152.861,31986.885
summary: 1 instances, mean dist gap -4.94%, vehicles win/tie/loss 0/0/1


==== pdptw/600/lrc2_6_2/vroom rc=0 wall=6.358
lrc2_6_2,13033008,24,6.2,veh=13,dur=46926104,wait=28133096


==== pdptw/600/lrc2_6_3/commiv/s1 rc=0 wall=46.633
instance,n_pairs,bks_veh,veh,bks_dist,dist,gap_pct,ms,dur,wait
lrc2_6_3,303,10,11,12432.901,13873.909,11.59,45776,42180.679,22306.770
summary: 1 instances, mean dist gap 11.59%, vehicles win/tie/loss 0/0/1


==== pdptw/600/lrc2_6_3/vroom rc=0 wall=7.301
lrc2_6_3,13141643,12,7.2,veh=10,dur=37775453,wait=18753810


==== pdptw/600/lrc2_6_4/commiv/s1 rc=0 wall=48.678
instance,n_pairs,bks_veh,veh,bks_dist,dist,gap_pct,ms,dur,wait
lrc2_6_4,302,7,8,9833.900,10302.329,4.76,46884,31049.327,14746.998
summary: 1 instances, mean dist gap 4.76%, vehicles win/tie/loss 0/0/1


==== pdptw/600/lrc2_6_4/vroom rc=0 wall=11.296
lrc2_6_4,12400724,10,11.1,veh=7,dur=27007761,wait=8707037


==== pdptw/600/lrc2_6_5/commiv/s1 rc=0 wall=46.263
instance,n_pairs,bks_veh,veh,bks_dist,dist,gap_pct,ms,dur,wait
lrc2_6_5,303,13,15,14380.364,12158.465,-15.45,45501,53848.323,35689.858
summary: 1 instances, mean dist gap -15.45%, vehicles win/tie/loss 0/0/1


==== pdptw/600/lrc2_6_5/vroom rc=0 wall=4.038
lrc2_6_5,15319482,14,3.9,veh=13,dur=47529566,wait=26350084


==== pdptw/600/lrc2_6_6/commiv/s1 rc=0 wall=47.139
instance,n_pairs,bks_veh,veh,bks_dist,dist,gap_pct,ms,dur,wait
lrc2_6_6,303,12,13,14962.082,12827.550,-14.27,45470,45024.691,26197.141
summary: 1 instances, mean dist gap -14.27%, vehicles win/tie/loss 0/0/1


==== pdptw/600/lrc2_6_6/vroom rc=0 wall=4.173
lrc2_6_6,14510456,18,4.0,veh=12,dur=44051282,wait=23720826


==== pdptw/600/lrc2_6_7/commiv/s1 rc=0 wall=46.464
instance,n_pairs,bks_veh,veh,bks_dist,dist,gap_pct,ms,dur,wait
lrc2_6_7,305,10,11,14094.258,11883.969,-15.68,45628,39328.528,21444.559
summary: 1 instances, mean dist gap -15.68%, vehicles win/tie/loss 0/0/1


==== pdptw/600/lrc2_6_7/vroom rc=0 wall=4.771
lrc2_6_7,14940737,20,4.6,veh=10,dur=34833107,wait=14092370


==== pdptw/600/lrc2_6_8/commiv/s1 rc=0 wall=46.405
instance,n_pairs,bks_veh,veh,bks_dist,dist,gap_pct,ms,dur,wait
lrc2_6_8,304,9,11,13179.566,11672.130,-11.44,45564,39480.488,21808.358
summary: 1 instances, mean dist gap -11.44%, vehicles win/tie/loss 0/0/1


==== pdptw/600/lrc2_6_8/vroom rc=0 wall=4.935
lrc2_6_8,13937171,28,4.8,veh=9,dur=34145622,wait=14488451


==== pdptw/600/lrc2_6_9/commiv/s1 rc=0 wall=46.470
instance,n_pairs,bks_veh,veh,bks_dist,dist,gap_pct,ms,dur,wait
lrc2_6_9,302,8,10,16309.770,11751.229,-27.95,45624,36400.548,18649.319
summary: 1 instances, mean dist gap -27.95%, vehicles win/tie/loss 0/0/1


==== pdptw/600/lrc2_6_9/vroom rc=0 wall=4.977
lrc2_6_9,15025369,42,4.8,veh=8,dur=31542569,wait=10937200


==== pdptw/800/lc1_8_1/commiv/s1 rc=0 wall=61.301
instance,n_pairs,bks_veh,veh,bks_dist,dist,gap_pct,ms,dur,wait
lc1_8_1,420,80,80,25184.336,25184.336,0.00,60442,97619.384,435.048
summary: 1 instances, mean dist gap 0.00%, vehicles win/tie/loss 0/1/0


==== pdptw/800/lc1_8_1/vroom rc=0 wall=6.851
lc1_8_1,25184336,0,6.6,veh=80,dur=97619384,wait=435048


==== pdptw/800/lc1_8_10/commiv/s1 rc=0 wall=62.118
instance,n_pairs,bks_veh,veh,bks_dist,dist,gap_pct,ms,dur,wait
lc1_8_10,419,68,71,27099.561,26360.035,-2.73,60474,98360.035,0.000
summary: 1 instances, mean dist gap -2.73%, vehicles win/tie/loss 0/0/1


==== pdptw/800/lc1_8_10/vroom rc=0 wall=11.371
lc1_8_10,26396304,46,11.1,veh=68,dur=94256304,wait=0


==== pdptw/800/lc1_8_2/commiv/s1 rc=0 wall=62.168
instance,n_pairs,bks_veh,veh,bks_dist,dist,gap_pct,ms,dur,wait
lc1_8_2,423,76,80,29735.819,25493.123,-14.27,60322,99717.349,2224.226
summary: 1 instances, mean dist gap -14.27%, vehicles win/tie/loss 0/0/1


==== pdptw/800/lc1_8_2/vroom rc=0 wall=11.626
lc1_8_2,25525948,16,11.4,veh=76,dur=98337513,wait=2251565


==== pdptw/800/lc1_8_3/commiv/s1 rc=0 wall=62.262
instance,n_pairs,bks_veh,veh,bks_dist,dist,gap_pct,ms,dur,wait
lc1_8_3,417,62,68,27287.769,25560.949,-6.33,60442,99761.362,2200.413
summary: 1 instances, mean dist gap -6.33%, vehicles win/tie/loss 0/0/1


==== pdptw/800/lc1_8_3/vroom rc=0 wall=12.842
lc1_8_3,26096703,36,12.6,veh=62,dur=96299622,wait=1442919


==== pdptw/800/lc1_8_4/commiv/s1 rc=0 wall=62.072
instance,n_pairs,bks_veh,veh,bks_dist,dist,gap_pct,ms,dur,wait
lc1_8_4,416,59,61,22686.055,23132.127,1.97,60430,96759.794,1627.667
summary: 1 instances, mean dist gap 1.97%, vehicles win/tie/loss 0/0/1


==== pdptw/800/lc1_8_4/vroom rc=0 wall=13.393
lc1_8_4,23740794,24,13.1,veh=59,dur=94870116,wait=1289322


==== pdptw/800/lc1_8_5/commiv/s1 rc=0 wall=61.201
instance,n_pairs,bks_veh,veh,bks_dist,dist,gap_pct,ms,dur,wait
lc1_8_5,421,80,80,25211.177,25225.596,0.06,60344,97399.517,173.921
summary: 1 instances, mean dist gap 0.06%, vehicles win/tie/loss 0/1/0


==== pdptw/800/lc1_8_5/vroom rc=0 wall=8.203
lc1_8_5,25211177,0,7.9,veh=80,dur=97385098,wait=173921


==== pdptw/800/lc1_8_6/commiv/s1 rc=0 wall=62.074
instance,n_pairs,bks_veh,veh,bks_dist,dist,gap_pct,ms,dur,wait
lc1_8_6,421,80,80,25164.208,25171.767,0.03,60361,97355.766,183.999
summary: 1 instances, mean dist gap 0.03%, vehicles win/tie/loss 0/1/0


==== pdptw/800/lc1_8_6/vroom rc=0 wall=9.134
lc1_8_6,25165704,0,8.9,veh=80,dur=97351097,wait=185393


==== pdptw/800/lc1_8_7/commiv/s1 rc=0 wall=62.048
instance,n_pairs,bks_veh,veh,bks_dist,dist,gap_pct,ms,dur,wait
lc1_8_7,420,80,80,25158.333,25161.948,0.01,60356,97510.320,348.372
summary: 1 instances, mean dist gap 0.01%, vehicles win/tie/loss 0/1/0


==== pdptw/800/lc1_8_7/vroom rc=0 wall=6.989
lc1_8_7,25158333,0,6.7,veh=80,dur=97506705,wait=348372


==== pdptw/800/lc1_8_8/commiv/s1 rc=0 wall=61.179
instance,n_pairs,bks_veh,veh,bks_dist,dist,gap_pct,ms,dur,wait
lc1_8_8,419,77,79,26688.139,25243.926,-5.41,60355,97243.926,0.000
summary: 1 instances, mean dist gap -5.41%, vehicles win/tie/loss 0/0/1


==== pdptw/800/lc1_8_8/vroom rc=0 wall=10.846
lc1_8_8,25818371,14,10.6,veh=77,dur=96675540,wait=27169


==== pdptw/800/lc1_8_9/commiv/s1 rc=0 wall=61.258
instance,n_pairs,bks_veh,veh,bks_dist,dist,gap_pct,ms,dur,wait
lc1_8_9,418,71,73,26975.578,25755.508,-4.52,60372,97921.312,165.804
summary: 1 instances, mean dist gap -4.52%, vehicles win/tie/loss 0/0/1


==== pdptw/800/lc1_8_9/vroom rc=0 wall=11.204
lc1_8_9,27205856,40,10.9,veh=71,dur=95622627,wait=16771


==== pdptw/800/lc2_8_1/commiv/s1 rc=0 wall=62.635
instance,n_pairs,bks_veh,veh,bks_dist,dist,gap_pct,ms,dur,wait
lc2_8_1,405,24,24,11687.039,11687.039,0.00,60902,83946.470,259.431
summary: 1 instances, mean dist gap 0.00%, vehicles win/tie/loss 0/1/0


==== pdptw/800/lc2_8_1/vroom rc=0 wall=5.444
lc2_8_1,11687039,0,5.2,veh=24,dur=83946470,wait=259431


==== pdptw/800/lc2_8_10/commiv/s1 rc=0 wall=62.460
instance,n_pairs,bks_veh,veh,bks_dist,dist,gap_pct,ms,dur,wait
lc2_8_10,406,23,24,12226.411,11673.442,-4.52,60644,84486.844,813.402
summary: 1 instances, mean dist gap -4.52%, vehicles win/tie/loss 0/0/1


==== pdptw/800/lc2_8_10/vroom rc=0 wall=7.152
lc2_8_10,13943338,42,6.9,veh=23,dur=82212279,wait=48941


==== pdptw/800/lc2_8_2/commiv/s1 rc=0 wall=62.568
instance,n_pairs,bks_veh,veh,bks_dist,dist,gap_pct,ms,dur,wait
lc2_8_2,408,24,25,13713.114,12705.338,-7.35,60780,88139.681,3434.343
summary: 1 instances, mean dist gap -7.35%, vehicles win/tie/loss 0/0/1


==== pdptw/800/lc2_8_2/vroom rc=0 wall=8.587
lc2_8_2,15070797,24,8.3,veh=24,dur=86707318,wait=1796521


==== pdptw/800/lc2_8_3/commiv/s1 rc=0 wall=62.790
instance,n_pairs,bks_veh,veh,bks_dist,dist,gap_pct,ms,dur,wait
lc2_8_3,407,24,24,12981.354,13771.907,6.09,60862,86844.148,1072.241
summary: 1 instances, mean dist gap 6.09%, vehicles win/tie/loss 0/1/0


==== pdptw/800/lc2_8_3/vroom rc=0 wall=10.745
lc2_8_3,16338988,2,10.5,veh=24,dur=88884133,wait=725145


==== pdptw/800/lc2_8_4/commiv/s1 rc=0 wall=62.973
instance,n_pairs,bks_veh,veh,bks_dist,dist,gap_pct,ms,dur,wait
lc2_8_4,407,23,24,12917.343,12403.950,-3.97,61006,87153.310,2749.360
summary: 1 instances, mean dist gap -3.97%, vehicles win/tie/loss 0/0/1


==== pdptw/800/lc2_8_4/vroom rc=0 wall=12.292
lc2_8_4,15028181,26,12.0,veh=23,dur=85808870,wait=1120689


==== pdptw/800/lc2_8_5/commiv/s1 rc=0 wall=63.191
instance,n_pairs,bks_veh,veh,bks_dist,dist,gap_pct,ms,dur,wait
lc2_8_5,405,25,25,12298.316,12334.033,0.29,61062,85810.783,1476.750
summary: 1 instances, mean dist gap 0.29%, vehicles win/tie/loss 0/1/0


==== pdptw/800/lc2_8_5/vroom rc=0 wall=6.785
lc2_8_5,12720641,6,6.5,veh=25,dur=85735130,wait=1554489


==== pdptw/800/lc2_8_6/commiv/s1 rc=0 wall=61.590
instance,n_pairs,bks_veh,veh,bks_dist,dist,gap_pct,ms,dur,wait
lc2_8_6,406,24,25,12645.697,12314.978,-2.62,60590,85568.458,1253.480
summary: 1 instances, mean dist gap -2.62%, vehicles win/tie/loss 0/0/1


==== pdptw/800/lc2_8_6/vroom rc=0 wall=6.789
lc2_8_6,13681570,18,6.5,veh=24,dur=84288443,wait=226873


==== pdptw/800/lc2_8_7/commiv/s1 rc=0 wall=61.674
instance,n_pairs,bks_veh,veh,bks_dist,dist,gap_pct,ms,dur,wait
lc2_8_7,408,24,25,14041.471,11923.847,-15.08,60677,85532.749,1608.902
summary: 1 instances, mean dist gap -15.08%, vehicles win/tie/loss 0/0/1


==== pdptw/800/lc2_8_7/vroom rc=0 wall=7.833
lc2_8_7,13279256,26,7.6,veh=24,dur=83728715,wait=789459


==== pdptw/800/lc2_8_8/commiv/s1 rc=0 wall=62.622
instance,n_pairs,bks_veh,veh,bks_dist,dist,gap_pct,ms,dur,wait
lc2_8_8,406,23,24,12924.089,11482.219,-11.16,60624,83993.997,511.778
summary: 1 instances, mean dist gap -11.16%, vehicles win/tie/loss 0/0/1


==== pdptw/800/lc2_8_8/vroom rc=0 wall=6.150
lc2_8_8,12152784,30,5.9,veh=23,dur=81605046,wait=152262


==== pdptw/800/lc2_8_9/commiv/s1 rc=0 wall=62.631
instance,n_pairs,bks_veh,veh,bks_dist,dist,gap_pct,ms,dur,wait
lc2_8_9,404,24,24,11629.402,11657.495,0.24,60636,84057.003,399.508
summary: 1 instances, mean dist gap 0.24%, vehicles win/tie/loss 0/1/0


==== pdptw/800/lc2_8_9/vroom rc=0 wall=6.772
lc2_8_9,12504028,10,6.5,veh=24,dur=83989022,wait=384994


==== pdptw/800/lr1_8_1/commiv/s1 rc=0 wall=62.266
instance,n_pairs,bks_veh,veh,bks_dist,dist,gap_pct,ms,dur,wait
lr1_8_1,421,80,80,39291.319,39614.907,0.82,60350,105718.712,58103.805
summary: 1 instances, mean dist gap 0.82%, vehicles win/tie/loss 0/1/0


==== pdptw/800/lr1_8_1/vroom rc=0 wall=11.530
lr1_8_1,42064434,0,11.3,veh=80,dur=104619583,wait=54555149


==== pdptw/800/lr1_8_10/commiv/s1 rc=0 wall=62.610
instance,n_pairs,bks_veh,veh,bks_dist,dist,gap_pct,ms,dur,wait
lr1_8_10,420,30,33,31091.085,28987.363,-6.77,60567,45282.244,8294.881
summary: 1 instances, mean dist gap -6.77%, vehicles win/tie/loss 0/0/1


==== pdptw/800/lr1_8_10/vroom rc=0 wall=7.169
lr1_8_10,29629992,68,6.9,veh=30,dur=41274311,wait=4324319


==== pdptw/800/lr1_8_2/commiv/s1 rc=0 wall=62.266
instance,n_pairs,bks_veh,veh,bks_dist,dist,gap_pct,ms,dur,wait
lr1_8_2,417,59,60,34071.201,34713.510,1.89,60475,80114.570,37401.060
summary: 1 instances, mean dist gap 1.89%, vehicles win/tie/loss 0/0/1


==== pdptw/800/lr1_8_2/vroom rc=0 wall=12.995
lr1_8_2,42361307,2,12.7,veh=59,dur=79497772,wait=29146465


==== pdptw/800/lr1_8_3/commiv/s1 rc=0 wall=62.685
instance,n_pairs,bks_veh,veh,bks_dist,dist,gap_pct,ms,dur,wait
lr1_8_3,418,44,45,29223.114,30179.834,3.27,60565,62111.158,23931.324
summary: 1 instances, mean dist gap 3.27%, vehicles win/tie/loss 0/0/1


==== pdptw/800/lr1_8_3/vroom rc=0 wall=17.973
lr1_8_3,31281196,6,17.7,veh=44,dur=59759448,wait=20538252


==== pdptw/800/lr1_8_4/commiv/s1 rc=0 wall=63.064
instance,n_pairs,bks_veh,veh,bks_dist,dist,gap_pct,ms,dur,wait
lr1_8_4,417,25,28,20675.683,21060.299,1.86,60992,39504.637,10444.338
summary: 1 instances, mean dist gap 1.86%, vehicles win/tie/loss 0/0/1


==== pdptw/800/lr1_8_4/vroom rc=0 wall=19.483
lr1_8_4,23952637,8,19.2,veh=25,dur=37810084,wait=5937447


==== pdptw/800/lr1_8_5/commiv/s1 rc=0 wall=62.466
instance,n_pairs,bks_veh,veh,bks_dist,dist,gap_pct,ms,dur,wait
lr1_8_5,419,48,54,39809.691,37479.462,-5.85,60433,73849.760,28370.298
summary: 1 instances, mean dist gap -5.85%, vehicles win/tie/loss 0/0/1


==== pdptw/800/lr1_8_5/vroom rc=0 wall=8.406
lr1_8_5,39056351,48,8.1,veh=48,dur=67132264,wait=20555913


==== pdptw/800/lr1_8_6/commiv/s1 rc=0 wall=62.570
instance,n_pairs,bks_veh,veh,bks_dist,dist,gap_pct,ms,dur,wait
lr1_8_6,420,38,44,36244.900,33193.490,-8.42,60537,60430.902,19237.412
summary: 1 instances, mean dist gap -8.42%, vehicles win/tie/loss 0/0/1


==== pdptw/800/lr1_8_6/vroom rc=0 wall=12.660
lr1_8_6,33085488,50,12.4,veh=38,dur=54550267,wait=13954779


==== pdptw/800/lr1_8_7/commiv/s1 rc=0 wall=61.919
instance,n_pairs,bks_veh,veh,bks_dist,dist,gap_pct,ms,dur,wait
lr1_8_7,416,30,34,27078.111,26911.692,-0.61,60956,47660.967,12749.275
summary: 1 instances, mean dist gap -0.61%, vehicles win/tie/loss 0/0/1


==== pdptw/800/lr1_8_7/vroom rc=0 wall=16.249
lr1_8_7,27104270,36,16.0,veh=30,dur=43703180,wait=8958910


==== pdptw/800/lr1_8_8/commiv/s1 rc=0 wall=63.192
instance,n_pairs,bks_veh,veh,bks_dist,dist,gap_pct,ms,dur,wait
lr1_8_8,419,19,24,20705.455,19542.472,-5.62,61200,33482.427,5939.955
summary: 1 instances, mean dist gap -5.62%, vehicles win/tie/loss 0/0/1


==== pdptw/800/lr1_8_8/vroom rc=0 wall=19.079
lr1_8_8,18977570,46,18.8,veh=19,dur=30075066,wait=3557496


==== pdptw/800/lr1_8_9/commiv/s1 rc=0 wall=62.699
instance,n_pairs,bks_veh,veh,bks_dist,dist,gap_pct,ms,dur,wait
lr1_8_9,417,39,43,38499.005,36902.054,-4.15,60520,58899.233,13997.179
summary: 1 instances, mean dist gap -4.15%, vehicles win/tie/loss 0/0/1


==== pdptw/800/lr1_8_9/vroom rc=0 wall=7.995
lr1_8_9,34524977,54,7.7,veh=39,dur=54290402,wait=12305425


==== pdptw/800/lr2_8_1/commiv/s1 rc=0 wall=63.300
instance,n_pairs,bks_veh,veh,bks_dist,dist,gap_pct,ms,dur,wait
lr2_8_1,405,14,16,41873.132,29963.999,-28.44,61262,86823.395,48859.396
summary: 1 instances, mean dist gap -28.44%, vehicles win/tie/loss 0/0/1


==== pdptw/800/lr2_8_1/vroom rc=0 wall=7.698
lr2_8_1,39170460,46,7.5,veh=14,dur=78466175,wait=31755715


==== pdptw/800/lr2_8_10/commiv/s1 rc=0 wall=63.150
instance,n_pairs,bks_veh,veh,bks_dist,dist,gap_pct,ms,dur,wait
lr2_8_10,405,8,9,30136.870,29483.836,-2.17,62115,49178.328,11694.492
summary: 1 instances, mean dist gap -2.17%, vehicles win/tie/loss 0/0/1


==== pdptw/800/lr2_8_10/vroom rc=0 wall=9.864
lr2_8_10,29834559,64,9.6,veh=8,dur=45487459,wait=8292900


==== pdptw/800/lr2_8_2/commiv/s1 rc=0 wall=64.177
instance,n_pairs,bks_veh,veh,bks_dist,dist,gap_pct,ms,dur,wait
lr2_8_2,404,11,13,36549.710,32096.403,-12.18,62106,71614.326,31517.923
summary: 1 instances, mean dist gap -12.18%, vehicles win/tie/loss 0/0/1


==== pdptw/800/lr2_8_2/vroom rc=0 wall=11.387
lr2_8_2,33935539,50,11.1,veh=11,dur=61799418,wait=20363879


==== pdptw/800/lr2_8_3/commiv/s1 rc=0 wall=65.383
instance,n_pairs,bks_veh,veh,bks_dist,dist,gap_pct,ms,dur,wait
lr2_8_3,404,9,11,26391.086,24892.535,-5.68,63289,60844.058,27951.523
summary: 1 instances, mean dist gap -5.68%, vehicles win/tie/loss 0/0/1


==== pdptw/800/lr2_8_3/vroom rc=0 wall=20.242
lr2_8_3,28481150,26,20.0,veh=9,dur=51453712,wait=15232562


==== pdptw/800/lr2_8_4/commiv/s1 rc=0 wall=68.592
instance,n_pairs,bks_veh,veh,bks_dist,dist,gap_pct,ms,dur,wait
lr2_8_4,405,6,7,20618.037,23034.945,11.72,66507,39073.497,8038.552
summary: 1 instances, mean dist gap 11.72%, vehicles win/tie/loss 0/0/1


==== pdptw/800/lr2_8_4/vroom rc=0 wall=25.975
lr2_8_4,21636214,18,25.7,veh=6,dur=35763678,wait=6307464


==== pdptw/800/lr2_8_5/commiv/s1 rc=0 wall=63.326
instance,n_pairs,bks_veh,veh,bks_dist,dist,gap_pct,ms,dur,wait
lr2_8_5,403,11,12,34816.501,35942.905,3.24,61257,65654.940,21712.035
summary: 1 instances, mean dist gap 3.24%, vehicles win/tie/loss 0/0/1


==== pdptw/800/lr2_8_5/vroom rc=0 wall=7.263
lr2_8_5,37780682,36,7.0,veh=11,dur=60326682,wait=14906000


==== pdptw/800/lr2_8_6/commiv/s1 rc=0 wall=64.142
instance,n_pairs,bks_veh,veh,bks_dist,dist,gap_pct,ms,dur,wait
lr2_8_6,403,9,10,28814.667,29334.259,1.80,62208,54786.832,17452.573
summary: 1 instances, mean dist gap 1.80%, vehicles win/tie/loss 0/0/1


==== pdptw/800/lr2_8_6/vroom rc=0 wall=14.170
lr2_8_6,32445339,34,13.9,veh=9,dur=50117425,wait=10012086


==== pdptw/800/lr2_8_7/commiv/s1 rc=0 wall=65.898
instance,n_pairs,bks_veh,veh,bks_dist,dist,gap_pct,ms,dur,wait
lr2_8_7,404,7,9,25502.413,24384.220,-4.38,63907,48880.637,16496.417
summary: 1 instances, mean dist gap -4.38%, vehicles win/tie/loss 0/0/1


==== pdptw/800/lr2_8_7/vroom rc=0 wall=18.549
lr2_8_7,26110447,44,18.3,veh=7,dur=41147246,wait=7476799


==== pdptw/800/lr2_8_8/commiv/s1 rc=0 wall=76.328
instance,n_pairs,bks_veh,veh,bks_dist,dist,gap_pct,ms,dur,wait
lr2_8_8,403,5,6,18327.230,19524.446,6.53,73334,33097.330,5572.884
summary: 1 instances, mean dist gap 6.53%, vehicles win/tie/loss 0/0/1


==== pdptw/800/lr2_8_8/vroom rc=0 wall=31.014
lr2_8_8,20623428,24,30.8,veh=5,dur=31205334,wait=2821906


==== pdptw/800/lr2_8_9/commiv/s1 rc=0 wall=63.142
instance,n_pairs,bks_veh,veh,bks_dist,dist,gap_pct,ms,dur,wait
lr2_8_9,403,10,11,30515.494,28640.307,-6.15,61872,58611.400,21971.093
summary: 1 instances, mean dist gap -6.15%, vehicles win/tie/loss 0/0/1


==== pdptw/800/lr2_8_9/vroom rc=0 wall=8.027
lr2_8_9,32172476,24,7.8,veh=10,dur=54743347,wait=14810871


==== pdptw/800/lrc1_8_1/commiv/s1 rc=0 wall=62.375
instance,n_pairs,bks_veh,veh,bks_dist,dist,gap_pct,ms,dur,wait
lrc1_8_1,411,66,67,32252.263,32341.675,0.28,60347,77666.657,37324.982
summary: 1 instances, mean dist gap 0.28%, vehicles win/tie/loss 0/0/1


==== pdptw/800/lrc1_8_1/vroom rc=0 wall=9.260
lrc1_8_1,32762333,14,9.0,veh=66,dur=77516315,wait=36893982


==== pdptw/800/lrc1_8_10/commiv/s1 rc=0 wall=62.435
instance,n_pairs,bks_veh,veh,bks_dist,dist,gap_pct,ms,dur,wait
lrc1_8_10,420,39,43,24622.576,23731.549,-3.62,60422,51102.924,19371.375
summary: 1 instances, mean dist gap -3.62%, vehicles win/tie/loss 0/0/1


==== pdptw/800/lrc1_8_10/vroom rc=0 wall=7.351
lrc1_8_10,23884284,48,7.1,veh=39,dur=47070880,wait=15656596


==== pdptw/800/lrc1_8_2/commiv/s1 rc=0 wall=62.393
instance,n_pairs,bks_veh,veh,bks_dist,dist,gap_pct,ms,dur,wait
lrc1_8_2,415,56,58,27878.865,28044.746,0.60,60439,68931.717,32886.971
summary: 1 instances, mean dist gap 0.60%, vehicles win/tie/loss 0/0/1


==== pdptw/800/lrc1_8_2/vroom rc=0 wall=12.100
lrc1_8_2,28272361,16,11.8,veh=56,dur=67703621,wait=31591260


==== pdptw/800/lrc1_8_3/commiv/s1 rc=0 wall=61.516
instance,n_pairs,bks_veh,veh,bks_dist,dist,gap_pct,ms,dur,wait
lrc1_8_3,421,48,50,24371.942,24526.544,0.63,60517,58079.252,25552.708
summary: 1 instances, mean dist gap 0.63%, vehicles win/tie/loss 0/0/1


==== pdptw/800/lrc1_8_3/vroom rc=0 wall=14.987
lrc1_8_3,25189900,14,13.7,veh=48,dur=55471485,wait=22421585


==== pdptw/800/lrc1_8_4/commiv/s1 rc=0 wall=62.872
instance,n_pairs,bks_veh,veh,bks_dist,dist,gap_pct,ms,dur,wait
lrc1_8_4,418,34,35,18208.499,18372.865,0.90,60887,39900.442,13527.577
summary: 1 instances, mean dist gap 0.90%, vehicles win/tie/loss 0/0/1


==== pdptw/800/lrc1_8_4/vroom rc=0 wall=15.353
lrc1_8_4,20875427,8,15.1,veh=34,dur=42305785,wait=13510358


==== pdptw/800/lrc1_8_5/commiv/s1 rc=0 wall=62.526
instance,n_pairs,bks_veh,veh,bks_dist,dist,gap_pct,ms,dur,wait
lrc1_8_5,418,58,61,31169.145,31074.700,-0.30,60526,73779.515,34704.815
summary: 1 instances, mean dist gap -0.30%, vehicles win/tie/loss 0/0/1


==== pdptw/800/lrc1_8_5/vroom rc=0 wall=8.661
lrc1_8_5,30578336,34,8.4,veh=58,dur=67944351,wait=29696015


==== pdptw/800/lrc1_8_6/commiv/s1 rc=0 wall=62.819
instance,n_pairs,bks_veh,veh,bks_dist,dist,gap_pct,ms,dur,wait
lrc1_8_6,422,54,58,28961.637,28403.045,-1.93,60581,69873.791,33470.746
summary: 1 instances, mean dist gap -1.93%, vehicles win/tie/loss 0/0/1


==== pdptw/800/lrc1_8_6/vroom rc=0 wall=9.961
lrc1_8_6,28398668,32,9.7,veh=54,dur=65960405,wait=29881737


==== pdptw/800/lrc1_8_7/commiv/s1 rc=0 wall=61.479
instance,n_pairs,bks_veh,veh,bks_dist,dist,gap_pct,ms,dur,wait
lrc1_8_7,415,50,53,28768.382,27969.161,-2.78,60438,63180.371,27211.210
summary: 1 instances, mean dist gap -2.78%, vehicles win/tie/loss 0/0/1


==== pdptw/800/lrc1_8_7/vroom rc=0 wall=8.966
lrc1_8_7,28056439,28,8.7,veh=50,dur=60219305,wait=24442866


==== pdptw/800/lrc1_8_8/commiv/s1 rc=0 wall=62.458
instance,n_pairs,bks_veh,veh,bks_dist,dist,gap_pct,ms,dur,wait
lrc1_8_8,422,44,49,26902.913,26109.465,-2.95,60385,59336.748,25227.283
summary: 1 instances, mean dist gap -2.95%, vehicles win/tie/loss 0/0/1


==== pdptw/800/lrc1_8_8/vroom rc=0 wall=7.611
lrc1_8_8,26486225,40,7.3,veh=44,dur=53731970,wait=19645745


==== pdptw/800/lrc1_8_9/commiv/s1 rc=0 wall=62.495
instance,n_pairs,bks_veh,veh,bks_dist,dist,gap_pct,ms,dur,wait
lrc1_8_9,418,44,47,24854.955,25210.248,1.43,60422,57519.185,24308.937
summary: 1 instances, mean dist gap 1.43%, vehicles win/tie/loss 0/0/1


==== pdptw/800/lrc1_8_9/vroom rc=0 wall=7.511
lrc1_8_9,25443080,40,7.2,veh=44,dur=53113901,wait=20070821


==== pdptw/800/lrc2_8_1/commiv/s1 rc=0 wall=62.849
instance,n_pairs,bks_veh,veh,bks_dist,dist,gap_pct,ms,dur,wait
lrc2_8_1,406,20,21,23074.195,21463.371,-6.98,60774,100278.364,70814.993
summary: 1 instances, mean dist gap -6.98%, vehicles win/tie/loss 0/0/1


==== pdptw/800/lrc2_8_1/vroom rc=0 wall=8.658
lrc2_8_1,22411247,14,8.4,veh=20,dur=97397566,wait=67126319


==== pdptw/800/lrc2_8_10/commiv/s1 rc=0 wall=63.162
instance,n_pairs,bks_veh,veh,bks_dist,dist,gap_pct,ms,dur,wait
lrc2_8_10,404,9,11,19604.107,17415.270,-11.17,61129,54549.369,29134.099
summary: 1 instances, mean dist gap -11.17%, vehicles win/tie/loss 0/0/1


==== pdptw/800/lrc2_8_10/vroom rc=0 wall=10.316
lrc2_8_10,20821861,46,10.1,veh=9,dur=45881829,wait=17519968


==== pdptw/800/lrc2_8_2/commiv/s1 rc=0 wall=63.197
instance,n_pairs,bks_veh,veh,bks_dist,dist,gap_pct,ms,dur,wait
lrc2_8_2,405,17,19,22220.933,21694.560,-2.37,61103,90725.484,61030.924
summary: 1 instances, mean dist gap -2.37%, vehicles win/tie/loss 0/0/1


==== pdptw/800/lrc2_8_2/vroom rc=0 wall=12.291
lrc2_8_2,23824987,22,12.0,veh=17,dur=85463753,wait=53858766


==== pdptw/800/lrc2_8_3/commiv/s1 rc=0 wall=63.499
instance,n_pairs,bks_veh,veh,bks_dist,dist,gap_pct,ms,dur,wait
lrc2_8_3,404,14,17,20379.253,15553.246,-23.68,61557,75945.236,52391.990
summary: 1 instances, mean dist gap -23.68%, vehicles win/tie/loss 0/0/1


==== pdptw/800/lrc2_8_3/vroom rc=0 wall=19.645
lrc2_8_3,19640956,24,19.4,veh=14,dur=66094817,wait=38693861


==== pdptw/800/lrc2_8_4/commiv/s1 rc=0 wall=65.591
instance,n_pairs,bks_veh,veh,bks_dist,dist,gap_pct,ms,dur,wait
lrc2_8_4,404,11,12,14711.787,14092.836,-4.21,63445,52802.071,30709.235
summary: 1 instances, mean dist gap -4.21%, vehicles win/tie/loss 0/0/1


==== pdptw/800/lrc2_8_4/vroom rc=0 wall=29.719
lrc2_8_4,18137654,8,29.5,veh=11,dur=49046183,wait=22988529


==== pdptw/800/lrc2_8_5/commiv/s1 rc=0 wall=63.032
instance,n_pairs,bks_veh,veh,bks_dist,dist,gap_pct,ms,dur,wait
lrc2_8_5,405,16,18,23602.426,20397.065,-13.58,60920,86087.455,57690.390
summary: 1 instances, mean dist gap -13.58%, vehicles win/tie/loss 0/0/1


==== pdptw/800/lrc2_8_5/vroom rc=0 wall=8.597
lrc2_8_5,22603526,30,8.3,veh=16,dur=78584210,wait=48280684


==== pdptw/800/lrc2_8_6/commiv/s1 rc=0 wall=62.867
instance,n_pairs,bks_veh,veh,bks_dist,dist,gap_pct,ms,dur,wait
lrc2_8_6,402,15,16,22591.244,21675.024,-4.06,60779,75153.812,45478.788
summary: 1 instances, mean dist gap -4.06%, vehicles win/tie/loss 0/0/1


==== pdptw/800/lrc2_8_6/vroom rc=0 wall=8.991
lrc2_8_6,23002621,26,8.7,veh=15,dur=73527666,wait=42785045


==== pdptw/800/lrc2_8_7/commiv/s1 rc=0 wall=62.977
instance,n_pairs,bks_veh,veh,bks_dist,dist,gap_pct,ms,dur,wait
lrc2_8_7,401,13,15,25436.778,20659.757,-18.78,60925,71758.067,43098.310
summary: 1 instances, mean dist gap -18.78%, vehicles win/tie/loss 0/0/1


==== pdptw/800/lrc2_8_7/vroom rc=0 wall=8.929
lrc2_8_7,24933566,42,8.7,veh=13,dur=64138374,wait=31624808


==== pdptw/800/lrc2_8_8/commiv/s1 rc=0 wall=63.011
instance,n_pairs,bks_veh,veh,bks_dist,dist,gap_pct,ms,dur,wait
lrc2_8_8,403,11,13,22604.345,19919.575,-11.88,60905,61762.880,33843.305
summary: 1 instances, mean dist gap -11.88%, vehicles win/tie/loss 0/0/1


==== pdptw/800/lrc2_8_8/vroom rc=0 wall=9.678
lrc2_8_8,21870920,44,9.4,veh=11,dur=54316007,wait=24885087


==== pdptw/800/lrc2_8_9/commiv/s1 rc=0 wall=62.948
instance,n_pairs,bks_veh,veh,bks_dist,dist,gap_pct,ms,dur,wait
lrc2_8_9,403,10,13,22594.673,18801.363,-16.79,60902,61797.381,34996.018
summary: 1 instances, mean dist gap -16.79%, vehicles win/tie/loss 0/0/1


==== pdptw/800/lrc2_8_9/vroom rc=0 wall=9.190
lrc2_8_9,22144837,54,8.9,veh=10,dur=50099714,wait=20494877


==== pdptw/1000/lc1_10_1/commiv/s1 rc=0 wall=93.791
instance,n_pairs,bks_veh,veh,bks_dist,dist,gap_pct,ms,dur,wait
lc1_10_1,527,100,100,42488.614,42489.266,0.00,90736,133793.207,1303.941
summary: 1 instances, mean dist gap 0.00%, vehicles win/tie/loss 0/1/0


==== pdptw/1000/lc1_10_1/vroom rc=0 wall=12.647
lc1_10_1,42488614,0,12.2,veh=100,dur=133704431,wait=1215817


==== pdptw/1000/lc1_10_10/commiv/s1 rc=0 wall=92.522
instance,n_pairs,bks_veh,veh,bks_dist,dist,gap_pct,ms,dur,wait
lc1_10_10,523,86,90,42929.114,42215.817,-1.66,90633,132264.734,48.917
summary: 1 instances, mean dist gap -1.66%, vehicles win/tie/loss 0/0/1


==== pdptw/1000/lc1_10_10/vroom rc=0 wall=21.767
lc1_10_10,43477967,54,21.3,veh=86,dur=128617967,wait=0


==== pdptw/1000/lc1_10_2/commiv/s1 rc=0 wall=93.524
instance,n_pairs,bks_veh,veh,bks_dist,dist,gap_pct,ms,dur,wait
lc1_10_2,523,94,97,44548.486,42990.036,-3.50,90557,136165.131,3175.095
summary: 1 instances, mean dist gap -3.50%, vehicles win/tie/loss 0/0/1


==== pdptw/1000/lc1_10_2/vroom rc=0 wall=23.299
lc1_10_2,43512934,24,22.9,veh=94,dur=134668305,wait=3315371


==== pdptw/1000/lc1_10_3/commiv/s1 rc=0 wall=92.707
instance,n_pairs,bks_veh,veh,bks_dist,dist,gap_pct,ms,dur,wait
lc1_10_3,524,78,87,45906.285,42070.619,-8.36,90590,135318.934,3248.315
summary: 1 instances, mean dist gap -8.36%, vehicles win/tie/loss 0/0/1


==== pdptw/1000/lc1_10_3/vroom rc=0 wall=32.432
lc1_10_3,44967172,44,32.0,veh=78,dur=132940825,wait=1843653


==== pdptw/1000/lc1_10_4/commiv/s1 rc=0 wall=93.815
instance,n_pairs,bks_veh,veh,bks_dist,dist,gap_pct,ms,dur,wait
lc1_10_4,519,72,75,37782.147,38124.584,0.91,90648,129420.673,1296.089
summary: 1 instances, mean dist gap 0.91%, vehicles win/tie/loss 0/0/1


==== pdptw/1000/lc1_10_4/vroom rc=0 wall=25.792
lc1_10_4,39537902,40,25.4,veh=72,dur=127017223,wait=989321


==== pdptw/1000/lc1_10_5/commiv/s1 rc=0 wall=93.483
instance,n_pairs,bks_veh,veh,bks_dist,dist,gap_pct,ms,dur,wait
lc1_10_5,529,100,100,42477.373,42547.208,0.16,90486,132929.309,382.101
summary: 1 instances, mean dist gap 0.16%, vehicles win/tie/loss 0/1/0


==== pdptw/1000/lc1_10_5/vroom rc=0 wall=13.793
lc1_10_5,42477373,0,13.4,veh=100,dur=133077604,wait=600231


==== pdptw/1000/lc1_10_6/commiv/s1 rc=0 wall=93.537
instance,n_pairs,bks_veh,veh,bks_dist,dist,gap_pct,ms,dur,wait
lc1_10_6,527,101,101,42838.350,42838.350,0.00,90531,133774.913,936.563
summary: 1 instances, mean dist gap 0.00%, vehicles win/tie/loss 0/1/0


==== pdptw/1000/lc1_10_6/vroom rc=0 wall=19.105
lc1_10_6,43197928,4,18.7,veh=101,dur=133626904,wait=788976


==== pdptw/1000/lc1_10_7/commiv/s1 rc=0 wall=93.636
instance,n_pairs,bks_veh,veh,bks_dist,dist,gap_pct,ms,dur,wait
lc1_10_7,526,100,100,42854.943,42864.549,0.02,90597,133181.829,317.280
summary: 1 instances, mean dist gap 0.02%, vehicles win/tie/loss 0/1/0


==== pdptw/1000/lc1_10_7/vroom rc=0 wall=21.325
lc1_10_7,42854943,0,20.9,veh=100,dur=133297246,wait=442303


==== pdptw/1000/lc1_10_8/commiv/s1 rc=0 wall=93.926
instance,n_pairs,bks_veh,veh,bks_dist,dist,gap_pct,ms,dur,wait
lc1_10_8,526,98,99,42949.526,42734.377,-0.50,90686,132981.982,247.605
summary: 1 instances, mean dist gap -0.50%, vehicles win/tie/loss 0/0/1


==== pdptw/1000/lc1_10_8/vroom rc=0 wall=21.701
lc1_10_8,44171735,14,21.3,veh=98,dur=133169135,wait=257400


==== pdptw/1000/lc1_10_9/commiv/s1 rc=0 wall=93.616
instance,n_pairs,bks_veh,veh,bks_dist,dist,gap_pct,ms,dur,wait
lc1_10_9,523,90,93,43563.972,42349.691,-2.79,90462,132357.277,7.586
summary: 1 instances, mean dist gap -2.79%, vehicles win/tie/loss 0/0/1


==== pdptw/1000/lc1_10_9/vroom rc=0 wall=23.272
lc1_10_9,43768051,46,22.9,veh=90,dur=129739038,wait=110987


==== pdptw/1000/lc2_10_1/commiv/s1 rc=0 wall=94.280
instance,n_pairs,bks_veh,veh,bks_dist,dist,gap_pct,ms,dur,wait
lc2_10_1,507,30,30,16879.220,16879.220,0.00,91152,106879.220,0.000
summary: 1 instances, mean dist gap 0.00%, vehicles win/tie/loss 0/1/0


==== pdptw/1000/lc2_10_1/vroom rc=0 wall=13.473
lc2_10_1,16879220,0,13.1,veh=30,dur=106879220,wait=0


==== pdptw/1000/lc2_10_10/commiv/s1 rc=0 wall=94.349
instance,n_pairs,bks_veh,veh,bks_dist,dist,gap_pct,ms,dur,wait
lc2_10_10,504,29,29,17043.624,17531.874,2.86,91193,107531.874,0.000
summary: 1 instances, mean dist gap 2.86%, vehicles win/tie/loss 0/1/0


==== pdptw/1000/lc2_10_10/vroom rc=0 wall=13.362
lc2_10_10,20163745,46,13.0,veh=29,dur=106165063,wait=51318


==== pdptw/1000/lc2_10_2/commiv/s1 rc=0 wall=94.318
instance,n_pairs,bks_veh,veh,bks_dist,dist,gap_pct,ms,dur,wait
lc2_10_2,508,30,32,20764.082,17608.768,-15.20,91216,112066.156,4457.388
summary: 1 instances, mean dist gap -15.20%, vehicles win/tie/loss 0/0/1


==== pdptw/1000/lc2_10_2/vroom rc=0 wall=17.937
lc2_10_2,20249613,26,17.6,veh=30,dur=109384589,wait=1474976


==== pdptw/1000/lc2_10_3/commiv/s1 rc=0 wall=93.494
instance,n_pairs,bks_veh,veh,bks_dist,dist,gap_pct,ms,dur,wait
lc2_10_3,508,29,30,19299.458,18685.085,-3.18,91352,111193.508,2508.423
summary: 1 instances, mean dist gap -3.18%, vehicles win/tie/loss 0/0/1


==== pdptw/1000/lc2_10_3/vroom rc=0 wall=23.155
lc2_10_3,21127370,38,22.8,veh=29,dur=109821609,wait=2114239


==== pdptw/1000/lc2_10_4/commiv/s1 rc=0 wall=94.864
instance,n_pairs,bks_veh,veh,bks_dist,dist,gap_pct,ms,dur,wait
lc2_10_4,509,29,29,17886.950,18266.752,2.12,91593,110816.678,2549.926
summary: 1 instances, mean dist gap 2.12%, vehicles win/tie/loss 0/1/0


==== pdptw/1000/lc2_10_4/vroom rc=0 wall=23.832
lc2_10_4,22181961,32,23.5,veh=29,dur=110775544,wait=1473583


==== pdptw/1000/lc2_10_5/commiv/s1 rc=0 wall=93.363
instance,n_pairs,bks_veh,veh,bks_dist,dist,gap_pct,ms,dur,wait
lc2_10_5,507,31,31,17137.501,17142.213,0.03,90993,108716.448,1574.235
summary: 1 instances, mean dist gap 0.03%, vehicles win/tie/loss 0/1/0


==== pdptw/1000/lc2_10_5/vroom rc=0 wall=13.562
lc2_10_5,18715292,8,13.2,veh=31,dur=108524009,wait=528717


==== pdptw/1000/lc2_10_6/commiv/s1 rc=0 wall=94.239
instance,n_pairs,bks_veh,veh,bks_dist,dist,gap_pct,ms,dur,wait
lc2_10_6,509,30,31,19387.730,17224.484,-11.16,90923,108938.708,1714.224
summary: 1 instances, mean dist gap -11.16%, vehicles win/tie/loss 0/0/1


==== pdptw/1000/lc2_10_6/vroom rc=0 wall=11.537
lc2_10_6,17919503,30,11.2,veh=30,dur=105466245,wait=246742


==== pdptw/1000/lc2_10_7/commiv/s1 rc=0 wall=94.191
instance,n_pairs,bks_veh,veh,bks_dist,dist,gap_pct,ms,dur,wait
lc2_10_7,509,31,32,18389.339,17739.994,-3.53,90864,110466.112,2726.118
summary: 1 instances, mean dist gap -3.53%, vehicles win/tie/loss 0/0/1


==== pdptw/1000/lc2_10_7/vroom rc=0 wall=13.897
lc2_10_7,19409096,22,13.5,veh=31,dur=108810621,wait=1381525


==== pdptw/1000/lc2_10_8/commiv/s1 rc=0 wall=94.332
instance,n_pairs,bks_veh,veh,bks_dist,dist,gap_pct,ms,dur,wait
lc2_10_8,507,30,30,17015.000,17051.217,0.21,91002,107534.541,483.324
summary: 1 instances, mean dist gap 0.21%, vehicles win/tie/loss 0/1/0


==== pdptw/1000/lc2_10_8/vroom rc=0 wall=11.873
lc2_10_8,20381656,30,11.5,veh=30,dur=107740135,wait=58479


==== pdptw/1000/lc2_10_9/commiv/s1 rc=0 wall=94.233
instance,n_pairs,bks_veh,veh,bks_dist,dist,gap_pct,ms,dur,wait
lc2_10_9,511,30,31,18225.263,17699.190,-2.89,90961,108446.783,747.593
summary: 1 instances, mean dist gap -2.89%, vehicles win/tie/loss 0/0/1


==== pdptw/1000/lc2_10_9/vroom rc=0 wall=13.796
lc2_10_9,19950635,40,13.4,veh=30,dur=107227894,wait=787259


==== pdptw/1000/lr1_10_1/commiv/s1 rc=0 wall=93.755
instance,n_pairs,bks_veh,veh,bks_dist,dist,gap_pct,ms,dur,wait
lr1_10_1,527,100,100,56744.916,57185.449,0.78,90559,154790.714,87605.265
summary: 1 instances, mean dist gap 0.78%, vehicles win/tie/loss 0/1/0


==== pdptw/1000/lr1_10_1/vroom rc=0 wall=26.004
lr1_10_1,60103914,0,25.6,veh=100,dur=157273701,wait=87169787


==== pdptw/1000/lr1_10_10/commiv/s1 rc=0 wall=94.122
instance,n_pairs,bks_veh,veh,bks_dist,dist,gap_pct,ms,dur,wait
lr1_10_10,519,38,42,45510.709,43327.194,-4.80,90882,69391.493,16064.299
summary: 1 instances, mean dist gap -4.80%, vehicles win/tie/loss 0/0/1


==== pdptw/1000/lr1_10_10/vroom rc=0 wall=16.757
lr1_10_10,44190409,72,16.4,veh=38,dur=63062356,wait=9581947


==== pdptw/1000/lr1_10_2/commiv/s1 rc=0 wall=93.872
instance,n_pairs,bks_veh,veh,bks_dist,dist,gap_pct,ms,dur,wait
lr1_10_2,520,80,80,49349.845,50086.802,1.49,90634,126848.097,66761.295
summary: 1 instances, mean dist gap 1.49%, vehicles win/tie/loss 0/1/0


==== pdptw/1000/lr1_10_2/vroom rc=0 wall=30.826
lr1_10_2,52447708,0,30.4,veh=80,dur=126768501,wait=64320793


==== pdptw/1000/lr1_10_3/commiv/s1 rc=0 wall=94.091
instance,n_pairs,bks_veh,veh,bks_dist,dist,gap_pct,ms,dur,wait
lr1_10_3,523,54,54,41483.892,43800.251,5.58,90901,88708.976,34908.725
summary: 1 instances, mean dist gap 5.58%, vehicles win/tie/loss 0/1/0


==== pdptw/1000/lr1_10_3/vroom rc=0 wall=36.627
lr1_10_3,48147787,2,36.2,veh=54,dur=89072797,wait=30945010


==== pdptw/1000/lr1_10_4/commiv/s1 rc=0 wall=91.746
instance,n_pairs,bks_veh,veh,bks_dist,dist,gap_pct,ms,dur,wait
lr1_10_4,519,27,32,30788.115,31446.166,2.14,91727,53605.459,12159.293
summary: 1 instances, mean dist gap 2.14%, vehicles win/tie/loss 0/0/1


==== pdptw/1000/lr1_10_4/vroom rc=0 wall=47.369
lr1_10_4,31903737,38,46.9,veh=27,dur=48635095,wait=7101358


==== pdptw/1000/lr1_10_5/commiv/s1 rc=0 wall=91.010
instance,n_pairs,bks_veh,veh,bks_dist,dist,gap_pct,ms,dur,wait
lr1_10_5,524,58,67,59053.669,54925.711,-6.99,91002,110156.668,45230.957
summary: 1 instances, mean dist gap -6.99%, vehicles win/tie/loss 0/0/1


==== pdptw/1000/lr1_10_5/vroom rc=0 wall=22.131
lr1_10_5,58183569,70,21.7,veh=58,dur=97113265,wait=29629696


==== pdptw/1000/lr1_10_6/commiv/s1 rc=0 wall=91.272
instance,n_pairs,bks_veh,veh,bks_dist,dist,gap_pct,ms,dur,wait
lr1_10_6,524,46,55,51058.519,46551.207,-8.83,91264,90575.323,34024.116
summary: 1 instances, mean dist gap -8.83%, vehicles win/tie/loss 0/0/1


==== pdptw/1000/lr1_10_6/vroom rc=0 wall=29.278
lr1_10_6,46806588,72,28.9,veh=46,dur=76994480,wait=20907892


==== pdptw/1000/lr1_10_7/commiv/s1 rc=0 wall=91.298
instance,n_pairs,bks_veh,veh,bks_dist,dist,gap_pct,ms,dur,wait
lr1_10_7,523,35,41,38563.210,37237.003,-3.44,91289,68347.283,21110.280
summary: 1 instances, mean dist gap -3.44%, vehicles win/tie/loss 0/0/1


==== pdptw/1000/lr1_10_7/vroom rc=0 wall=40.902
lr1_10_7,37183378,54,40.5,veh=35,dur=60043125,wait=13399747


==== pdptw/1000/lr1_10_8/commiv/s1 rc=0 wall=91.970
instance,n_pairs,bks_veh,veh,bks_dist,dist,gap_pct,ms,dur,wait
lr1_10_8,523,24,30,29613.261,28137.240,-4.98,91961,51671.817,13534.577
summary: 1 instances, mean dist gap -4.98%, vehicles win/tie/loss 0/0/1


==== pdptw/1000/lr1_10_8/vroom rc=0 wall=54.300
lr1_10_8,29008717,48,53.9,veh=24,dur=43413809,wait=4875092


==== pdptw/1000/lr1_10_9/commiv/s1 rc=0 wall=91.361
instance,n_pairs,bks_veh,veh,bks_dist,dist,gap_pct,ms,dur,wait
lr1_10_9,523,47,54,54582.251,49539.679,-9.24,91352,89347.400,29807.721
summary: 1 instances, mean dist gap -9.24%, vehicles win/tie/loss 0/0/1


==== pdptw/1000/lr1_10_9/vroom rc=0 wall=20.841
lr1_10_9,49633114,58,20.4,veh=47,dur=78408326,wait=19355212


==== pdptw/1000/lr2_10_1/commiv/s1 rc=0 wall=93.613
instance,n_pairs,bks_veh,veh,bks_dist,dist,gap_pct,ms,dur,wait
lr2_10_1,503,17,19,62859.299,45718.585,-27.27,93605,122306.419,66587.834
summary: 1 instances, mean dist gap -27.27%, vehicles win/tie/loss 0/0/1


==== pdptw/1000/lr2_10_1/vroom rc=0 wall=18.906
lr2_10_1,59693203,62,18.5,veh=17,dur=111015813,wait=41942610


==== pdptw/1000/lr2_10_10/commiv/s1 rc=0 wall=95.956
instance,n_pairs,bks_veh,veh,bks_dist,dist,gap_pct,ms,dur,wait
lr2_10_10,502,10,12,44888.991,41890.805,-6.68,95948,75464.182,23573.377
summary: 1 instances, mean dist gap -6.68%, vehicles win/tie/loss 0/0/1


==== pdptw/1000/lr2_10_10/vroom rc=0 wall=21.479
lr2_10_10,42900460,92,21.1,veh=10,dur=64056106,wait=12075646


==== pdptw/1000/lr2_10_2/commiv/s1 rc=0 wall=93.242
instance,n_pairs,bks_veh,veh,bks_dist,dist,gap_pct,ms,dur,wait
lr2_10_2,504,14,17,51357.316,43388.479,-15.52,93234,106535.359,53146.880
summary: 1 instances, mean dist gap -15.52%, vehicles win/tie/loss 0/0/1


==== pdptw/1000/lr2_10_2/vroom rc=0 wall=28.375
lr2_10_2,51390136,56,28.0,veh=14,dur=91892195,wait=31062059


==== pdptw/1000/lr2_10_3/commiv/s1 rc=0 wall=95.898
instance,n_pairs,bks_veh,veh,bks_dist,dist,gap_pct,ms,dur,wait
lr2_10_3,505,10,13,42908.342,35734.978,-16.72,95889,82117.051,36382.073
summary: 1 instances, mean dist gap -16.72%, vehicles win/tie/loss 0/0/1


==== pdptw/1000/lr2_10_3/vroom rc=0 wall=49.081
lr2_10_3,41006102,64,48.7,veh=10,dur=66302240,wait=15936138


==== pdptw/1000/lr2_10_4/commiv/s1 rc=0 wall=101.042
instance,n_pairs,bks_veh,veh,bks_dist,dist,gap_pct,ms,dur,wait
lr2_10_4,504,8,10,26595.394,26893.499,1.12,101034,62388.402,25494.903
summary: 1 instances, mean dist gap 1.12%, vehicles win/tie/loss 0/0/1


==== pdptw/1000/lr2_10_4/vroom rc=0 wall=78.688
lr2_10_4,33132721,16,78.3,veh=8,dur=55229770,wait=12257049


==== pdptw/1000/lr2_10_5/commiv/s1 rc=0 wall=94.297
instance,n_pairs,bks_veh,veh,bks_dist,dist,gap_pct,ms,dur,wait
lr2_10_5,504,13,15,54951.132,49881.225,-9.23,94289,96011.084,36129.859
summary: 1 instances, mean dist gap -9.23%, vehicles win/tie/loss 0/0/1


==== pdptw/1000/lr2_10_5/vroom rc=0 wall=20.010
lr2_10_5,50579393,66,19.6,veh=13,dur=84241988,wait=24322595


==== pdptw/1000/lr2_10_6/commiv/s1 rc=0 wall=94.440
instance,n_pairs,bks_veh,veh,bks_dist,dist,gap_pct,ms,dur,wait
lr2_10_6,506,11,13,46253.379,48830.536,5.57,94432,82628.677,23798.141
summary: 1 instances, mean dist gap 5.57%, vehicles win/tie/loss 0/0/1


==== pdptw/1000/lr2_10_6/vroom rc=0 wall=33.034
lr2_10_6,45454875,56,32.6,veh=11,dur=71537988,wait=16643113


==== pdptw/1000/lr2_10_7/commiv/s1 rc=0 wall=97.516
instance,n_pairs,bks_veh,veh,bks_dist,dist,gap_pct,ms,dur,wait
lr2_10_7,505,8,11,39648.542,33345.188,-15.90,97507,68591.195,25246.007
summary: 1 instances, mean dist gap -15.90%, vehicles win/tie/loss 0/0/1


==== pdptw/1000/lr2_10_7/vroom rc=0 wall=54.242
lr2_10_7,37317963,74,53.8,veh=8,dur=53100529,wait=6512566


==== pdptw/1000/lr2_10_8/commiv/s1 rc=0 wall=110.061
instance,n_pairs,bks_veh,veh,bks_dist,dist,gap_pct,ms,dur,wait
lr2_10_8,504,6,8,26742.311,27414.193,2.51,110052,51095.398,13681.205
summary: 1 instances, mean dist gap 2.51%, vehicles win/tie/loss 0/0/1


==== pdptw/1000/lr2_10_8/vroom rc=0 wall=89.892
lr2_10_8,27386452,42,89.5,veh=6,dur=41663511,wait=4697059


==== pdptw/1000/lr2_10_9/commiv/s1 rc=0 wall=93.575
instance,n_pairs,bks_veh,veh,bks_dist,dist,gap_pct,ms,dur,wait
lr2_10_9,504,12,15,50781.831,44082.123,-13.19,93567,94914.048,40831.925
summary: 1 instances, mean dist gap -13.19%, vehicles win/tie/loss 0/0/1


==== pdptw/1000/lr2_10_9/vroom rc=0 wall=20.045
lr2_10_9,48669393,72,19.6,veh=12,dur=77876124,wait=19926731


==== pdptw/1000/lrc1_10_1/commiv/s1 rc=0 wall=90.972
instance,n_pairs,bks_veh,veh,bks_dist,dist,gap_pct,ms,dur,wait
lrc1_10_1,527,82,85,49111.766,49045.635,-0.13,90964,120785.187,61739.552
summary: 1 instances, mean dist gap -0.13%, vehicles win/tie/loss 0/0/1


==== pdptw/1000/lrc1_10_1/vroom rc=0 wall=25.642
lrc1_10_1,48866580,18,25.2,veh=82,dur=118509232,wait=59812652


==== pdptw/1000/lrc1_10_10/commiv/s1 rc=0 wall=90.790
instance,n_pairs,bks_veh,veh,bks_dist,dist,gap_pct,ms,dur,wait
lrc1_10_10,522,47,52,36539.031,35798.798,-2.03,90781,78143.931,32345.133
summary: 1 instances, mean dist gap -2.03%, vehicles win/tie/loss 0/0/1


==== pdptw/1000/lrc1_10_10/vroom rc=0 wall=19.257
lrc1_10_10,36331394,70,18.8,veh=47,dur=71692660,wait=26061266


==== pdptw/1000/lrc1_10_2/commiv/s1 rc=0 wall=91.084
instance,n_pairs,bks_veh,veh,bks_dist,dist,gap_pct,ms,dur,wait
lrc1_10_2,523,71,73,45547.383,45258.413,-0.63,91074,107750.602,52492.189
summary: 1 instances, mean dist gap -0.63%, vehicles win/tie/loss 0/0/1


==== pdptw/1000/lrc1_10_2/vroom rc=0 wall=29.014
lrc1_10_2,45914060,26,28.6,veh=71,dur=104160288,wait=48506228


==== pdptw/1000/lrc1_10_3/commiv/s1 rc=0 wall=90.940
instance,n_pairs,bks_veh,veh,bks_dist,dist,gap_pct,ms,dur,wait
lrc1_10_3,524,53,55,35616.843,35497.168,-0.34,90930,79714.447,34217.279
summary: 1 instances, mean dist gap -0.34%, vehicles win/tie/loss 0/0/1


==== pdptw/1000/lrc1_10_3/vroom rc=0 wall=35.389
lrc1_10_3,37291595,22,34.9,veh=53,dur=77646861,wait=30575266


==== pdptw/1000/lrc1_10_4/commiv/s1 rc=0 wall=91.596
instance,n_pairs,bks_veh,veh,bks_dist,dist,gap_pct,ms,dur,wait
lrc1_10_4,521,40,42,27211.869,27947.265,2.70,91587,62611.751,24664.486
summary: 1 instances, mean dist gap 2.70%, vehicles win/tie/loss 0/0/1


==== pdptw/1000/lrc1_10_4/vroom rc=0 wall=43.274
lrc1_10_4,29330498,14,42.8,veh=40,dur=60583952,wait=21393454


==== pdptw/1000/lrc1_10_5/commiv/s1 rc=0 wall=90.978
instance,n_pairs,bks_veh,veh,bks_dist,dist,gap_pct,ms,dur,wait
lrc1_10_5,526,72,76,50323.034,50078.406,-0.49,90969,112702.970,52624.564
summary: 1 instances, mean dist gap -0.49%, vehicles win/tie/loss 0/0/1


==== pdptw/1000/lrc1_10_5/vroom rc=0 wall=24.498
lrc1_10_5,50493441,48,24.1,veh=72,dur=106673741,wait=46650300


==== pdptw/1000/lrc1_10_6/commiv/s1 rc=0 wall=90.811
instance,n_pairs,bks_veh,veh,bks_dist,dist,gap_pct,ms,dur,wait
lrc1_10_6,523,67,70,45115.212,44354.638,-1.69,90802,104749.538,50394.900
summary: 1 instances, mean dist gap -1.69%, vehicles win/tie/loss 0/0/1


==== pdptw/1000/lrc1_10_6/vroom rc=0 wall=23.326
lrc1_10_6,43321538,40,22.9,veh=67,dur=99808114,wait=46886576


==== pdptw/1000/lrc1_10_7/commiv/s1 rc=0 wall=90.720
instance,n_pairs,bks_veh,veh,bks_dist,dist,gap_pct,ms,dur,wait
lrc1_10_7,523,60,65,41560.515,40796.114,-1.84,90711,96134.221,45338.107
summary: 1 instances, mean dist gap -1.84%, vehicles win/tie/loss 0/0/1


==== pdptw/1000/lrc1_10_7/vroom rc=0 wall=21.889
lrc1_10_7,42197296,52,21.4,veh=60,dur=90689540,wait=39012244


==== pdptw/1000/lrc1_10_8/commiv/s1 rc=0 wall=90.727
instance,n_pairs,bks_veh,veh,bks_dist,dist,gap_pct,ms,dur,wait
lrc1_10_8,522,55,62,40770.091,40222.885,-1.34,90718,91048.401,40825.516
summary: 1 instances, mean dist gap -1.34%, vehicles win/tie/loss 0/0/1


==== pdptw/1000/lrc1_10_8/vroom rc=0 wall=20.102
lrc1_10_8,40944422,48,19.6,veh=55,dur=82348251,wait=31883829


==== pdptw/1000/lrc1_10_9/commiv/s1 rc=0 wall=91.001
instance,n_pairs,bks_veh,veh,bks_dist,dist,gap_pct,ms,dur,wait
lrc1_10_9,524,52,58,40934.260,39649.498,-3.14,90992,89150.505,39501.007
summary: 1 instances, mean dist gap -3.14%, vehicles win/tie/loss 0/0/1


==== pdptw/1000/lrc1_10_9/vroom rc=0 wall=19.822
lrc1_10_9,37741795,78,19.4,veh=52,dur=80580549,wait=33618754


==== pdptw/1000/lrc2_10_1/commiv/s1 rc=0 wall=91.619
instance,n_pairs,bks_veh,veh,bks_dist,dist,gap_pct,ms,dur,wait
lrc2_10_1,507,22,23,34463.455,33009.141,-4.22,91611,136106.905,93097.764
summary: 1 instances, mean dist gap -4.22%, vehicles win/tie/loss 0/0/1


==== pdptw/1000/lrc2_10_1/vroom rc=0 wall=23.034
lrc2_10_1,35346436,20,22.6,veh=22,dur=130474862,wait=85328426


==== pdptw/1000/lrc2_10_10/commiv/s1 rc=0 wall=92.068
instance,n_pairs,bks_veh,veh,bks_dist,dist,gap_pct,ms,dur,wait
lrc2_10_10,504,11,13,29085.280,28043.076,-3.58,92060,73531.511,35488.435
summary: 1 instances, mean dist gap -3.58%, vehicles win/tie/loss 0/0/1


==== pdptw/1000/lrc2_10_10/vroom rc=0 wall=25.694
lrc2_10_10,34704466,34,25.3,veh=11,dur=66943500,wait=22579034


==== pdptw/1000/lrc2_10_2/commiv/s1 rc=0 wall=92.496
instance,n_pairs,bks_veh,veh,bks_dist,dist,gap_pct,ms,dur,wait
lrc2_10_2,505,19,22,38619.114,29691.067,-23.12,92488,127041.617,87350.550
summary: 1 instances, mean dist gap -23.12%, vehicles win/tie/loss 0/0/1


==== pdptw/1000/lrc2_10_2/vroom rc=0 wall=25.595
lrc2_10_2,33757926,44,25.2,veh=19,dur=111762465,wait=68444539


==== pdptw/1000/lrc2_10_3/commiv/s1 rc=0 wall=92.315
instance,n_pairs,bks_veh,veh,bks_dist,dist,gap_pct,ms,dur,wait
lrc2_10_3,507,16,18,27218.067,27187.026,-0.11,92307,104246.835,67059.809
summary: 1 instances, mean dist gap -0.11%, vehicles win/tie/loss 0/0/1


==== pdptw/1000/lrc2_10_3/vroom rc=0 wall=40.766
lrc2_10_3,33029089,26,40.4,veh=16,dur=93246038,wait=50476949


==== pdptw/1000/lrc2_10_4/commiv/s1 rc=0 wall=95.616
instance,n_pairs,bks_veh,veh,bks_dist,dist,gap_pct,ms,dur,wait
lrc2_10_4,506,11,13,23212.440,23423.611,0.91,95608,75722.048,42298.437
summary: 1 instances, mean dist gap 0.91%, vehicles win/tie/loss 0/0/1


==== pdptw/1000/lrc2_10_4/vroom rc=0 wall=62.455
lrc2_10_4,26953229,16,62.1,veh=11,dur=65990030,wait=29196801


==== pdptw/1000/lrc2_10_5/commiv/s1 rc=0 wall=91.570
instance,n_pairs,bks_veh,veh,bks_dist,dist,gap_pct,ms,dur,wait
lrc2_10_5,504,16,19,40638.116,30872.257,-24.03,91562,113024.463,72152.206
summary: 1 instances, mean dist gap -24.03%, vehicles win/tie/loss 0/0/1


==== pdptw/1000/lrc2_10_5/vroom rc=0 wall=15.887
lrc2_10_5,39164709,74,15.5,veh=16,dur=97067864,wait=48643155


==== pdptw/1000/lrc2_10_6/commiv/s1 rc=0 wall=91.956
instance,n_pairs,bks_veh,veh,bks_dist,dist,gap_pct,ms,dur,wait
lrc2_10_6,504,17,18,30910.641,29593.044,-4.26,91946,105718.629,66125.585
summary: 1 instances, mean dist gap -4.26%, vehicles win/tie/loss 0/0/1


==== pdptw/1000/lrc2_10_6/vroom rc=0 wall=17.976
lrc2_10_6,36961410,26,17.6,veh=17,dur=100747370,wait=54045960


==== pdptw/1000/lrc2_10_7/commiv/s1 rc=0 wall=92.377
instance,n_pairs,bks_veh,veh,bks_dist,dist,gap_pct,ms,dur,wait
lrc2_10_7,505,15,18,33275.234,28295.609,-14.96,92370,105184.529,66888.920
summary: 1 instances, mean dist gap -14.96%, vehicles win/tie/loss 0/0/1


==== pdptw/1000/lrc2_10_7/vroom rc=0 wall=19.115
lrc2_10_7,38705502,50,18.7,veh=15,dur=91379465,wait=43173963

